tool,PDB file,Distance
af3-multi,ak2_seed-0_sample-0_model.pdb,6.157986640930176
af3-multi,ak2_seed-0_sample-1_model.pdb,6.240835189819336
af3-multi,ak2_seed-0_sample-2_model.pdb,6.317626953125
af3-multi,ak2_seed-0_sample-3_model.pdb,6.30192756652832
af3-multi,ak2_seed-0_sample-4_model.pdb,6.263643264770508
af3-multi,ak2_seed-1_sample-0_model.pdb,6.186745643615723
af3-multi,ak2_seed-1_sample-1_model.pdb,6.292984962463379
af3-multi,ak2_seed-1_sample-2_model.pdb,6.407487392425537
af3-multi,ak2_seed-1_sample-3_model.pdb,6.162532329559326
af3-multi,ak2_seed-1_sample-4_model.pdb,6.2970404624938965
af3-multi,ak2_seed-2_sample-0_model.pdb,6.25636625289917
af3-multi,ak2_seed-2_sample-1_model.pdb,6.2558417320251465
af3-multi,ak2_seed-2_sample-2_model.pdb,6.209659576416016
af3-multi,ak2_seed-2_sample-3_model.pdb,6.267934322357178
af3-multi,ak2_seed-2_sample-4_model.pdb,6.223339557647705
af3-multi,ak2_seed-3_sample-0_model.pdb,6.289745807647705
af3-multi,ak2_seed-3_sample-1_model.pdb,6.233509063720703
af3-multi,ak2_seed-3_sample-2_model.pdb,6.1934123039245605
af3-multi,ak2_seed-3_sample-3_model.pdb,6.335417747497559
af3-multi,ak2_seed-3_sample-4_model.pdb,6.312376022338867
af3-multi,ak2_seed-4_sample-0_model.pdb,6.28457498550415
af3-multi,ak2_seed-4_sample-1_model.pdb,6.3134870529174805
af3-multi,ak2_seed-4_sample-2_model.pdb,6.288143634796143
af3-multi,ak2_seed-4_sample-3_model.pdb,6.243245124816895
af3-multi,ak2_seed-4_sample-4_model.pdb,6.269297122955322
af3-multi,ak2_seed-5_sample-0_model.pdb,6.319413661956787
af3-multi,ak2_seed-5_sample-1_model.pdb,6.249383926391602
af3-multi,ak2_seed-5_sample-2_model.pdb,6.2462477684021
af3-multi,ak2_seed-5_sample-3_model.pdb,6.294954299926758
af3-multi,ak2_seed-5_sample-4_model.pdb,6.343204975128174
af3-multi,ak2_seed-6_sample-0_model.pdb,6.497991561889648
af3-multi,ak2_seed-6_sample-1_model.pdb,6.209950923919678
af3-multi,ak2_seed-6_sample-2_model.pdb,6.411946296691895
af3-multi,ak2_seed-6_sample-3_model.pdb,6.350980281829834
af3-multi,ak2_seed-6_sample-4_model.pdb,6.364995956420898
af3-multi,ak2_seed-7_sample-0_model.pdb,6.221821308135986
af3-multi,ak2_seed-7_sample-1_model.pdb,6.185426712036133
af3-multi,ak2_seed-7_sample-2_model.pdb,6.253433227539063
af3-multi,ak2_seed-7_sample-3_model.pdb,6.199521064758301
af3-multi,ak2_seed-7_sample-4_model.pdb,6.255299091339111
af3-multi,ak2_seed-8_sample-0_model.pdb,6.3097991943359375
af3-multi,ak2_seed-8_sample-1_model.pdb,6.24902868270874
af3-multi,ak2_seed-8_sample-2_model.pdb,6.484079360961914
af3-multi,ak2_seed-8_sample-3_model.pdb,6.240843296051025
af3-multi,ak2_seed-8_sample-4_model.pdb,6.195688247680664
af3-multi,ak2_seed-9_sample-0_model.pdb,6.228095054626465
af3-multi,ak2_seed-9_sample-1_model.pdb,6.214940071105957
af3-multi,ak2_seed-9_sample-2_model.pdb,6.300026893615723
af3-multi,ak2_seed-9_sample-3_model.pdb,6.29074239730835
af3-multi,ak2_seed-9_sample-4_model.pdb,6.235828399658203
af3-multi,ak2_seed-10_sample-0_model.pdb,6.246201515197754
af3-multi,ak2_seed-10_sample-1_model.pdb,6.171308994293213
af3-multi,ak2_seed-10_sample-2_model.pdb,6.411538124084473
af3-multi,ak2_seed-10_sample-3_model.pdb,6.197429180145264
af3-multi,ak2_seed-10_sample-4_model.pdb,6.370073318481445
af3-multi,ak2_seed-11_sample-0_model.pdb,6.3473005294799805
af3-multi,ak2_seed-11_sample-1_model.pdb,6.246774673461914
af3-multi,ak2_seed-11_sample-2_model.pdb,6.22691822052002
af3-multi,ak2_seed-11_sample-3_model.pdb,6.253011703491211
af3-multi,ak2_seed-11_sample-4_model.pdb,6.315650463104248
af3-multi,ak2_seed-12_sample-0_model.pdb,6.35475492477417
af3-multi,ak2_seed-12_sample-1_model.pdb,6.290977954864502
af3-multi,ak2_seed-12_sample-2_model.pdb,6.383677959442139
af3-multi,ak2_seed-12_sample-3_model.pdb,6.325233936309815
af3-multi,ak2_seed-12_sample-4_model.pdb,6.369379043579102
af3-multi,ak2_seed-13_sample-0_model.pdb,6.314126491546631
af3-multi,ak2_seed-13_sample-1_model.pdb,6.288579940795898
af3-multi,ak2_seed-13_sample-2_model.pdb,6.365516185760498
af3-multi,ak2_seed-13_sample-3_model.pdb,6.391014575958252
af3-multi,ak2_seed-13_sample-4_model.pdb,6.344557285308838
af3-multi,ak2_seed-14_sample-0_model.pdb,6.26947546005249
af3-multi,ak2_seed-14_sample-1_model.pdb,6.273495197296143
af3-multi,ak2_seed-14_sample-2_model.pdb,6.250140190124512
af3-multi,ak2_seed-14_sample-3_model.pdb,6.234166145324707
af3-multi,ak2_seed-14_sample-4_model.pdb,6.2707600593566895
af3-multi,ak2_seed-15_sample-0_model.pdb,6.278993129730225
af3-multi,ak2_seed-15_sample-1_model.pdb,6.318502426147461
af3-multi,ak2_seed-15_sample-2_model.pdb,6.312877178192139
af3-multi,ak2_seed-15_sample-3_model.pdb,6.268476486206055
af3-multi,ak2_seed-15_sample-4_model.pdb,6.245584011077881
af3-multi,ak2_seed-16_sample-0_model.pdb,6.251414299011231
af3-multi,ak2_seed-16_sample-1_model.pdb,6.27898645401001
af3-multi,ak2_seed-16_sample-2_model.pdb,6.17293643951416
af3-multi,ak2_seed-16_sample-3_model.pdb,6.212156295776367
af3-multi,ak2_seed-16_sample-4_model.pdb,6.256474494934082
af3-multi,ak2_seed-17_sample-0_model.pdb,6.351314544677734
af3-multi,ak2_seed-17_sample-1_model.pdb,6.210878849029541
af3-multi,ak2_seed-17_sample-2_model.pdb,6.275945663452148
af3-multi,ak2_seed-17_sample-3_model.pdb,6.22871732711792
af3-multi,ak2_seed-17_sample-4_model.pdb,6.260526180267334
af3-multi,ak2_seed-18_sample-0_model.pdb,6.283189296722412
af3-multi,ak2_seed-18_sample-1_model.pdb,6.361284732818604
af3-multi,ak2_seed-18_sample-2_model.pdb,6.326961517333984
af3-multi,ak2_seed-18_sample-3_model.pdb,6.36778450012207
af3-multi,ak2_seed-18_sample-4_model.pdb,6.280095100402832
af3-multi,ak2_seed-19_sample-0_model.pdb,6.162000179290772
af3-multi,ak2_seed-19_sample-1_model.pdb,6.297796726226807
af3-multi,ak2_seed-19_sample-2_model.pdb,6.3609619140625
af3-multi,ak2_seed-19_sample-3_model.pdb,6.231666564941406
af3-multi,ak2_seed-19_sample-4_model.pdb,6.160238265991211
af3-multi,ak2_seed-20_sample-0_model.pdb,6.266614437103272
af3-multi,ak2_seed-20_sample-1_model.pdb,6.233120441436768
af3-multi,ak2_seed-20_sample-2_model.pdb,6.305266380310059
af3-multi,ak2_seed-20_sample-3_model.pdb,6.247486591339111
af3-multi,ak2_seed-20_sample-4_model.pdb,6.259181976318359
af3-multi,ak2_seed-21_sample-0_model.pdb,6.240396976470947
af3-multi,ak2_seed-21_sample-1_model.pdb,6.338687896728516
af3-multi,ak2_seed-21_sample-2_model.pdb,6.321103096008301
af3-multi,ak2_seed-21_sample-3_model.pdb,6.297166347503662
af3-multi,ak2_seed-21_sample-4_model.pdb,6.282513618469238
af3-multi,ak2_seed-22_sample-0_model.pdb,6.294316291809082
af3-multi,ak2_seed-22_sample-1_model.pdb,6.258735656738281
af3-multi,ak2_seed-22_sample-2_model.pdb,6.360764503479004
af3-multi,ak2_seed-22_sample-3_model.pdb,6.354350090026856
af3-multi,ak2_seed-22_sample-4_model.pdb,6.299619197845459
af3-multi,ak2_seed-23_sample-0_model.pdb,6.295865058898926
af3-multi,ak2_seed-23_sample-1_model.pdb,6.265087127685547
af3-multi,ak2_seed-23_sample-2_model.pdb,6.217329502105713
af3-multi,ak2_seed-23_sample-3_model.pdb,6.288917064666748
af3-multi,ak2_seed-23_sample-4_model.pdb,6.185810565948486
af3-multi,ak2_seed-24_sample-0_model.pdb,6.338906288146973
af3-multi,ak2_seed-24_sample-1_model.pdb,6.422710418701172
af3-multi,ak2_seed-24_sample-2_model.pdb,6.388963222503662
af3-multi,ak2_seed-24_sample-3_model.pdb,6.190761566162109
af3-multi,ak2_seed-24_sample-4_model.pdb,6.173720359802246
af3-multi,ak2_seed-25_sample-0_model.pdb,6.201710224151611
af3-multi,ak2_seed-25_sample-1_model.pdb,6.250834465026856
af3-multi,ak2_seed-25_sample-2_model.pdb,6.187872409820557
af3-multi,ak2_seed-25_sample-3_model.pdb,6.252840995788574
af3-multi,ak2_seed-25_sample-4_model.pdb,6.260091781616211
af3-multi,ak2_seed-26_sample-0_model.pdb,6.278780937194824
af3-multi,ak2_seed-26_sample-1_model.pdb,6.439393043518066
af3-multi,ak2_seed-26_sample-2_model.pdb,6.196779727935791
af3-multi,ak2_seed-26_sample-3_model.pdb,6.340378761291504
af3-multi,ak2_seed-26_sample-4_model.pdb,6.293743133544922
af3-multi,ak2_seed-27_sample-0_model.pdb,6.297815799713135
af3-multi,ak2_seed-27_sample-1_model.pdb,6.32447624206543
af3-multi,ak2_seed-27_sample-2_model.pdb,6.393112182617188
af3-multi,ak2_seed-27_sample-3_model.pdb,6.13904333114624
af3-multi,ak2_seed-27_sample-4_model.pdb,6.249553203582764
af3-multi,ak2_seed-28_sample-0_model.pdb,6.255527973175049
af3-multi,ak2_seed-28_sample-1_model.pdb,6.222046852111816
af3-multi,ak2_seed-28_sample-2_model.pdb,6.289896488189697
af3-multi,ak2_seed-28_sample-3_model.pdb,6.198112487792969
af3-multi,ak2_seed-28_sample-4_model.pdb,6.188716888427734
af3-multi,ak2_seed-29_sample-0_model.pdb,6.289026737213135
af3-multi,ak2_seed-29_sample-1_model.pdb,6.292311191558838
af3-multi,ak2_seed-29_sample-2_model.pdb,6.209192752838135
af3-multi,ak2_seed-29_sample-3_model.pdb,6.443816184997559
af3-multi,ak2_seed-29_sample-4_model.pdb,6.299688339233398
af3-multi,ak2_seed-30_sample-0_model.pdb,6.199915409088135
af3-multi,ak2_seed-30_sample-1_model.pdb,6.40009880065918
af3-multi,ak2_seed-30_sample-2_model.pdb,6.185229778289795
af3-multi,ak2_seed-30_sample-3_model.pdb,6.2276997566223145
af3-multi,ak2_seed-30_sample-4_model.pdb,6.306323051452637
af3-multi,ak2_seed-31_sample-0_model.pdb,6.242357730865479
af3-multi,ak2_seed-31_sample-1_model.pdb,6.344931602478027
af3-multi,ak2_seed-31_sample-2_model.pdb,6.2209649085998535
af3-multi,ak2_seed-31_sample-3_model.pdb,6.31803035736084
af3-multi,ak2_seed-31_sample-4_model.pdb,6.20661211013794
af3-multi,ak2_seed-32_sample-0_model.pdb,6.319170951843262
af3-multi,ak2_seed-32_sample-1_model.pdb,6.373814582824707
af3-multi,ak2_seed-32_sample-2_model.pdb,6.340363025665283
af3-multi,ak2_seed-32_sample-3_model.pdb,6.262422561645508
af3-multi,ak2_seed-32_sample-4_model.pdb,6.277254581451416
af3-multi,ak2_seed-33_sample-0_model.pdb,6.336082935333252
af3-multi,ak2_seed-33_sample-1_model.pdb,6.271621227264404
af3-multi,ak2_seed-33_sample-2_model.pdb,6.302901744842529
af3-multi,ak2_seed-33_sample-3_model.pdb,6.244635581970215
af3-multi,ak2_seed-33_sample-4_model.pdb,6.244839668273926
af3-multi,ak2_seed-34_sample-0_model.pdb,6.21354866027832
af3-multi,ak2_seed-34_sample-1_model.pdb,6.227386474609375
af3-multi,ak2_seed-34_sample-2_model.pdb,6.337377071380615
af3-multi,ak2_seed-34_sample-3_model.pdb,6.307363986968994
af3-multi,ak2_seed-34_sample-4_model.pdb,6.298044681549072
af3-multi,ak2_seed-35_sample-0_model.pdb,6.225003242492676
af3-multi,ak2_seed-35_sample-1_model.pdb,6.317161560058594
af3-multi,ak2_seed-35_sample-2_model.pdb,6.300039291381836
af3-multi,ak2_seed-35_sample-3_model.pdb,6.415904998779297
af3-multi,ak2_seed-35_sample-4_model.pdb,6.21734094619751
af3-multi,ak2_seed-36_sample-0_model.pdb,6.230666160583496
af3-multi,ak2_seed-36_sample-1_model.pdb,6.13670015335083
af3-multi,ak2_seed-36_sample-2_model.pdb,6.264355659484863
af3-multi,ak2_seed-36_sample-3_model.pdb,6.187076568603516
af3-multi,ak2_seed-36_sample-4_model.pdb,6.2271575927734375
af3-multi,ak2_seed-37_sample-0_model.pdb,6.365575313568115
af3-multi,ak2_seed-37_sample-1_model.pdb,6.335482120513916
af3-multi,ak2_seed-37_sample-2_model.pdb,6.370391368865967
af3-multi,ak2_seed-37_sample-3_model.pdb,6.423474311828613
af3-multi,ak2_seed-37_sample-4_model.pdb,6.191080093383789
af3-multi,ak2_seed-38_sample-0_model.pdb,6.296700954437256
af3-multi,ak2_seed-38_sample-1_model.pdb,6.340307712554932
af3-multi,ak2_seed-38_sample-2_model.pdb,6.359584808349609
af3-multi,ak2_seed-38_sample-3_model.pdb,6.159134864807129
af3-multi,ak2_seed-38_sample-4_model.pdb,6.261023044586182
af3-multi,ak2_seed-39_sample-0_model.pdb,6.264527797698975
af3-multi,ak2_seed-39_sample-1_model.pdb,6.286036968231201
af3-multi,ak2_seed-39_sample-2_model.pdb,6.418892860412598
af3-multi,ak2_seed-39_sample-3_model.pdb,6.238381385803223
af3-multi,ak2_seed-39_sample-4_model.pdb,6.239860534667969
af3-multi,ak2_seed-40_sample-0_model.pdb,6.254073619842529
af3-multi,ak2_seed-40_sample-1_model.pdb,6.274763107299805
af3-multi,ak2_seed-40_sample-2_model.pdb,6.324870586395264
af3-multi,ak2_seed-40_sample-3_model.pdb,6.271359443664551
af3-multi,ak2_seed-40_sample-4_model.pdb,6.273273468017578
af3-multi,ak2_seed-41_sample-0_model.pdb,6.290040969848633
af3-multi,ak2_seed-41_sample-1_model.pdb,6.212791919708252
af3-multi,ak2_seed-41_sample-2_model.pdb,6.4078688621521
af3-multi,ak2_seed-41_sample-3_model.pdb,6.224597454071045
af3-multi,ak2_seed-41_sample-4_model.pdb,6.250309467315674
af3-multi,ak2_seed-42_sample-0_model.pdb,6.351995944976807
af3-multi,ak2_seed-42_sample-1_model.pdb,6.260530948638916
af3-multi,ak2_seed-42_sample-2_model.pdb,6.364264488220215
af3-multi,ak2_seed-42_sample-3_model.pdb,6.263872623443604
af3-multi,ak2_seed-42_sample-4_model.pdb,6.285937309265137
af3-multi,ak2_seed-43_sample-0_model.pdb,6.279966831207275
af3-multi,ak2_seed-43_sample-1_model.pdb,6.357731819152832
af3-multi,ak2_seed-43_sample-2_model.pdb,6.299034118652344
af3-multi,ak2_seed-43_sample-3_model.pdb,6.21023416519165
af3-multi,ak2_seed-43_sample-4_model.pdb,6.202603816986084
af3-multi,ak2_seed-44_sample-0_model.pdb,6.290850162506104
af3-multi,ak2_seed-44_sample-1_model.pdb,6.385203361511231
af3-multi,ak2_seed-44_sample-2_model.pdb,6.285926342010498
af3-multi,ak2_seed-44_sample-3_model.pdb,6.249637603759766
af3-multi,ak2_seed-44_sample-4_model.pdb,6.352741241455078
af3-multi,ak2_seed-45_sample-0_model.pdb,6.286336898803711
af3-multi,ak2_seed-45_sample-1_model.pdb,6.3102126121521
af3-multi,ak2_seed-45_sample-2_model.pdb,6.238619804382324
af3-multi,ak2_seed-45_sample-3_model.pdb,6.312700748443604
af3-multi,ak2_seed-45_sample-4_model.pdb,6.174683094024658
af3-multi,ak2_seed-46_sample-0_model.pdb,6.197032928466797
af3-multi,ak2_seed-46_sample-1_model.pdb,6.271264553070068
af3-multi,ak2_seed-46_sample-2_model.pdb,6.362232685089111
af3-multi,ak2_seed-46_sample-3_model.pdb,6.260335445404053
af3-multi,ak2_seed-46_sample-4_model.pdb,6.338696479797363
af3-multi,ak2_seed-47_sample-0_model.pdb,6.26092004776001
af3-multi,ak2_seed-47_sample-1_model.pdb,6.371604442596436
af3-multi,ak2_seed-47_sample-2_model.pdb,6.237372875213623
af3-multi,ak2_seed-47_sample-3_model.pdb,6.206127643585205
af3-multi,ak2_seed-47_sample-4_model.pdb,6.294351577758789
af3-multi,ak2_seed-48_sample-0_model.pdb,6.235348701477051
af3-multi,ak2_seed-48_sample-1_model.pdb,6.231368541717529
af3-multi,ak2_seed-48_sample-2_model.pdb,6.157553672790527
af3-multi,ak2_seed-48_sample-3_model.pdb,6.35695219039917
af3-multi,ak2_seed-48_sample-4_model.pdb,6.233787536621094
af3-multi,ak2_seed-49_sample-0_model.pdb,6.263664245605469
af3-multi,ak2_seed-49_sample-1_model.pdb,6.276376724243164
af3-multi,ak2_seed-49_sample-2_model.pdb,6.275065898895264
af3-multi,ak2_seed-49_sample-3_model.pdb,6.2980499267578125
af3-multi,ak2_seed-49_sample-4_model.pdb,6.316778659820557
af3-multi,ak2_seed-50_sample-0_model.pdb,6.31820821762085
af3-multi,ak2_seed-50_sample-1_model.pdb,6.2633819580078125
af3-multi,ak2_seed-50_sample-2_model.pdb,6.2987141609191895
af3-multi,ak2_seed-50_sample-3_model.pdb,6.3824238777160645
af3-multi,ak2_seed-50_sample-4_model.pdb,6.252926349639893
af3-multi,ak2_seed-51_sample-0_model.pdb,6.281167030334473
af3-multi,ak2_seed-51_sample-1_model.pdb,6.486092567443848
af3-multi,ak2_seed-51_sample-2_model.pdb,6.336587905883789
af3-multi,ak2_seed-51_sample-3_model.pdb,6.267567157745361
af3-multi,ak2_seed-51_sample-4_model.pdb,6.351949691772461
af3-multi,ak2_seed-52_sample-0_model.pdb,6.2202887535095215
af3-multi,ak2_seed-52_sample-1_model.pdb,6.187900543212891
af3-multi,ak2_seed-52_sample-2_model.pdb,6.312390327453613
af3-multi,ak2_seed-52_sample-3_model.pdb,6.131715774536133
af3-multi,ak2_seed-52_sample-4_model.pdb,6.17899227142334
af3-multi,ak2_seed-53_sample-0_model.pdb,6.260251045227051
af3-multi,ak2_seed-53_sample-1_model.pdb,6.3448004722595215
af3-multi,ak2_seed-53_sample-2_model.pdb,6.3154401779174805
af3-multi,ak2_seed-53_sample-3_model.pdb,6.381758213043213
af3-multi,ak2_seed-53_sample-4_model.pdb,6.3161234855651855
af3-multi,ak2_seed-54_sample-0_model.pdb,6.3062520027160645
af3-multi,ak2_seed-54_sample-1_model.pdb,6.3043317794799805
af3-multi,ak2_seed-54_sample-2_model.pdb,6.319682121276856
af3-multi,ak2_seed-54_sample-3_model.pdb,6.244302749633789
af3-multi,ak2_seed-54_sample-4_model.pdb,6.2012434005737305
af3-multi,ak2_seed-55_sample-0_model.pdb,6.36559009552002
af3-multi,ak2_seed-55_sample-1_model.pdb,6.303788185119629
af3-multi,ak2_seed-55_sample-2_model.pdb,6.298652648925781
af3-multi,ak2_seed-55_sample-3_model.pdb,6.340950965881348
af3-multi,ak2_seed-55_sample-4_model.pdb,6.236996650695801
af3-multi,ak2_seed-56_sample-0_model.pdb,6.258425712585449
af3-multi,ak2_seed-56_sample-1_model.pdb,6.404910087585449
af3-multi,ak2_seed-56_sample-2_model.pdb,6.265596866607666
af3-multi,ak2_seed-56_sample-3_model.pdb,6.238696098327637
af3-multi,ak2_seed-56_sample-4_model.pdb,6.305150985717773
af3-multi,ak2_seed-57_sample-0_model.pdb,6.292069911956787
af3-multi,ak2_seed-57_sample-1_model.pdb,6.217927932739258
af3-multi,ak2_seed-57_sample-2_model.pdb,6.132909774780273
af3-multi,ak2_seed-57_sample-3_model.pdb,6.200522422790527
af3-multi,ak2_seed-57_sample-4_model.pdb,6.211502552032471
af3-multi,ak2_seed-58_sample-0_model.pdb,6.331189155578613
af3-multi,ak2_seed-58_sample-1_model.pdb,6.205975532531738
af3-multi,ak2_seed-58_sample-2_model.pdb,6.242952346801758
af3-multi,ak2_seed-58_sample-3_model.pdb,6.244935035705566
af3-multi,ak2_seed-58_sample-4_model.pdb,6.2348151206970215
af3-multi,ak2_seed-59_sample-0_model.pdb,6.30403470993042
af3-multi,ak2_seed-59_sample-1_model.pdb,6.29108190536499
af3-multi,ak2_seed-59_sample-2_model.pdb,6.238903999328613
af3-multi,ak2_seed-59_sample-3_model.pdb,6.415238380432129
af3-multi,ak2_seed-59_sample-4_model.pdb,6.3671464920043945
af3-multi,ak2_seed-60_sample-0_model.pdb,6.263919830322266
af3-multi,ak2_seed-60_sample-1_model.pdb,6.309338569641113
af3-multi,ak2_seed-60_sample-2_model.pdb,6.33543586730957
af3-multi,ak2_seed-60_sample-3_model.pdb,6.284936904907227
af3-multi,ak2_seed-60_sample-4_model.pdb,6.283576965332031
af3-multi,ak2_seed-61_sample-0_model.pdb,6.3269758224487305
af3-multi,ak2_seed-61_sample-1_model.pdb,6.303884506225586
af3-multi,ak2_seed-61_sample-2_model.pdb,6.237901210784912
af3-multi,ak2_seed-61_sample-3_model.pdb,6.281525611877441
af3-multi,ak2_seed-61_sample-4_model.pdb,6.243803977966309
af3-multi,ak2_seed-62_sample-0_model.pdb,6.421382427215576
af3-multi,ak2_seed-62_sample-1_model.pdb,6.217683792114258
af3-multi,ak2_seed-62_sample-2_model.pdb,6.37986421585083
af3-multi,ak2_seed-62_sample-3_model.pdb,6.3281354904174805
af3-multi,ak2_seed-62_sample-4_model.pdb,6.274196147918701
af3-multi,ak2_seed-63_sample-0_model.pdb,6.300018787384033
af3-multi,ak2_seed-63_sample-1_model.pdb,6.449642181396484
af3-multi,ak2_seed-63_sample-2_model.pdb,6.3563008308410645
af3-multi,ak2_seed-63_sample-3_model.pdb,6.169187068939209
af3-multi,ak2_seed-63_sample-4_model.pdb,6.209051609039307
af3-multi,ak2_seed-64_sample-0_model.pdb,6.25242805480957
af3-multi,ak2_seed-64_sample-1_model.pdb,6.4080810546875
af3-multi,ak2_seed-64_sample-2_model.pdb,6.314004898071289
af3-multi,ak2_seed-64_sample-3_model.pdb,6.383686542510986
af3-multi,ak2_seed-64_sample-4_model.pdb,6.246462821960449
af3-multi,ak2_seed-65_sample-0_model.pdb,6.198301792144775
af3-multi,ak2_seed-65_sample-1_model.pdb,6.335716724395752
af3-multi,ak2_seed-65_sample-2_model.pdb,6.305837631225586
af3-multi,ak2_seed-65_sample-3_model.pdb,6.19423770904541
af3-multi,ak2_seed-65_sample-4_model.pdb,6.304408073425293
af3-multi,ak2_seed-66_sample-0_model.pdb,6.241435050964356
af3-multi,ak2_seed-66_sample-1_model.pdb,6.194316387176514
af3-multi,ak2_seed-66_sample-2_model.pdb,6.331153392791748
af3-multi,ak2_seed-66_sample-3_model.pdb,6.264931678771973
af3-multi,ak2_seed-66_sample-4_model.pdb,6.169313907623291
af3-multi,ak2_seed-67_sample-0_model.pdb,6.280508518218994
af3-multi,ak2_seed-67_sample-1_model.pdb,6.271476745605469
af3-multi,ak2_seed-67_sample-2_model.pdb,6.276286602020264
af3-multi,ak2_seed-67_sample-3_model.pdb,6.227303981781006
af3-multi,ak2_seed-67_sample-4_model.pdb,6.233330249786377
af3-multi,ak2_seed-68_sample-0_model.pdb,6.241054058074951
af3-multi,ak2_seed-68_sample-1_model.pdb,6.267666339874268
af3-multi,ak2_seed-68_sample-2_model.pdb,6.3281660079956055
af3-multi,ak2_seed-68_sample-3_model.pdb,6.27244234085083
af3-multi,ak2_seed-68_sample-4_model.pdb,6.288650035858154
af3-multi,ak2_seed-69_sample-0_model.pdb,6.32631778717041
af3-multi,ak2_seed-69_sample-1_model.pdb,6.26366138458252
af3-multi,ak2_seed-69_sample-2_model.pdb,6.268454551696777
af3-multi,ak2_seed-69_sample-3_model.pdb,6.260766506195068
af3-multi,ak2_seed-69_sample-4_model.pdb,6.219723701477051
af3-multi,ak2_seed-70_sample-0_model.pdb,6.184980392456055
af3-multi,ak2_seed-70_sample-1_model.pdb,6.2098493576049805
af3-multi,ak2_seed-70_sample-2_model.pdb,8.826692581176758
af3-multi,ak2_seed-70_sample-3_model.pdb,6.302985191345215
af3-multi,ak2_seed-70_sample-4_model.pdb,6.211628437042236
af3-multi,ak2_seed-71_sample-0_model.pdb,6.371452808380127
af3-multi,ak2_seed-71_sample-1_model.pdb,6.41858434677124
af3-multi,ak2_seed-71_sample-2_model.pdb,6.291313648223877
af3-multi,ak2_seed-71_sample-3_model.pdb,6.372889995574951
af3-multi,ak2_seed-71_sample-4_model.pdb,6.17769718170166
af3-multi,ak2_seed-72_sample-0_model.pdb,6.399899482727051
af3-multi,ak2_seed-72_sample-1_model.pdb,6.237312316894531
af3-multi,ak2_seed-72_sample-2_model.pdb,6.269956111907959
af3-multi,ak2_seed-72_sample-3_model.pdb,6.366156578063965
af3-multi,ak2_seed-72_sample-4_model.pdb,6.273670673370361
af3-multi,ak2_seed-73_sample-0_model.pdb,6.303491592407227
af3-multi,ak2_seed-73_sample-1_model.pdb,6.184756755828857
af3-multi,ak2_seed-73_sample-2_model.pdb,6.299149513244629
af3-multi,ak2_seed-73_sample-3_model.pdb,6.223288059234619
af3-multi,ak2_seed-73_sample-4_model.pdb,6.276291370391846
af3-multi,ak2_seed-74_sample-0_model.pdb,6.3426289558410645
af3-multi,ak2_seed-74_sample-1_model.pdb,6.271603107452393
af3-multi,ak2_seed-74_sample-2_model.pdb,6.309698104858398
af3-multi,ak2_seed-74_sample-3_model.pdb,6.300368309020996
af3-multi,ak2_seed-74_sample-4_model.pdb,6.228593826293945
af3-multi,ak2_seed-75_sample-0_model.pdb,6.284377574920654
af3-multi,ak2_seed-75_sample-1_model.pdb,6.271466255187988
af3-multi,ak2_seed-75_sample-2_model.pdb,6.326592445373535
af3-multi,ak2_seed-75_sample-3_model.pdb,6.255346298217773
af3-multi,ak2_seed-75_sample-4_model.pdb,6.374955177307129
af3-multi,ak2_seed-76_sample-0_model.pdb,6.3081464767456055
af3-multi,ak2_seed-76_sample-1_model.pdb,6.378495216369629
af3-multi,ak2_seed-76_sample-2_model.pdb,6.217466831207275
af3-multi,ak2_seed-76_sample-3_model.pdb,6.263954639434815
af3-multi,ak2_seed-76_sample-4_model.pdb,6.257277965545654
af3-multi,ak2_seed-77_sample-0_model.pdb,6.237401008605957
af3-multi,ak2_seed-77_sample-1_model.pdb,6.260689735412598
af3-multi,ak2_seed-77_sample-2_model.pdb,6.302579879760742
af3-multi,ak2_seed-77_sample-3_model.pdb,6.331850528717041
af3-multi,ak2_seed-77_sample-4_model.pdb,6.381725788116455
af3-multi,ak2_seed-78_sample-0_model.pdb,6.197882175445557
af3-multi,ak2_seed-78_sample-1_model.pdb,6.207015514373779
af3-multi,ak2_seed-78_sample-2_model.pdb,6.264572620391846
af3-multi,ak2_seed-78_sample-3_model.pdb,6.2755513191223145
af3-multi,ak2_seed-78_sample-4_model.pdb,6.270584583282471
af3-multi,ak2_seed-79_sample-0_model.pdb,6.184860706329346
af3-multi,ak2_seed-79_sample-1_model.pdb,6.176418304443359
af3-multi,ak2_seed-79_sample-2_model.pdb,6.308441638946533
af3-multi,ak2_seed-79_sample-3_model.pdb,6.233013153076172
af3-multi,ak2_seed-79_sample-4_model.pdb,6.285877227783203
af3-multi,ak2_seed-80_sample-0_model.pdb,6.2652740478515625
af3-multi,ak2_seed-80_sample-1_model.pdb,6.341955661773682
af3-multi,ak2_seed-80_sample-2_model.pdb,6.278524398803711
af3-multi,ak2_seed-80_sample-3_model.pdb,6.25803804397583
af3-multi,ak2_seed-80_sample-4_model.pdb,6.310009956359863
af3-multi,ak2_seed-81_sample-0_model.pdb,6.325018405914307
af3-multi,ak2_seed-81_sample-1_model.pdb,6.292572021484375
af3-multi,ak2_seed-81_sample-2_model.pdb,6.21014404296875
af3-multi,ak2_seed-81_sample-3_model.pdb,6.29571008682251
af3-multi,ak2_seed-81_sample-4_model.pdb,6.164980888366699
af3-multi,ak2_seed-82_sample-0_model.pdb,6.198831558227539
af3-multi,ak2_seed-82_sample-1_model.pdb,6.265384674072266
af3-multi,ak2_seed-82_sample-2_model.pdb,6.194773197174072
af3-multi,ak2_seed-82_sample-3_model.pdb,6.275397300720215
af3-multi,ak2_seed-82_sample-4_model.pdb,6.258333683013916
af3-multi,ak2_seed-83_sample-0_model.pdb,6.205022811889648
af3-multi,ak2_seed-83_sample-1_model.pdb,6.334193706512451
af3-multi,ak2_seed-83_sample-2_model.pdb,6.203213691711426
af3-multi,ak2_seed-83_sample-3_model.pdb,6.2575883865356445
af3-multi,ak2_seed-83_sample-4_model.pdb,6.306612014770508
af3-multi,ak2_seed-84_sample-0_model.pdb,6.303206920623779
af3-multi,ak2_seed-84_sample-1_model.pdb,6.253811359405518
af3-multi,ak2_seed-84_sample-2_model.pdb,6.249688625335693
af3-multi,ak2_seed-84_sample-3_model.pdb,6.228147506713867
af3-multi,ak2_seed-84_sample-4_model.pdb,6.321362495422363
af3-multi,ak2_seed-85_sample-0_model.pdb,6.155374526977539
af3-multi,ak2_seed-85_sample-1_model.pdb,6.358893871307373
af3-multi,ak2_seed-85_sample-2_model.pdb,6.207952976226807
af3-multi,ak2_seed-85_sample-3_model.pdb,6.221007347106934
af3-multi,ak2_seed-85_sample-4_model.pdb,6.23289966583252
af3-multi,ak2_seed-86_sample-0_model.pdb,6.312707901000977
af3-multi,ak2_seed-86_sample-1_model.pdb,6.327917098999023
af3-multi,ak2_seed-86_sample-2_model.pdb,6.455630779266357
af3-multi,ak2_seed-86_sample-3_model.pdb,6.222881317138672
af3-multi,ak2_seed-86_sample-4_model.pdb,6.327417850494385
af3-multi,ak2_seed-87_sample-0_model.pdb,6.289847373962402
af3-multi,ak2_seed-87_sample-1_model.pdb,6.253028869628906
af3-multi,ak2_seed-87_sample-2_model.pdb,6.328616142272949
af3-multi,ak2_seed-87_sample-3_model.pdb,6.2536211013793945
af3-multi,ak2_seed-87_sample-4_model.pdb,6.300957202911377
af3-multi,ak2_seed-88_sample-0_model.pdb,6.283950805664063
af3-multi,ak2_seed-88_sample-1_model.pdb,6.343366146087647
af3-multi,ak2_seed-88_sample-2_model.pdb,6.249576091766357
af3-multi,ak2_seed-88_sample-3_model.pdb,6.156198978424072
af3-multi,ak2_seed-88_sample-4_model.pdb,6.250601768493652
af3-multi,ak2_seed-89_sample-0_model.pdb,6.262628078460693
af3-multi,ak2_seed-89_sample-1_model.pdb,6.26731538772583
af3-multi,ak2_seed-89_sample-2_model.pdb,6.269490718841553
af3-multi,ak2_seed-89_sample-3_model.pdb,6.289885520935059
af3-multi,ak2_seed-89_sample-4_model.pdb,6.195420742034912
af3-multi,ak2_seed-90_sample-0_model.pdb,6.378755569458008
af3-multi,ak2_seed-90_sample-1_model.pdb,6.338975429534912
af3-multi,ak2_seed-90_sample-2_model.pdb,6.372457981109619
af3-multi,ak2_seed-90_sample-3_model.pdb,6.232855796813965
af3-multi,ak2_seed-90_sample-4_model.pdb,6.248414993286133
af3-multi,ak2_seed-91_sample-0_model.pdb,6.235413074493408
af3-multi,ak2_seed-91_sample-1_model.pdb,6.305158615112305
af3-multi,ak2_seed-91_sample-2_model.pdb,6.218347072601318
af3-multi,ak2_seed-91_sample-3_model.pdb,6.324709892272949
af3-multi,ak2_seed-91_sample-4_model.pdb,6.286619663238525
af3-multi,ak2_seed-92_sample-0_model.pdb,6.2339043617248535
af3-multi,ak2_seed-92_sample-1_model.pdb,6.225167751312256
af3-multi,ak2_seed-92_sample-2_model.pdb,6.279288768768311
af3-multi,ak2_seed-92_sample-3_model.pdb,6.280366897583008
af3-multi,ak2_seed-92_sample-4_model.pdb,6.270534992218018
af3-multi,ak2_seed-93_sample-0_model.pdb,6.273463249206543
af3-multi,ak2_seed-93_sample-1_model.pdb,6.261147975921631
af3-multi,ak2_seed-93_sample-2_model.pdb,6.3033976554870605
af3-multi,ak2_seed-93_sample-3_model.pdb,6.191081523895264
af3-multi,ak2_seed-93_sample-4_model.pdb,6.318006038665772
af3-multi,ak2_seed-94_sample-0_model.pdb,6.22388219833374
af3-multi,ak2_seed-94_sample-1_model.pdb,6.263874530792236
af3-multi,ak2_seed-94_sample-2_model.pdb,6.370301723480225
af3-multi,ak2_seed-94_sample-3_model.pdb,6.204668045043945
af3-multi,ak2_seed-94_sample-4_model.pdb,6.294773578643799
af3-multi,ak2_seed-95_sample-0_model.pdb,6.191412448883057
af3-multi,ak2_seed-95_sample-1_model.pdb,6.258664608001709
af3-multi,ak2_seed-95_sample-2_model.pdb,6.171363353729248
af3-multi,ak2_seed-95_sample-3_model.pdb,6.2686848640441895
af3-multi,ak2_seed-95_sample-4_model.pdb,6.367280006408691
af3-multi,ak2_seed-96_sample-0_model.pdb,6.252752780914307
af3-multi,ak2_seed-96_sample-1_model.pdb,6.258482933044434
af3-multi,ak2_seed-96_sample-2_model.pdb,6.280540943145752
af3-multi,ak2_seed-96_sample-3_model.pdb,6.337864398956299
af3-multi,ak2_seed-96_sample-4_model.pdb,6.283377647399902
af3-multi,ak2_seed-97_sample-0_model.pdb,6.357377052307129
af3-multi,ak2_seed-97_sample-1_model.pdb,6.273285865783691
af3-multi,ak2_seed-97_sample-2_model.pdb,6.255721569061279
af3-multi,ak2_seed-97_sample-3_model.pdb,6.1822285652160645
af3-multi,ak2_seed-97_sample-4_model.pdb,6.242222309112549
af3-multi,ak2_seed-98_sample-0_model.pdb,6.202058792114258
af3-multi,ak2_seed-98_sample-1_model.pdb,6.335740089416504
af3-multi,ak2_seed-98_sample-2_model.pdb,6.242208480834961
af3-multi,ak2_seed-98_sample-3_model.pdb,6.214983940124512
af3-multi,ak2_seed-98_sample-4_model.pdb,6.246945858001709
af3-multi,ak2_seed-99_sample-0_model.pdb,6.321970939636231
af3-multi,ak2_seed-99_sample-1_model.pdb,6.256917476654053
af3-multi,ak2_seed-99_sample-2_model.pdb,6.394911289215088
af3-multi,ak2_seed-99_sample-3_model.pdb,6.377618789672852
af3-multi,ak2_seed-99_sample-4_model.pdb,6.267288684844971
af3_cluster,ak2-clustered-ak2_000_seed-0_sample-1_model.pdb,6.286296844482422
af3_cluster,ak2-clustered-ak2_001_seed-0_sample-1_model.pdb,6.143745422363281
af3_cluster,ak2-clustered-ak2_002_seed-0_sample-1_model.pdb,6.3272905349731445
af3_cluster,ak2-clustered-ak2_003_seed-0_sample-1_model.pdb,6.068626880645752
af3_cluster,ak2-clustered-ak2_004_seed-0_sample-1_model.pdb,6.140812397003174
af3_cluster,ak2-clustered-ak2_005_seed-0_sample-1_model.pdb,6.123006820678711
af3_cluster,ak2-clustered-ak2_006_seed-0_sample-1_model.pdb,6.31387996673584
af3_cluster,ak2-clustered-ak2_007_seed-0_sample-1_model.pdb,6.096283912658691
af3_cluster,ak2-clustered-ak2_008_seed-0_sample-1_model.pdb,6.2835307121276855
af3_cluster,ak2-clustered-ak2_009_seed-0_sample-1_model.pdb,6.191565990447998
af3_cluster,ak2-clustered-ak2_010_seed-0_sample-1_model.pdb,6.300657272338867
af3_cluster,ak2-clustered-ak2_011_seed-0_sample-1_model.pdb,6.166985034942627
af3_cluster,ak2-clustered-ak2_012_seed-0_sample-1_model.pdb,6.207191467285156
af3_cluster,ak2-clustered-ak2_013_seed-0_sample-1_model.pdb,6.149183750152588
af3_cluster,ak2-clustered-ak2_014_seed-0_sample-1_model.pdb,6.145308971405029
af3_cluster,ak2-clustered-ak2_015_seed-0_sample-1_model.pdb,6.102715969085693
af3_cluster,ak2-clustered-ak2_016_seed-0_sample-1_model.pdb,6.238097190856934
af3_cluster,ak2-clustered-ak2_017_seed-0_sample-1_model.pdb,6.104499340057373
af3_cluster,ak2-clustered-ak2_018_seed-0_sample-1_model.pdb,6.109670162200928
af3_cluster,ak2-clustered-ak2_019_seed-0_sample-1_model.pdb,6.170505046844482
af3_cluster,ak2-clustered-ak2_020_seed-0_sample-1_model.pdb,6.274662971496582
af3_cluster,ak2-clustered-ak2_021_seed-0_sample-1_model.pdb,6.132336139678955
af3_cluster,ak2-clustered-ak2_022_seed-0_sample-1_model.pdb,6.181772232055664
af3_cluster,ak2-clustered-ak2_023_seed-0_sample-1_model.pdb,6.294387340545654
af3_cluster,ak2-clustered-ak2_024_seed-0_sample-1_model.pdb,6.207624435424805
af3_cluster,ak2-clustered-ak2_025_seed-0_sample-1_model.pdb,6.228441715240479
af3_cluster,ak2-clustered-ak2_026_seed-0_sample-1_model.pdb,6.1408281326293945
af3_cluster,ak2-clustered-ak2_027_seed-0_sample-1_model.pdb,6.300798416137695
af3_cluster,ak2-clustered-ak2_028_seed-0_sample-1_model.pdb,6.1171698570251465
af3_cluster,ak2-clustered-ak2_029_seed-0_sample-1_model.pdb,6.157364368438721
af3_cluster,ak2-clustered-ak2_030_seed-0_sample-1_model.pdb,6.185904502868652
af3_cluster,ak2-clustered-ak2_031_seed-0_sample-1_model.pdb,6.582591533660889
af3_cluster,ak2-clustered-ak2_032_seed-0_sample-1_model.pdb,6.2602152824401855
af3_cluster,ak2-clustered-ak2_033_seed-0_sample-1_model.pdb,6.174901008605957
af3_cluster,ak2-clustered-ak2_034_seed-0_sample-1_model.pdb,6.144814014434815
af3_cluster,ak2-clustered-ak2_035_seed-0_sample-1_model.pdb,6.329769611358643
af3_cluster,ak2-clustered-ak2_036_seed-0_sample-1_model.pdb,6.291998863220215
af3_cluster,ak2-clustered-ak2_037_seed-0_sample-1_model.pdb,6.167829036712647
af3_cluster,ak2-clustered-ak2_038_seed-0_sample-1_model.pdb,6.294768810272217
af3_cluster,ak2-clustered-ak2_039_seed-0_sample-1_model.pdb,6.251780033111572
af3_cluster,ak2-clustered-ak2_040_seed-0_sample-1_model.pdb,6.145189762115479
af3_cluster,ak2-clustered-ak2_041_seed-0_sample-1_model.pdb,6.116605281829834
af3_cluster,ak2-clustered-ak2_042_seed-0_sample-1_model.pdb,6.1533074378967285
af3_cluster,ak2-clustered-ak2_043_seed-0_sample-1_model.pdb,6.12449312210083
af3_cluster,ak2-clustered-ak2_044_seed-0_sample-1_model.pdb,6.318463802337647
af3_cluster,ak2-clustered-ak2_045_seed-0_sample-1_model.pdb,6.177351474761963
af3_cluster,ak2-clustered-ak2_046_seed-0_sample-1_model.pdb,6.152193069458008
af3_cluster,ak2-clustered-ak2_047_seed-0_sample-1_model.pdb,9.045377731323242
af3_cluster,ak2-clustered-ak2_048_seed-0_sample-1_model.pdb,6.267975330352783
af3_cluster,ak2-clustered-ak2_049_seed-0_sample-1_model.pdb,6.159280776977539
af3_cluster,ak2-clustered-ak2_050_seed-0_sample-1_model.pdb,6.282955646514893
af3_cluster,ak2-clustered-ak2_051_seed-0_sample-1_model.pdb,6.201761722564697
af3_cluster,ak2-clustered-ak2_052_seed-0_sample-1_model.pdb,6.261017322540283
af3_cluster,ak2-clustered-ak2_053_seed-0_sample-1_model.pdb,6.19859504699707
af3_cluster,ak2-clustered-ak2_054_seed-0_sample-1_model.pdb,6.18570613861084
af3_cluster,ak2-clustered-ak2_055_seed-0_sample-1_model.pdb,6.174997806549072
af3_cluster,ak2-clustered-ak2_056_seed-0_sample-1_model.pdb,6.298811912536621
af3_cluster,ak2-clustered-ak2_057_seed-0_sample-1_model.pdb,6.317968845367432
af3_cluster,ak2-clustered-ak2_058_seed-0_sample-1_model.pdb,6.174496650695801
af3_cluster,ak2-clustered-ak2_059_seed-0_sample-1_model.pdb,6.244508743286133
af3_cluster,ak2-clustered-ak2_060_seed-0_sample-1_model.pdb,6.092380046844482
af3_cluster,ak2-clustered-ak2_061_seed-0_sample-1_model.pdb,6.220529556274414
af3_cluster,ak2-clustered-ak2_062_seed-0_sample-1_model.pdb,6.223135471343994
af3_cluster,ak2-clustered-ak2_063_seed-0_sample-1_model.pdb,6.124068737030029
af3_cluster,ak2-clustered-ak2_064_seed-0_sample-1_model.pdb,6.467665195465088
af3_cluster,ak2-clustered-ak2_065_seed-0_sample-1_model.pdb,6.167462348937988
af3_cluster,ak2-clustered-ak2_066_seed-0_sample-1_model.pdb,6.242983341217041
af3_cluster,ak2-clustered-ak2_067_seed-0_sample-1_model.pdb,6.161063194274902
af3_cluster,ak2-clustered-ak2_068_seed-0_sample-1_model.pdb,6.25853157043457
af3_cluster,ak2-clustered-ak2_069_seed-0_sample-1_model.pdb,6.101113796234131
af3_cluster,ak2-clustered-ak2_070_seed-0_sample-1_model.pdb,6.144636154174805
af3_cluster,ak2-clustered-ak2_071_seed-0_sample-1_model.pdb,6.242340087890625
af3_cluster,ak2-clustered-ak2_072_seed-0_sample-1_model.pdb,6.209364414215088
af3_cluster,ak2-clustered-ak2_073_seed-0_sample-1_model.pdb,6.1884446144104
af3_cluster,ak2-clustered-ak2_074_seed-0_sample-1_model.pdb,6.09444522857666
af3_cluster,ak2-clustered-ak2_075_seed-0_sample-1_model.pdb,6.305378437042236
af3_cluster,ak2-clustered-ak2_076_seed-0_sample-1_model.pdb,6.217703342437744
af3_cluster,ak2-clustered-ak2_077_seed-0_sample-1_model.pdb,6.147795677185059
af3_cluster,ak2-clustered-ak2_078_seed-0_sample-1_model.pdb,6.163953304290772
af3_cluster,ak2-clustered-ak2_079_seed-0_sample-1_model.pdb,6.161703586578369
af3_cluster,ak2-clustered-ak2_080_seed-0_sample-1_model.pdb,6.262287139892578
af3_cluster,ak2-clustered-ak2_081_seed-0_sample-1_model.pdb,6.258703231811523
af3_cluster,ak2-clustered-ak2_082_seed-0_sample-1_model.pdb,6.141255855560303
af3_cluster,ak2-clustered-ak2_083_seed-0_sample-1_model.pdb,6.148446559906006
af3_cluster,ak2-clustered-ak2_084_seed-0_sample-1_model.pdb,6.2835798263549805
af3_cluster,ak2-clustered-ak2_085_seed-0_sample-1_model.pdb,6.1407341957092285
af3_cluster,ak2-clustered-ak2_086_seed-0_sample-1_model.pdb,6.182243347167969
af3_cluster,ak2-clustered-ak2_087_seed-0_sample-1_model.pdb,6.083244323730469
af3_cluster,ak2-clustered-ak2_088_seed-0_sample-1_model.pdb,6.246150493621826
af3_cluster,ak2-clustered-ak2_089_seed-0_sample-1_model.pdb,6.165606498718262
af3_cluster,ak2-clustered-ak2_090_seed-0_sample-1_model.pdb,6.184022426605225
af3_cluster,ak2-clustered-ak2_091_seed-0_sample-1_model.pdb,6.16524076461792
af3_cluster,ak2-clustered-ak2_092_seed-0_sample-1_model.pdb,6.246242046356201
af3_cluster,ak2-clustered-ak2_093_seed-0_sample-1_model.pdb,6.219159126281738
af3_cluster,ak2-clustered-ak2_094_seed-0_sample-1_model.pdb,6.190296649932861
af3_cluster,ak2-clustered-ak2_095_seed-0_sample-1_model.pdb,6.244681358337402
af3_cluster,ak2-clustered-ak2_096_seed-0_sample-1_model.pdb,6.286768436431885
af3_cluster,ak2-clustered-ak2_097_seed-0_sample-1_model.pdb,6.227780818939209
af3_cluster,ak2-clustered-ak2_098_seed-0_sample-1_model.pdb,6.19284200668335
af3_cluster,ak2-clustered-ak2_099_seed-0_sample-1_model.pdb,6.266058921813965
af3_cluster,ak2-clustered-ak2_100_seed-0_sample-1_model.pdb,6.133758068084717
af3_cluster,ak2-clustered-ak2_101_seed-0_sample-1_model.pdb,6.211824893951416
af3_cluster,ak2-clustered-ak2_102_seed-0_sample-1_model.pdb,6.08790397644043
af3_cluster,ak2-clustered-ak2_103_seed-0_sample-1_model.pdb,6.19893217086792
af3_cluster,ak2-clustered-ak2_104_seed-0_sample-1_model.pdb,6.21737003326416
af3_cluster,ak2-clustered-ak2_105_seed-0_sample-1_model.pdb,6.18339204788208
af3_cluster,ak2-clustered-ak2_106_seed-0_sample-1_model.pdb,6.230865001678467
af3_cluster,ak2-clustered-ak2_107_seed-0_sample-1_model.pdb,6.219359874725342
af3_cluster,ak2-clustered-ak2_108_seed-0_sample-1_model.pdb,6.201710224151611
af3_cluster,ak2-clustered-ak2_109_seed-0_sample-1_model.pdb,6.227365493774414
af3_cluster,ak2-clustered-ak2_110_seed-0_sample-1_model.pdb,6.140323162078857
af3_cluster,ak2-clustered-ak2_111_seed-0_sample-1_model.pdb,6.094024658203125
af3_cluster,ak2-clustered-ak2_112_seed-0_sample-1_model.pdb,6.164208889007568
af3_cluster,ak2-clustered-ak2_113_seed-0_sample-1_model.pdb,6.280854225158691
af3_cluster,ak2-clustered-ak2_114_seed-0_sample-1_model.pdb,6.192563056945801
af3_cluster,ak2-clustered-ak2_115_seed-0_sample-1_model.pdb,6.112244606018066
af3_cluster,ak2-clustered-ak2_116_seed-0_sample-1_model.pdb,6.170758247375488
af3_cluster,ak2-clustered-ak2_117_seed-0_sample-1_model.pdb,6.1948771476745605
af3_cluster,ak2-clustered-ak2_118_seed-0_sample-1_model.pdb,6.117472171783447
af3_cluster,ak2-clustered-ak2_119_seed-0_sample-1_model.pdb,6.3020501136779785
af3_cluster,ak2-clustered-ak2_120_seed-0_sample-1_model.pdb,6.189921379089356
af3_cluster,ak2-clustered-ak2_121_seed-0_sample-1_model.pdb,6.1103997230529785
af3_cluster,ak2-clustered-ak2_122_seed-0_sample-1_model.pdb,6.16004753112793
af3_cluster,ak2-clustered-ak2_123_seed-0_sample-1_model.pdb,6.302096843719482
af3_cluster,ak2-clustered-ak2_124_seed-0_sample-1_model.pdb,6.095675945281982
af3_cluster,ak2-clustered-ak2_125_seed-0_sample-1_model.pdb,6.3196563720703125
af3_cluster,ak2-clustered-ak2_126_seed-0_sample-1_model.pdb,6.2542829513549805
af3_cluster,ak2-clustered-ak2_127_seed-0_sample-1_model.pdb,6.255153656005859
af3_cluster,ak2-clustered-ak2_128_seed-0_sample-1_model.pdb,6.295955657958984
af3_cluster,ak2-clustered-ak2_129_seed-0_sample-1_model.pdb,6.2402191162109375
af3_cluster,ak2-clustered-ak2_130_seed-0_sample-1_model.pdb,6.209191799163818
af3_cluster,ak2-clustered-ak2_131_seed-0_sample-1_model.pdb,6.097984313964844
af3_cluster,ak2-clustered-ak2_132_seed-0_sample-1_model.pdb,6.315027713775635
af3_cluster,ak2-clustered-ak2_133_seed-0_sample-1_model.pdb,6.11556339263916
af3_cluster,ak2-clustered-ak2_134_seed-0_sample-1_model.pdb,6.142748832702637
af3_cluster,ak2-clustered-ak2_135_seed-0_sample-1_model.pdb,6.208212375640869
af3_cluster,ak2-clustered-ak2_136_seed-0_sample-1_model.pdb,6.1835808753967285
af3_cluster,ak2-clustered-ak2_137_seed-0_sample-1_model.pdb,6.3004469871521
af3_cluster,ak2-clustered-ak2_138_seed-0_sample-1_model.pdb,6.257551193237305
af3_cluster,ak2-clustered-ak2_139_seed-0_sample-1_model.pdb,6.334482192993164
af3_cluster,ak2-clustered-ak2_140_seed-0_sample-1_model.pdb,6.136143207550049
af3_cluster,ak2-clustered-ak2_141_seed-0_sample-1_model.pdb,6.145470142364502
af3_cluster,ak2-clustered-ak2_142_seed-0_sample-1_model.pdb,6.2586870193481445
af3_cluster,ak2-clustered-ak2_143_seed-0_sample-1_model.pdb,6.196044921875
af3_cluster,ak2-clustered-ak2_144_seed-0_sample-1_model.pdb,6.223327159881592
af3_cluster,ak2-clustered-ak2_145_seed-0_sample-1_model.pdb,6.192485809326172
af3_cluster,ak2-clustered-ak2_146_seed-0_sample-1_model.pdb,6.133153438568115
af3_cluster,ak2-clustered-ak2_147_seed-0_sample-1_model.pdb,6.311873912811279
af3_cluster,ak2-clustered-ak2_148_seed-0_sample-1_model.pdb,6.11056661605835
af3_cluster,ak2-clustered-ak2_149_seed-0_sample-1_model.pdb,6.227930068969727
af3_cluster,ak2-clustered-ak2_150_seed-0_sample-1_model.pdb,6.181464672088623
af3_cluster,ak2-clustered-ak2_151_seed-0_sample-1_model.pdb,6.20004940032959
af3_cluster,ak2-clustered-ak2_152_seed-0_sample-1_model.pdb,6.324338436126709
af3_cluster,ak2-clustered-ak2_153_seed-0_sample-1_model.pdb,6.086440563201904
af3_cluster,ak2-clustered-ak2_154_seed-0_sample-1_model.pdb,6.162572383880615
af3_cluster,ak2-clustered-ak2_155_seed-0_sample-1_model.pdb,6.1675639152526855
af3_cluster,ak2-clustered-ak2_156_seed-0_sample-1_model.pdb,6.261641979217529
af3_cluster,ak2-clustered-ak2_157_seed-0_sample-1_model.pdb,6.116096019744873
af3_cluster,ak2-clustered-ak2_158_seed-0_sample-1_model.pdb,6.152380466461182
af3_cluster,ak2-clustered-ak2_159_seed-0_sample-1_model.pdb,6.299957275390625
af3_cluster,ak2-clustered-ak2_160_seed-0_sample-1_model.pdb,6.115563869476318
af3_cluster,ak2-clustered-ak2_161_seed-0_sample-1_model.pdb,6.26953649520874
af3_cluster,ak2-clustered-ak2_162_seed-0_sample-1_model.pdb,6.109065055847168
af3_cluster,ak2-clustered-ak2_163_seed-0_sample-1_model.pdb,6.280354022979736
af3_cluster,ak2-clustered-ak2_164_seed-0_sample-1_model.pdb,6.1457839012146
af3_cluster,ak2-clustered-ak2_165_seed-0_sample-1_model.pdb,6.24313497543335
af3_cluster,ak2-clustered-ak2_166_seed-0_sample-1_model.pdb,6.238955020904541
af3_cluster,ak2-clustered-ak2_167_seed-0_sample-1_model.pdb,6.125526905059815
af3_cluster,ak2-clustered-ak2_168_seed-0_sample-1_model.pdb,6.197842121124268
af3_cluster,ak2-clustered-ak2_169_seed-0_sample-1_model.pdb,6.259151935577393
af3_cluster,ak2-clustered-ak2_170_seed-0_sample-1_model.pdb,6.316104888916016
af3_cluster,ak2-clustered-ak2_171_seed-0_sample-1_model.pdb,6.143279075622559
af3_cluster,ak2-clustered-ak2_172_seed-0_sample-1_model.pdb,6.181799411773682
af3_cluster,ak2-clustered-ak2_173_seed-0_sample-1_model.pdb,8.871259689331055
af3_cluster,ak2-clustered-ak2_174_seed-0_sample-1_model.pdb,6.2341814041137695
af3_cluster,ak2-clustered-ak2_175_seed-0_sample-1_model.pdb,6.18299674987793
af3_cluster,ak2-clustered-ak2_176_seed-0_sample-1_model.pdb,6.184703350067139
af3_cluster,ak2-clustered-ak2_177_seed-0_sample-1_model.pdb,6.17767333984375
af3_cluster,ak2-clustered-ak2_178_seed-0_sample-1_model.pdb,6.293628215789795
af3_cluster,ak2-clustered-ak2_179_seed-0_sample-1_model.pdb,6.431429862976074
af3_cluster,ak2-clustered-ak2_180_seed-0_sample-1_model.pdb,6.247728824615479
af3_cluster,ak2-clustered-ak2_181_seed-0_sample-1_model.pdb,6.17074728012085
af3_cluster,ak2-clustered-ak2_182_seed-0_sample-1_model.pdb,6.176875591278076
af3_cluster,ak2-clustered-ak2_183_seed-0_sample-1_model.pdb,6.158638954162598
af3_cluster,ak2-clustered-ak2_184_seed-0_sample-1_model.pdb,6.326184749603272
af3_cluster,ak2-clustered-ak2_185_seed-0_sample-1_model.pdb,6.254516124725342
af3_cluster,ak2-clustered-ak2_186_seed-0_sample-1_model.pdb,6.084910392761231
af3_cluster,ak2-clustered-ak2_187_seed-0_sample-1_model.pdb,6.267817974090576
af3_cluster,ak2-clustered-ak2_188_seed-0_sample-1_model.pdb,6.265159130096436
af3_cluster,ak2-clustered-ak2_189_seed-0_sample-1_model.pdb,6.15294075012207
af3_cluster,ak2-clustered-ak2_190_seed-0_sample-1_model.pdb,6.441153526306152
af3_cluster,ak2-clustered-ak2_191_seed-0_sample-1_model.pdb,6.267271995544434
af3_cluster,ak2-clustered-ak2_192_seed-0_sample-1_model.pdb,6.2747416496276855
af3_cluster,ak2-clustered-ak2_193_seed-0_sample-1_model.pdb,6.795285224914551
af3_cluster,ak2-clustered-ak2_194_seed-0_sample-1_model.pdb,6.169370174407959
af3_cluster,ak2-clustered-ak2_195_seed-0_sample-1_model.pdb,6.260444164276123
af3_cluster,ak2-clustered-ak2_196_seed-0_sample-1_model.pdb,6.19480037689209
af3_cluster,ak2-clustered-ak2_197_seed-0_sample-1_model.pdb,6.090452194213867
af3_cluster,ak2-clustered-ak2_198_seed-0_sample-1_model.pdb,6.346065521240234
af3_cluster,ak2-clustered-ak2_199_seed-0_sample-1_model.pdb,6.274808883666992
af3_cluster,ak2-clustered-ak2_200_seed-0_sample-1_model.pdb,6.275286674499512
af3_cluster,ak2-clustered-ak2_201_seed-0_sample-1_model.pdb,6.09287166595459
af3_cluster,ak2-clustered-ak2_202_seed-0_sample-1_model.pdb,6.086183071136475
af3_cluster,ak2-clustered-ak2_203_seed-0_sample-1_model.pdb,6.228596687316895
af3_cluster,ak2-clustered-ak2_204_seed-0_sample-1_model.pdb,6.1400065422058105
af3_cluster,ak2-clustered-ak2_205_seed-0_sample-1_model.pdb,6.296416282653809
af3_cluster,ak2-clustered-ak2_206_seed-0_sample-1_model.pdb,6.297428607940674
af3_cluster,ak2-clustered-ak2_207_seed-0_sample-1_model.pdb,6.27044153213501
af3_cluster,ak2-clustered-ak2_208_seed-0_sample-1_model.pdb,6.157713413238525
af3_cluster,ak2-clustered-ak2_209_seed-0_sample-1_model.pdb,6.226528644561768
af3_cluster,ak2-clustered-ak2_210_seed-0_sample-1_model.pdb,6.298559665679932
af3_cluster,ak2-clustered-ak2_211_seed-0_sample-1_model.pdb,6.274753093719482
af3_cluster,ak2-clustered-ak2_212_seed-0_sample-1_model.pdb,6.321253776550293
af3_cluster,ak2-clustered-ak2_213_seed-0_sample-1_model.pdb,6.235494613647461
af3_cluster,ak2-clustered-ak2_214_seed-0_sample-1_model.pdb,6.286368370056152
af3_cluster,ak2-clustered-ak2_215_seed-0_sample-1_model.pdb,6.286681652069092
af3_cluster,ak2-clustered-ak2_216_seed-0_sample-1_model.pdb,6.2010369300842285
af3_cluster,ak2-clustered-ak2_217_seed-0_sample-1_model.pdb,6.3249945640563965
af3_cluster,ak2-clustered-ak2_218_seed-0_sample-1_model.pdb,6.173344135284424
af3_cluster,ak2-clustered-ak2_219_seed-0_sample-1_model.pdb,6.314577579498291
af3_cluster,ak2-clustered-ak2_220_seed-0_sample-1_model.pdb,6.165888786315918
af3_cluster,ak2-clustered-ak2_221_seed-0_sample-1_model.pdb,6.169079780578613
af3_cluster,ak2-clustered-ak2_222_seed-0_sample-1_model.pdb,6.236530780792236
af3_cluster,ak2-clustered-ak2_223_seed-0_sample-1_model.pdb,6.109044551849365
af3_cluster,ak2-clustered-ak2_224_seed-0_sample-1_model.pdb,6.312295913696289
af3_cluster,ak2-clustered-ak2_225_seed-0_sample-1_model.pdb,6.258280277252197
af3_cluster,ak2-clustered-ak2_226_seed-0_sample-1_model.pdb,6.150967121124268
af3_cluster,ak2-clustered-ak2_227_seed-0_sample-1_model.pdb,6.142920017242432
af3_cluster,ak2-clustered-ak2_228_seed-0_sample-1_model.pdb,6.166513442993164
af3_cluster,ak2-clustered-ak2_229_seed-0_sample-1_model.pdb,6.213961601257324
af3_cluster,ak2-clustered-ak2_230_seed-0_sample-1_model.pdb,6.258405208587647
af3_cluster,ak2-clustered-ak2_231_seed-0_sample-1_model.pdb,6.311745643615723
af3_cluster,ak2-clustered-ak2_232_seed-0_sample-1_model.pdb,6.312356948852539
af3_cluster,ak2-clustered-ak2_233_seed-0_sample-1_model.pdb,6.404727935791016
af3_cluster,ak2-clustered-ak2_234_seed-0_sample-1_model.pdb,6.244577884674072
af3_cluster,ak2-clustered-ak2_235_seed-0_sample-1_model.pdb,6.161399841308594
af3_cluster,ak2-clustered-ak2_236_seed-0_sample-1_model.pdb,6.322360515594482
af3_cluster,ak2-clustered-ak2_237_seed-0_sample-1_model.pdb,6.30402421951294
af3_cluster,ak2-clustered-ak2_238_seed-0_sample-1_model.pdb,6.357455730438232
af3_cluster,ak2-clustered-ak2_239_seed-0_sample-1_model.pdb,6.103294372558594
af3_cluster,ak2-clustered-ak2_240_seed-0_sample-1_model.pdb,6.1628618240356445
af3_cluster,ak2-clustered-ak2_241_seed-0_sample-1_model.pdb,6.11262845993042
af3_cluster,ak2-clustered-ak2_242_seed-0_sample-1_model.pdb,6.112009525299072
af3_cluster,ak2-clustered-ak2_243_seed-0_sample-1_model.pdb,6.146905899047852
af3_cluster,ak2-clustered-ak2_244_seed-0_sample-1_model.pdb,6.239113807678223
af3_cluster,ak2-clustered-ak2_245_seed-0_sample-1_model.pdb,6.004622936248779
af3_cluster,ak2-clustered-ak2_246_seed-0_sample-1_model.pdb,6.341068744659424
af3_cluster,ak2-clustered-ak2_247_seed-0_sample-1_model.pdb,6.144956111907959
af3_cluster,ak2-clustered-ak2_248_seed-0_sample-1_model.pdb,6.2435455322265625
af3_cluster,ak2-clustered-ak2_249_seed-0_sample-1_model.pdb,6.186463356018066
af3_cluster,ak2-clustered-ak2_250_seed-0_sample-1_model.pdb,6.165992259979248
af3_cluster,ak2-clustered-ak2_251_seed-0_sample-1_model.pdb,6.294244766235352
af3_cluster,ak2-clustered-ak2_252_seed-0_sample-1_model.pdb,6.147293567657471
af3_cluster,ak2-clustered-ak2_253_seed-0_sample-1_model.pdb,6.207953453063965
af3_cluster,ak2-clustered-ak2_254_seed-0_sample-1_model.pdb,6.123449802398682
af3_cluster,ak2-clustered-ak2_255_seed-0_sample-1_model.pdb,6.252762317657471
af3_cluster,ak2-clustered-ak2_256_seed-0_sample-1_model.pdb,6.230678558349609
af3_cluster,ak2-clustered-ak2_257_seed-0_sample-1_model.pdb,6.230399131774902
af3_cluster,ak2-clustered-ak2_258_seed-0_sample-1_model.pdb,6.144373893737793
af3_cluster,ak2-clustered-ak2_259_seed-0_sample-1_model.pdb,6.105003833770752
af3_cluster,ak2-clustered-ak2_260_seed-0_sample-1_model.pdb,6.135730743408203
af3_cluster,ak2-clustered-ak2_261_seed-0_sample-1_model.pdb,6.041901588439941
af3_cluster,ak2-clustered-ak2_262_seed-0_sample-1_model.pdb,6.181589603424072
af3_cluster,ak2-clustered-ak2_263_seed-0_sample-1_model.pdb,6.174508094787598
af3_cluster,ak2-clustered-ak2_264_seed-0_sample-1_model.pdb,6.0402512550354
af3_cluster,ak2-clustered-ak2_265_seed-0_sample-1_model.pdb,6.074115753173828
af3_cluster,ak2-clustered-ak2_268_seed-0_sample-1_model.pdb,6.267070293426514
af3_cluster,ak2-clustered-ak2_269_seed-0_sample-1_model.pdb,6.245579242706299
af3_cluster,ak2-clustered-ak2_270_seed-0_sample-1_model.pdb,8.914843559265137
af3_cluster,ak2-clustered-ak2_271_seed-0_sample-1_model.pdb,6.141766548156738
af3_cluster,ak2-clustered-ak2_272_seed-0_sample-1_model.pdb,6.2148308753967285
af3_cluster,ak2-clustered-ak2_273_seed-0_sample-1_model.pdb,6.243404388427734
af3_cluster,ak2-clustered-ak2_274_seed-0_sample-1_model.pdb,6.153092861175537
af3_cluster,ak2-clustered-ak2_275_seed-0_sample-1_model.pdb,6.213424682617188
af3_cluster,ak2-clustered-ak2_276_seed-0_sample-1_model.pdb,6.083027362823486
af3_cluster,ak2-clustered-ak2_277_seed-0_sample-1_model.pdb,6.16127347946167
af3_cluster,ak2-clustered-ak2_278_seed-0_sample-1_model.pdb,6.169588565826416
af3_cluster,ak2-clustered-ak2_279_seed-0_sample-1_model.pdb,6.171639442443848
af3_cluster,ak2-clustered-ak2_280_seed-0_sample-1_model.pdb,6.187210559844971
af3_cluster,ak2-clustered-ak2_281_seed-0_sample-1_model.pdb,6.106340408325195
af3_cluster,ak2-clustered-ak2_282_seed-0_sample-1_model.pdb,6.09884786605835
af3_cluster,ak2-clustered-ak2_283_seed-0_sample-1_model.pdb,6.373626708984375
af3_cluster,ak2-clustered-ak2_284_seed-0_sample-1_model.pdb,6.267080783843994
af3_cluster,ak2-clustered-ak2_285_seed-0_sample-1_model.pdb,6.222851276397705
af3_cluster,ak2-clustered-ak2_286_seed-0_sample-1_model.pdb,6.19368839263916
af3_cluster,ak2-clustered-ak2_287_seed-0_sample-1_model.pdb,6.199036598205566
af3_cluster,ak2-clustered-ak2_288_seed-0_sample-1_model.pdb,6.347310543060303
af3_cluster,ak2-clustered-ak2_289_seed-0_sample-1_model.pdb,6.167686462402344
af3_cluster,ak2-clustered-ak2_290_seed-0_sample-1_model.pdb,8.86548137664795
af3_cluster,ak2-clustered-ak2_291_seed-0_sample-1_model.pdb,6.306769847869873
af3_cluster,ak2-clustered-ak2_292_seed-0_sample-1_model.pdb,6.175675868988037
af3_cluster,ak2-clustered-ak2_293_seed-0_sample-1_model.pdb,6.240206718444824
af3_cluster,ak2-clustered-ak2_294_seed-0_sample-1_model.pdb,6.110957145690918
af3_cluster,ak2-clustered-ak2_295_seed-0_sample-1_model.pdb,6.186367511749268
af3_cluster,ak2-clustered-ak2_296_seed-0_sample-1_model.pdb,6.166070461273193
af3_cluster,ak2-clustered-ak2_297_seed-0_sample-1_model.pdb,6.073583126068115
af3_cluster,ak2-clustered-ak2_298_seed-0_sample-1_model.pdb,6.306588649749756
af3_cluster,ak2-clustered-ak2_299_seed-0_sample-1_model.pdb,6.233968257904053
af3_cluster,ak2-clustered-ak2_300_seed-0_sample-1_model.pdb,6.159878253936768
af3_cluster,ak2-clustered-ak2_301_seed-0_sample-1_model.pdb,6.278110980987549
af3_cluster,ak2-clustered-ak2_302_seed-0_sample-1_model.pdb,6.401330471038818
af3_cluster,ak2-clustered-ak2_303_seed-0_sample-1_model.pdb,6.261785984039307
af3_cluster,ak2-clustered-ak2_304_seed-0_sample-1_model.pdb,6.207893371582031
af3_cluster,ak2-clustered-ak2_305_seed-0_sample-1_model.pdb,6.242843627929688
af3_cluster,ak2-clustered-ak2_306_seed-0_sample-1_model.pdb,6.431485176086426
af3_cluster,ak2-clustered-ak2_307_seed-0_sample-1_model.pdb,6.362616062164307
af3_cluster,ak2-clustered-ak2_308_seed-0_sample-1_model.pdb,6.315791606903076
af3_cluster,ak2-clustered-ak2_309_seed-0_sample-1_model.pdb,6.131999969482422
af3_cluster,ak2-clustered-ak2_310_seed-0_sample-1_model.pdb,6.1227617263793945
af3_cluster,ak2-clustered-ak2_311_seed-0_sample-1_model.pdb,6.232457637786865
af3_cluster,ak2-clustered-ak2_312_seed-0_sample-1_model.pdb,6.268279552459717
af3_cluster,ak2-clustered-ak2_313_seed-0_sample-1_model.pdb,6.176146984100342
af3_cluster,ak2-clustered-ak2_314_seed-0_sample-1_model.pdb,6.3160505294799805
af3_cluster,ak2-clustered-ak2_315_seed-0_sample-1_model.pdb,6.16035270690918
af3_cluster,ak2-clustered-ak2_316_seed-0_sample-1_model.pdb,6.062341213226318
af3_cluster,ak2-clustered-ak2_317_seed-0_sample-1_model.pdb,6.254671096801758
af3_cluster,ak2-clustered-ak2_318_seed-0_sample-1_model.pdb,6.234426975250244
af3_cluster,ak2-clustered-ak2_319_seed-0_sample-1_model.pdb,6.143521308898926
af3_cluster,ak2-clustered-ak2_320_seed-0_sample-1_model.pdb,6.1281280517578125
af3_cluster,ak2-clustered-ak2_321_seed-0_sample-1_model.pdb,6.1287617683410645
af3_cluster,ak2-clustered-ak2_322_seed-0_sample-1_model.pdb,6.18632173538208
af3_cluster,ak2-clustered-ak2_323_seed-0_sample-1_model.pdb,6.223952770233154
af3_cluster,ak2-clustered-ak2_324_seed-0_sample-1_model.pdb,6.322784423828125
af3_cluster,ak2-clustered-ak2_325_seed-0_sample-1_model.pdb,6.312948226928711
af3_cluster,ak2-clustered-ak2_326_seed-0_sample-1_model.pdb,6.240192413330078
af3_cluster,ak2-clustered-ak2_327_seed-0_sample-1_model.pdb,6.115248680114746
af3_cluster,ak2-clustered-ak2_328_seed-0_sample-1_model.pdb,6.164752960205078
af3_cluster,ak2-clustered-ak2_329_seed-0_sample-1_model.pdb,6.146571636199951
af3_cluster,ak2-clustered-ak2_330_seed-0_sample-1_model.pdb,6.256811618804932
af3_cluster,ak2-clustered-ak2_331_seed-0_sample-1_model.pdb,6.165964126586914
af3_cluster,ak2-clustered-ak2_332_seed-0_sample-1_model.pdb,6.170309066772461
af3_cluster,ak2-clustered-ak2_333_seed-0_sample-1_model.pdb,6.213552951812744
af3_cluster,ak2-clustered-ak2_334_seed-0_sample-1_model.pdb,6.186879634857178
af3_cluster,ak2-clustered-ak2_335_seed-0_sample-1_model.pdb,6.097940921783447
af3_cluster,ak2-clustered-ak2_336_seed-0_sample-1_model.pdb,6.308777809143066
af3_cluster,ak2-clustered-ak2_337_seed-0_sample-1_model.pdb,6.241145133972168
af3_cluster,ak2-clustered-ak2_338_seed-0_sample-1_model.pdb,6.204020023345947
af3_cluster,ak2-clustered-ak2_339_seed-0_sample-1_model.pdb,6.126066207885742
af3_cluster,ak2-clustered-ak2_340_seed-0_sample-1_model.pdb,6.282209396362305
af3_cluster,ak2-clustered-ak2_341_seed-0_sample-1_model.pdb,6.189521789550781
af3_cluster,ak2-clustered-ak2_342_seed-0_sample-1_model.pdb,6.094397068023682
af3_cluster,ak2-clustered-ak2_343_seed-0_sample-1_model.pdb,6.241123676300049
af3_cluster,ak2-clustered-ak2_344_seed-0_sample-1_model.pdb,6.246673583984375
af3_cluster,ak2-clustered-ak2_345_seed-0_sample-1_model.pdb,6.490361213684082
af3_cluster,ak2-clustered-ak2_346_seed-0_sample-1_model.pdb,6.177833080291748
af3_cluster,ak2-clustered-ak2_347_seed-0_sample-1_model.pdb,6.257095336914063
af3_cluster,ak2-clustered-ak2_348_seed-0_sample-1_model.pdb,6.205718517303467
af3_cluster,ak2-clustered-ak2_349_seed-0_sample-1_model.pdb,6.232439994812012
af3_cluster,ak2-clustered-ak2_350_seed-0_sample-1_model.pdb,6.19425106048584
af3_cluster,ak2-clustered-ak2_351_seed-0_sample-1_model.pdb,6.268333911895752
af3_cluster,ak2-clustered-ak2_352_seed-0_sample-1_model.pdb,6.128748893737793
af3_cluster,ak2-clustered-ak2_353_seed-0_sample-1_model.pdb,6.230891227722168
af3_cluster,ak2-clustered-ak2_354_seed-0_sample-1_model.pdb,6.135376930236816
af3_cluster,ak2-clustered-ak2_355_seed-0_sample-1_model.pdb,6.15070915222168
af3_cluster,ak2-clustered-ak2_356_seed-0_sample-1_model.pdb,6.109220027923584
af3_cluster,ak2-clustered-ak2_357_seed-0_sample-1_model.pdb,6.088779926300049
af3_cluster,ak2-clustered-ak2_358_seed-0_sample-1_model.pdb,6.3078484535217285
af3_cluster,ak2-clustered-ak2_359_seed-0_sample-1_model.pdb,6.337964057922363
af3_cluster,ak2-clustered-ak2_360_seed-0_sample-1_model.pdb,6.334100246429443
af3_cluster,ak2-clustered-ak2_361_seed-0_sample-1_model.pdb,6.156925678253174
af3_cluster,ak2-clustered-ak2_362_seed-0_sample-1_model.pdb,6.236343383789063
af3_cluster,ak2-clustered-ak2_363_seed-0_sample-1_model.pdb,6.0940775871276855
af3_cluster,ak2-clustered-ak2_364_seed-0_sample-1_model.pdb,6.087028503417969
af3_cluster,ak2-clustered-ak2_365_seed-0_sample-1_model.pdb,6.272173881530762
af3_cluster,ak2-clustered-ak2_366_seed-0_sample-1_model.pdb,6.110476016998291
af3_cluster,ak2-clustered-ak2_367_seed-0_sample-1_model.pdb,6.119335651397705
af3_cluster,ak2-clustered-ak2_368_seed-0_sample-1_model.pdb,6.163361072540283
af3_cluster,ak2-clustered-ak2_369_seed-0_sample-1_model.pdb,6.582886219024658
af3_cluster,ak2-clustered-ak2_370_seed-0_sample-1_model.pdb,6.197796821594238
af3_cluster,ak2-clustered-ak2_371_seed-0_sample-1_model.pdb,6.168838024139404
af3_cluster,ak2-clustered-ak2_372_seed-0_sample-1_model.pdb,6.213362216949463
af3_cluster,ak2-clustered-ak2_373_seed-0_sample-1_model.pdb,6.143355369567871
af3_cluster,ak2-clustered-ak2_374_seed-0_sample-1_model.pdb,6.144523143768311
af3_cluster,ak2-clustered-ak2_375_seed-0_sample-1_model.pdb,6.32123613357544
af3_cluster,ak2-clustered-ak2_376_seed-0_sample-1_model.pdb,6.280643463134766
af3_cluster,ak2-clustered-ak2_377_seed-0_sample-1_model.pdb,6.224923133850098
af3_cluster,ak2-clustered-ak2_378_seed-0_sample-1_model.pdb,6.1139912605285645
af3_cluster,ak2-clustered-ak2_379_seed-0_sample-1_model.pdb,6.116679668426514
af3_cluster,ak2-clustered-ak2_380_seed-0_sample-1_model.pdb,6.201937198638916
af3_cluster,ak2-clustered-ak2_381_seed-0_sample-1_model.pdb,6.161750316619873
af3_cluster,ak2-clustered-ak2_382_seed-0_sample-1_model.pdb,6.2226338386535645
af3_cluster,ak2-clustered-ak2_383_seed-0_sample-1_model.pdb,9.03963851928711
af3_cluster,ak2-clustered-ak2_384_seed-0_sample-1_model.pdb,8.917150497436523
af3_cluster,ak2-clustered-ak2_385_seed-0_sample-1_model.pdb,6.2798848152160645
af3_cluster,ak2-clustered-ak2_386_seed-0_sample-1_model.pdb,6.296271800994873
af3_cluster,ak2-clustered-ak2_u10-000_seed-0_sample-1_model.pdb,6.343105316162109
af3_cluster,ak2-clustered-ak2_u10-001_seed-0_sample-1_model.pdb,6.300814151763916
af3_cluster,ak2-clustered-ak2_u10-002_seed-0_sample-1_model.pdb,6.112448692321777
af3_cluster,ak2-clustered-ak2_u10-003_seed-0_sample-1_model.pdb,6.109255790710449
af3_cluster,ak2-clustered-ak2_u10-004_seed-0_sample-1_model.pdb,6.157449722290039
af3_cluster,ak2-clustered-ak2_u10-005_seed-0_sample-1_model.pdb,6.151854515075684
af3_cluster,ak2-clustered-ak2_u10-006_seed-0_sample-1_model.pdb,6.171182632446289
af3_cluster,ak2-clustered-ak2_u10-007_seed-0_sample-1_model.pdb,6.117176055908203
af3_cluster,ak2-clustered-ak2_u10-008_seed-0_sample-1_model.pdb,6.131784915924072
af3_cluster,ak2-clustered-ak2_u10-009_seed-0_sample-1_model.pdb,6.115105152130127
af3_cluster,ak2-clustered-ak2_u100-000_seed-0_sample-1_model.pdb,6.249029159545898
af3_cluster,ak2-clustered-ak2_u100-001_seed-0_sample-1_model.pdb,6.281689643859863
af3_cluster,ak2-clustered-ak2_u100-002_seed-0_sample-1_model.pdb,6.1986236572265625
af3_cluster,ak2-clustered-ak2_u100-003_seed-0_sample-1_model.pdb,6.277268409729004
af3_cluster,ak2-clustered-ak2_u100-004_seed-0_sample-1_model.pdb,6.182771682739258
af3_cluster,ak2-clustered-ak2_u100-005_seed-0_sample-1_model.pdb,6.269540309906006
af3_cluster,ak2-clustered-ak2_u100-006_seed-0_sample-1_model.pdb,6.201618671417236
af3_cluster,ak2-clustered-ak2_u100-007_seed-0_sample-1_model.pdb,6.114594459533691
af3_cluster,ak2-clustered-ak2_u100-008_seed-0_sample-1_model.pdb,6.254467487335205
af3_cluster,ak2-clustered-ak2_u100-009_seed-0_sample-1_model.pdb,6.354292392730713
af3sample2,ak2-clustered-result_model_1_ptm_pred_1_nodropout_perturbed_msa_seed-0_sample-1_model.pdb,6.252503395080566
af3sample2,ak2-clustered-result_model_1_ptm_pred_2_nodropout_perturbed_msa_seed-0_sample-1_model.pdb,6.392693996429443
af3sample2,ak2-clustered-result_model_1_ptm_pred_3_nodropout_perturbed_msa_seed-0_sample-1_model.pdb,6.244328022003174
af3sample2,ak2-clustered-result_model_1_ptm_pred_4_nodropout_perturbed_msa_seed-0_sample-1_model.pdb,6.511837005615234
af3sample2,ak2-clustered-result_model_1_ptm_pred_5_nodropout_perturbed_msa_seed-0_sample-1_model.pdb,6.476703643798828
af3sample2,ak2-clustered-result_model_1_ptm_pred_6_nodropout_perturbed_msa_seed-0_sample-1_model.pdb,6.30786657333374
af3sample2,ak2-clustered-result_model_1_ptm_pred_7_nodropout_perturbed_msa_seed-0_sample-1_model.pdb,6.417830944061279
af3sample2,ak2-clustered-result_model_1_ptm_pred_8_nodropout_perturbed_msa_seed-0_sample-1_model.pdb,6.418905735015869
af3sample2,ak2-clustered-result_model_1_ptm_pred_9_nodropout_perturbed_msa_seed-0_sample-1_model.pdb,6.270908355712891
af3sample2,ak2-clustered-result_model_1_ptm_pred_10_nodropout_perturbed_msa_seed-0_sample-1_model.pdb,6.248595237731934
af3sample2,ak2-clustered-result_model_1_ptm_pred_11_nodropout_perturbed_msa_seed-0_sample-1_model.pdb,6.477598667144775
af3sample2,ak2-clustered-result_model_1_ptm_pred_12_nodropout_perturbed_msa_seed-0_sample-1_model.pdb,6.481597900390625
af3sample2,ak2-clustered-result_model_1_ptm_pred_13_nodropout_perturbed_msa_seed-0_sample-1_model.pdb,6.346025466918945
af3sample2,ak2-clustered-result_model_1_ptm_pred_14_nodropout_perturbed_msa_seed-0_sample-1_model.pdb,6.26637601852417
af3sample2,ak2-clustered-result_model_1_ptm_pred_15_nodropout_perturbed_msa_seed-0_sample-1_model.pdb,6.251253604888916
af3sample2,ak2-clustered-result_model_1_ptm_pred_16_nodropout_perturbed_msa_seed-0_sample-1_model.pdb,6.237555503845215
af3sample2,ak2-clustered-result_model_1_ptm_pred_17_nodropout_perturbed_msa_seed-0_sample-1_model.pdb,6.262364387512207
af3sample2,ak2-clustered-result_model_1_ptm_pred_18_nodropout_perturbed_msa_seed-0_sample-1_model.pdb,6.331228733062744
af3sample2,ak2-clustered-result_model_1_ptm_pred_19_nodropout_perturbed_msa_seed-0_sample-1_model.pdb,6.36176872253418
af3sample2,ak2-clustered-result_model_1_ptm_pred_20_nodropout_perturbed_msa_seed-0_sample-1_model.pdb,6.29317045211792
af3sample2,ak2-clustered-result_model_1_ptm_pred_21_nodropout_perturbed_msa_seed-0_sample-1_model.pdb,6.246037006378174
af3sample2,ak2-clustered-result_model_1_ptm_pred_22_nodropout_perturbed_msa_seed-0_sample-1_model.pdb,6.467402935028076
af3sample2,ak2-clustered-result_model_1_ptm_pred_23_nodropout_perturbed_msa_seed-0_sample-1_model.pdb,6.356735229492188
af3sample2,ak2-clustered-result_model_1_ptm_pred_24_nodropout_perturbed_msa_seed-0_sample-1_model.pdb,6.260234355926514
af3sample2,ak2-clustered-result_model_1_ptm_pred_25_nodropout_perturbed_msa_seed-0_sample-1_model.pdb,6.377179145812988
af3sample2,ak2-clustered-result_model_1_ptm_pred_26_nodropout_perturbed_msa_seed-0_sample-1_model.pdb,6.261673927307129
af3sample2,ak2-clustered-result_model_1_ptm_pred_27_nodropout_perturbed_msa_seed-0_sample-1_model.pdb,6.479811191558838
af3sample2,ak2-clustered-result_model_1_ptm_pred_28_nodropout_perturbed_msa_seed-0_sample-1_model.pdb,6.277445316314697
af3sample2,ak2-clustered-result_model_1_ptm_pred_29_nodropout_perturbed_msa_seed-0_sample-1_model.pdb,6.235758304595947
af3sample2,ak2-clustered-result_model_1_ptm_pred_30_nodropout_perturbed_msa_seed-0_sample-1_model.pdb,6.288269519805908
af3sample2,ak2-clustered-result_model_1_ptm_pred_31_nodropout_perturbed_msa_seed-0_sample-1_model.pdb,6.348686695098877
af3sample2,ak2-clustered-result_model_1_ptm_pred_32_nodropout_perturbed_msa_seed-0_sample-1_model.pdb,6.228639602661133
af3sample2,ak2-clustered-result_model_1_ptm_pred_33_nodropout_perturbed_msa_seed-0_sample-1_model.pdb,6.239644527435303
af3sample2,ak2-clustered-result_model_1_ptm_pred_34_nodropout_perturbed_msa_seed-0_sample-1_model.pdb,6.259362697601318
af3sample2,ak2-clustered-result_model_1_ptm_pred_35_nodropout_perturbed_msa_seed-0_sample-1_model.pdb,6.236323833465576
af3sample2,ak2-clustered-result_model_1_ptm_pred_36_nodropout_perturbed_msa_seed-0_sample-1_model.pdb,6.239991188049316
af3sample2,ak2-clustered-result_model_1_ptm_pred_37_nodropout_perturbed_msa_seed-0_sample-1_model.pdb,6.43418025970459
af3sample2,ak2-clustered-result_model_1_ptm_pred_38_nodropout_perturbed_msa_seed-0_sample-1_model.pdb,6.252161979675293
af3sample2,ak2-clustered-result_model_1_ptm_pred_39_nodropout_perturbed_msa_seed-0_sample-1_model.pdb,6.300539970397949
af3sample2,ak2-clustered-result_model_1_ptm_pred_40_nodropout_perturbed_msa_seed-0_sample-1_model.pdb,6.2452392578125
af3sample2,ak2-clustered-result_model_1_ptm_pred_41_nodropout_perturbed_msa_seed-0_sample-1_model.pdb,6.390414714813232
af3sample2,ak2-clustered-result_model_1_ptm_pred_42_nodropout_perturbed_msa_seed-0_sample-1_model.pdb,6.298679351806641
af3sample2,ak2-clustered-result_model_1_ptm_pred_43_nodropout_perturbed_msa_seed-0_sample-1_model.pdb,6.250997066497803
af3sample2,ak2-clustered-result_model_1_ptm_pred_44_nodropout_perturbed_msa_seed-0_sample-1_model.pdb,6.307063102722168
af3sample2,ak2-clustered-result_model_1_ptm_pred_45_nodropout_perturbed_msa_seed-0_sample-1_model.pdb,6.25130558013916
af3sample2,ak2-clustered-result_model_1_ptm_pred_46_nodropout_perturbed_msa_seed-0_sample-1_model.pdb,6.30915641784668
af3sample2,ak2-clustered-result_model_1_ptm_pred_47_nodropout_perturbed_msa_seed-0_sample-1_model.pdb,6.245812892913818
af3sample2,ak2-clustered-result_model_1_ptm_pred_48_nodropout_perturbed_msa_seed-0_sample-1_model.pdb,6.239398002624512
af3sample2,ak2-clustered-result_model_1_ptm_pred_49_nodropout_perturbed_msa_seed-0_sample-1_model.pdb,6.35156774520874
af3sample2,ak2-clustered-result_model_1_ptm_pred_50_nodropout_perturbed_msa_seed-0_sample-1_model.pdb,6.23094654083252
af3sample2,ak2-clustered-result_model_1_ptm_pred_51_nodropout_perturbed_msa_seed-0_sample-1_model.pdb,6.227565765380859
af3sample2,ak2-clustered-result_model_1_ptm_pred_52_nodropout_perturbed_msa_seed-0_sample-1_model.pdb,6.459197998046875
af3sample2,ak2-clustered-result_model_1_ptm_pred_53_nodropout_perturbed_msa_seed-0_sample-1_model.pdb,6.428342819213867
af3sample2,ak2-clustered-result_model_1_ptm_pred_54_nodropout_perturbed_msa_seed-0_sample-1_model.pdb,6.267742156982422
af3sample2,ak2-clustered-result_model_1_ptm_pred_55_nodropout_perturbed_msa_seed-0_sample-1_model.pdb,6.438564300537109
af3sample2,ak2-clustered-result_model_1_ptm_pred_56_nodropout_perturbed_msa_seed-0_sample-1_model.pdb,6.225596904754639
af3sample2,ak2-clustered-result_model_1_ptm_pred_57_nodropout_perturbed_msa_seed-0_sample-1_model.pdb,6.256618022918701
af3sample2,ak2-clustered-result_model_1_ptm_pred_58_nodropout_perturbed_msa_seed-0_sample-1_model.pdb,6.425789833068848
af3sample2,ak2-clustered-result_model_1_ptm_pred_59_nodropout_perturbed_msa_seed-0_sample-1_model.pdb,6.246524333953857
af3sample2,ak2-clustered-result_model_1_ptm_pred_60_nodropout_perturbed_msa_seed-0_sample-1_model.pdb,6.383551120758057
af3sample2,ak2-clustered-result_model_1_ptm_pred_61_nodropout_perturbed_msa_seed-0_sample-1_model.pdb,6.440303802490234
af3sample2,ak2-clustered-result_model_1_ptm_pred_62_nodropout_perturbed_msa_seed-0_sample-1_model.pdb,6.321242332458496
af3sample2,ak2-clustered-result_model_1_ptm_pred_63_nodropout_perturbed_msa_seed-0_sample-1_model.pdb,6.353024005889893
af3sample2,ak2-clustered-result_model_1_ptm_pred_64_nodropout_perturbed_msa_seed-0_sample-1_model.pdb,6.221492290496826
af3sample2,ak2-clustered-result_model_1_ptm_pred_65_nodropout_perturbed_msa_seed-0_sample-1_model.pdb,6.231567859649658
af3sample2,ak2-clustered-result_model_1_ptm_pred_66_nodropout_perturbed_msa_seed-0_sample-1_model.pdb,6.347283840179443
af3sample2,ak2-clustered-result_model_1_ptm_pred_67_nodropout_perturbed_msa_seed-0_sample-1_model.pdb,6.371050834655762
af3sample2,ak2-clustered-result_model_1_ptm_pred_68_nodropout_perturbed_msa_seed-0_sample-1_model.pdb,6.358750820159912
af3sample2,ak2-clustered-result_model_1_ptm_pred_69_nodropout_perturbed_msa_seed-0_sample-1_model.pdb,6.238722801208496
af3sample2,ak2-clustered-result_model_1_ptm_pred_70_nodropout_perturbed_msa_seed-0_sample-1_model.pdb,6.230204105377197
af3sample2,ak2-clustered-result_model_1_ptm_pred_71_nodropout_perturbed_msa_seed-0_sample-1_model.pdb,6.257937431335449
af3sample2,ak2-clustered-result_model_1_ptm_pred_72_nodropout_perturbed_msa_seed-0_sample-1_model.pdb,6.359366416931152
af3sample2,ak2-clustered-result_model_1_ptm_pred_73_nodropout_perturbed_msa_seed-0_sample-1_model.pdb,6.24146032333374
af3sample2,ak2-clustered-result_model_1_ptm_pred_74_nodropout_perturbed_msa_seed-0_sample-1_model.pdb,6.327269554138184
af3sample2,ak2-clustered-result_model_1_ptm_pred_75_nodropout_perturbed_msa_seed-0_sample-1_model.pdb,6.379096031188965
af3sample2,ak2-clustered-result_model_1_ptm_pred_76_nodropout_perturbed_msa_seed-0_sample-1_model.pdb,6.23356819152832
af3sample2,ak2-clustered-result_model_1_ptm_pred_77_nodropout_perturbed_msa_seed-0_sample-1_model.pdb,6.475308418273926
af3sample2,ak2-clustered-result_model_1_ptm_pred_78_nodropout_perturbed_msa_seed-0_sample-1_model.pdb,6.241026878356934
af3sample2,ak2-clustered-result_model_1_ptm_pred_79_nodropout_perturbed_msa_seed-0_sample-1_model.pdb,6.245329856872559
af3sample2,ak2-clustered-result_model_1_ptm_pred_80_nodropout_perturbed_msa_seed-0_sample-1_model.pdb,6.242789268493652
af3sample2,ak2-clustered-result_model_1_ptm_pred_81_nodropout_perturbed_msa_seed-0_sample-1_model.pdb,6.443284034729004
af3sample2,ak2-clustered-result_model_1_ptm_pred_82_nodropout_perturbed_msa_seed-0_sample-1_model.pdb,6.274353504180908
af3sample2,ak2-clustered-result_model_1_ptm_pred_83_nodropout_perturbed_msa_seed-0_sample-1_model.pdb,6.458935737609863
af3sample2,ak2-clustered-result_model_1_ptm_pred_84_nodropout_perturbed_msa_seed-0_sample-1_model.pdb,6.237811088562012
af3sample2,ak2-clustered-result_model_1_ptm_pred_85_nodropout_perturbed_msa_seed-0_sample-1_model.pdb,6.475195407867432
af3sample2,ak2-clustered-result_model_1_ptm_pred_86_nodropout_perturbed_msa_seed-0_sample-1_model.pdb,6.3784661293029785
af3sample2,ak2-clustered-result_model_1_ptm_pred_87_nodropout_perturbed_msa_seed-0_sample-1_model.pdb,6.355771064758301
af3sample2,ak2-clustered-result_model_1_ptm_pred_88_nodropout_perturbed_msa_seed-0_sample-1_model.pdb,6.232371807098389
af3sample2,ak2-clustered-result_model_1_ptm_pred_89_nodropout_perturbed_msa_seed-0_sample-1_model.pdb,6.421301364898682
af3sample2,ak2-clustered-result_model_1_ptm_pred_90_nodropout_perturbed_msa_seed-0_sample-1_model.pdb,6.234111785888672
af3sample2,ak2-clustered-result_model_1_ptm_pred_91_nodropout_perturbed_msa_seed-0_sample-1_model.pdb,6.267288684844971
af3sample2,ak2-clustered-result_model_1_ptm_pred_92_nodropout_perturbed_msa_seed-0_sample-1_model.pdb,6.27863883972168
af3sample2,ak2-clustered-result_model_1_ptm_pred_93_nodropout_perturbed_msa_seed-0_sample-1_model.pdb,6.231155872344971
af3sample2,ak2-clustered-result_model_1_ptm_pred_94_nodropout_perturbed_msa_seed-0_sample-1_model.pdb,6.309895992279053
af3sample2,ak2-clustered-result_model_1_ptm_pred_95_nodropout_perturbed_msa_seed-0_sample-1_model.pdb,6.442107200622559
af3sample2,ak2-clustered-result_model_1_ptm_pred_96_nodropout_perturbed_msa_seed-0_sample-1_model.pdb,6.241713523864746
af3sample2,ak2-clustered-result_model_1_ptm_pred_97_nodropout_perturbed_msa_seed-0_sample-1_model.pdb,6.30461311340332
af3sample2,ak2-clustered-result_model_1_ptm_pred_98_nodropout_perturbed_msa_seed-0_sample-1_model.pdb,6.31241512298584
af3sample2,ak2-clustered-result_model_1_ptm_pred_99_nodropout_perturbed_msa_seed-0_sample-1_model.pdb,6.272010803222656
af3sample2,ak2-clustered-result_model_1_ptm_pred_100_nodropout_perturbed_msa_seed-0_sample-1_model.pdb,6.412832736968994
af3sample2,ak2-clustered-result_model_2_ptm_pred_1_nodropout_perturbed_msa_seed-0_sample-1_model.pdb,6.444706916809082
af3sample2,ak2-clustered-result_model_2_ptm_pred_2_nodropout_perturbed_msa_seed-0_sample-1_model.pdb,6.433024883270264
af3sample2,ak2-clustered-result_model_2_ptm_pred_3_nodropout_perturbed_msa_seed-0_sample-1_model.pdb,6.316139221191406
af3sample2,ak2-clustered-result_model_2_ptm_pred_4_nodropout_perturbed_msa_seed-0_sample-1_model.pdb,6.308932781219482
af3sample2,ak2-clustered-result_model_2_ptm_pred_5_nodropout_perturbed_msa_seed-0_sample-1_model.pdb,6.24630880355835
af3sample2,ak2-clustered-result_model_2_ptm_pred_6_nodropout_perturbed_msa_seed-0_sample-1_model.pdb,6.243886470794678
af3sample2,ak2-clustered-result_model_2_ptm_pred_7_nodropout_perturbed_msa_seed-0_sample-1_model.pdb,6.380644798278809
af3sample2,ak2-clustered-result_model_2_ptm_pred_8_nodropout_perturbed_msa_seed-0_sample-1_model.pdb,6.2872314453125
af3sample2,ak2-clustered-result_model_2_ptm_pred_9_nodropout_perturbed_msa_seed-0_sample-1_model.pdb,6.2719244956970215
af3sample2,ak2-clustered-result_model_2_ptm_pred_10_nodropout_perturbed_msa_seed-0_sample-1_model.pdb,6.408609390258789
af3sample2,ak2-clustered-result_model_2_ptm_pred_11_nodropout_perturbed_msa_seed-0_sample-1_model.pdb,6.357052803039551
af3sample2,ak2-clustered-result_model_2_ptm_pred_12_nodropout_perturbed_msa_seed-0_sample-1_model.pdb,6.314638137817383
af3sample2,ak2-clustered-result_model_2_ptm_pred_13_nodropout_perturbed_msa_seed-0_sample-1_model.pdb,6.488551139831543
af3sample2,ak2-clustered-result_model_2_ptm_pred_14_nodropout_perturbed_msa_seed-0_sample-1_model.pdb,6.277453422546387
af3sample2,ak2-clustered-result_model_2_ptm_pred_15_nodropout_perturbed_msa_seed-0_sample-1_model.pdb,6.304571628570557
af3sample2,ak2-clustered-result_model_2_ptm_pred_16_nodropout_perturbed_msa_seed-0_sample-1_model.pdb,6.319728851318359
af3sample2,ak2-clustered-result_model_2_ptm_pred_17_nodropout_perturbed_msa_seed-0_sample-1_model.pdb,6.429330825805664
af3sample2,ak2-clustered-result_model_2_ptm_pred_18_nodropout_perturbed_msa_seed-0_sample-1_model.pdb,6.271451950073242
af3sample2,ak2-clustered-result_model_2_ptm_pred_19_nodropout_perturbed_msa_seed-0_sample-1_model.pdb,6.297979354858398
af3sample2,ak2-clustered-result_model_2_ptm_pred_20_nodropout_perturbed_msa_seed-0_sample-1_model.pdb,6.261364459991455
af3sample2,ak2-clustered-result_model_2_ptm_pred_21_nodropout_perturbed_msa_seed-0_sample-1_model.pdb,6.417327880859375
af3sample2,ak2-clustered-result_model_2_ptm_pred_22_nodropout_perturbed_msa_seed-0_sample-1_model.pdb,6.352568626403809
af3sample2,ak2-clustered-result_model_2_ptm_pred_23_nodropout_perturbed_msa_seed-0_sample-1_model.pdb,6.250772953033447
af3sample2,ak2-clustered-result_model_2_ptm_pred_24_nodropout_perturbed_msa_seed-0_sample-1_model.pdb,6.268961429595947
af3sample2,ak2-clustered-result_model_2_ptm_pred_25_nodropout_perturbed_msa_seed-0_sample-1_model.pdb,6.374557971954346
af3sample2,ak2-clustered-result_model_2_ptm_pred_26_nodropout_perturbed_msa_seed-0_sample-1_model.pdb,6.269199848175049
af3sample2,ak2-clustered-result_model_2_ptm_pred_27_nodropout_perturbed_msa_seed-0_sample-1_model.pdb,6.42384672164917
af3sample2,ak2-clustered-result_model_2_ptm_pred_28_nodropout_perturbed_msa_seed-0_sample-1_model.pdb,6.2222208976745605
af3sample2,ak2-clustered-result_model_2_ptm_pred_29_nodropout_perturbed_msa_seed-0_sample-1_model.pdb,6.450117111206055
af3sample2,ak2-clustered-result_model_2_ptm_pred_30_nodropout_perturbed_msa_seed-0_sample-1_model.pdb,6.256629467010498
af3sample2,ak2-clustered-result_model_2_ptm_pred_31_nodropout_perturbed_msa_seed-0_sample-1_model.pdb,6.327164173126221
af3sample2,ak2-clustered-result_model_2_ptm_pred_32_nodropout_perturbed_msa_seed-0_sample-1_model.pdb,6.37101411819458
af3sample2,ak2-clustered-result_model_2_ptm_pred_33_nodropout_perturbed_msa_seed-0_sample-1_model.pdb,6.245514869689941
af3sample2,ak2-clustered-result_model_2_ptm_pred_34_nodropout_perturbed_msa_seed-0_sample-1_model.pdb,6.339531898498535
af3sample2,ak2-clustered-result_model_2_ptm_pred_35_nodropout_perturbed_msa_seed-0_sample-1_model.pdb,6.2776594161987305
af3sample2,ak2-clustered-result_model_2_ptm_pred_36_nodropout_perturbed_msa_seed-0_sample-1_model.pdb,6.254696369171143
af3sample2,ak2-clustered-result_model_2_ptm_pred_37_nodropout_perturbed_msa_seed-0_sample-1_model.pdb,6.2244415283203125
af3sample2,ak2-clustered-result_model_2_ptm_pred_38_nodropout_perturbed_msa_seed-0_sample-1_model.pdb,6.218451976776123
af3sample2,ak2-clustered-result_model_2_ptm_pred_39_nodropout_perturbed_msa_seed-0_sample-1_model.pdb,6.465816974639893
af3sample2,ak2-clustered-result_model_2_ptm_pred_40_nodropout_perturbed_msa_seed-0_sample-1_model.pdb,6.379805088043213
af3sample2,ak2-clustered-result_model_2_ptm_pred_41_nodropout_perturbed_msa_seed-0_sample-1_model.pdb,6.253489971160889
af3sample2,ak2-clustered-result_model_2_ptm_pred_42_nodropout_perturbed_msa_seed-0_sample-1_model.pdb,6.394808292388916
af3sample2,ak2-clustered-result_model_2_ptm_pred_43_nodropout_perturbed_msa_seed-0_sample-1_model.pdb,6.229248523712158
af3sample2,ak2-clustered-result_model_2_ptm_pred_44_nodropout_perturbed_msa_seed-0_sample-1_model.pdb,6.23853063583374
af3sample2,ak2-clustered-result_model_2_ptm_pred_45_nodropout_perturbed_msa_seed-0_sample-1_model.pdb,6.259682655334473
af3sample2,ak2-clustered-result_model_2_ptm_pred_46_nodropout_perturbed_msa_seed-0_sample-1_model.pdb,6.412830829620361
af3sample2,ak2-clustered-result_model_2_ptm_pred_47_nodropout_perturbed_msa_seed-0_sample-1_model.pdb,6.273648738861084
af3sample2,ak2-clustered-result_model_2_ptm_pred_48_nodropout_perturbed_msa_seed-0_sample-1_model.pdb,6.3375115394592285
af3sample2,ak2-clustered-result_model_2_ptm_pred_49_nodropout_perturbed_msa_seed-0_sample-1_model.pdb,6.4252471923828125
af3sample2,ak2-clustered-result_model_2_ptm_pred_50_nodropout_perturbed_msa_seed-0_sample-1_model.pdb,6.303825855255127
af3sample2,ak2-clustered-result_model_2_ptm_pred_51_nodropout_perturbed_msa_seed-0_sample-1_model.pdb,6.328441143035889
af3sample2,ak2-clustered-result_model_2_ptm_pred_52_nodropout_perturbed_msa_seed-0_sample-1_model.pdb,6.368463039398193
af3sample2,ak2-clustered-result_model_2_ptm_pred_53_nodropout_perturbed_msa_seed-0_sample-1_model.pdb,6.251201152801514
af3sample2,ak2-clustered-result_model_2_ptm_pred_54_nodropout_perturbed_msa_seed-0_sample-1_model.pdb,6.266661167144775
af3sample2,ak2-clustered-result_model_2_ptm_pred_55_nodropout_perturbed_msa_seed-0_sample-1_model.pdb,6.2211594581604
af3sample2,ak2-clustered-result_model_2_ptm_pred_56_nodropout_perturbed_msa_seed-0_sample-1_model.pdb,6.314293384552002
af3sample2,ak2-clustered-result_model_2_ptm_pred_57_nodropout_perturbed_msa_seed-0_sample-1_model.pdb,6.4509806632995605
af3sample2,ak2-clustered-result_model_2_ptm_pred_58_nodropout_perturbed_msa_seed-0_sample-1_model.pdb,6.414470195770264
af3sample2,ak2-clustered-result_model_2_ptm_pred_59_nodropout_perturbed_msa_seed-0_sample-1_model.pdb,6.428501605987549
af3sample2,ak2-clustered-result_model_2_ptm_pred_60_nodropout_perturbed_msa_seed-0_sample-1_model.pdb,6.230557441711426
af3sample2,ak2-clustered-result_model_2_ptm_pred_61_nodropout_perturbed_msa_seed-0_sample-1_model.pdb,6.318793296813965
af3sample2,ak2-clustered-result_model_2_ptm_pred_62_nodropout_perturbed_msa_seed-0_sample-1_model.pdb,6.376629829406738
af3sample2,ak2-clustered-result_model_2_ptm_pred_63_nodropout_perturbed_msa_seed-0_sample-1_model.pdb,6.22465181350708
af3sample2,ak2-clustered-result_model_2_ptm_pred_64_nodropout_perturbed_msa_seed-0_sample-1_model.pdb,6.3638763427734375
af3sample2,ak2-clustered-result_model_2_ptm_pred_65_nodropout_perturbed_msa_seed-0_sample-1_model.pdb,6.279215335845947
af3sample2,ak2-clustered-result_model_2_ptm_pred_66_nodropout_perturbed_msa_seed-0_sample-1_model.pdb,6.227992534637451
af3sample2,ak2-clustered-result_model_2_ptm_pred_67_nodropout_perturbed_msa_seed-0_sample-1_model.pdb,6.41168212890625
af3sample2,ak2-clustered-result_model_2_ptm_pred_68_nodropout_perturbed_msa_seed-0_sample-1_model.pdb,6.239752292633057
af3sample2,ak2-clustered-result_model_2_ptm_pred_69_nodropout_perturbed_msa_seed-0_sample-1_model.pdb,6.324532985687256
af3sample2,ak2-clustered-result_model_2_ptm_pred_70_nodropout_perturbed_msa_seed-0_sample-1_model.pdb,6.410935878753662
af3sample2,ak2-clustered-result_model_2_ptm_pred_71_nodropout_perturbed_msa_seed-0_sample-1_model.pdb,6.369502544403076
af3sample2,ak2-clustered-result_model_2_ptm_pred_72_nodropout_perturbed_msa_seed-0_sample-1_model.pdb,6.26195764541626
af3sample2,ak2-clustered-result_model_2_ptm_pred_73_nodropout_perturbed_msa_seed-0_sample-1_model.pdb,6.433591842651367
af3sample2,ak2-clustered-result_model_2_ptm_pred_74_nodropout_perturbed_msa_seed-0_sample-1_model.pdb,6.363528251647949
af3sample2,ak2-clustered-result_model_2_ptm_pred_75_nodropout_perturbed_msa_seed-0_sample-1_model.pdb,6.41590690612793
af3sample2,ak2-clustered-result_model_2_ptm_pred_76_nodropout_perturbed_msa_seed-0_sample-1_model.pdb,6.244802474975586
af3sample2,ak2-clustered-result_model_2_ptm_pred_77_nodropout_perturbed_msa_seed-0_sample-1_model.pdb,6.246343612670898
af3sample2,ak2-clustered-result_model_2_ptm_pred_78_nodropout_perturbed_msa_seed-0_sample-1_model.pdb,6.259590148925781
af3sample2,ak2-clustered-result_model_2_ptm_pred_79_nodropout_perturbed_msa_seed-0_sample-1_model.pdb,6.256455898284912
af3sample2,ak2-clustered-result_model_2_ptm_pred_80_nodropout_perturbed_msa_seed-0_sample-1_model.pdb,6.222196578979492
af3sample2,ak2-clustered-result_model_2_ptm_pred_81_nodropout_perturbed_msa_seed-0_sample-1_model.pdb,6.4252119064331055
af3sample2,ak2-clustered-result_model_2_ptm_pred_82_nodropout_perturbed_msa_seed-0_sample-1_model.pdb,6.270414352416992
af3sample2,ak2-clustered-result_model_2_ptm_pred_83_nodropout_perturbed_msa_seed-0_sample-1_model.pdb,6.331262588500977
af3sample2,ak2-clustered-result_model_2_ptm_pred_84_nodropout_perturbed_msa_seed-0_sample-1_model.pdb,6.226585865020752
af3sample2,ak2-clustered-result_model_2_ptm_pred_85_nodropout_perturbed_msa_seed-0_sample-1_model.pdb,6.2544708251953125
af3sample2,ak2-clustered-result_model_2_ptm_pred_86_nodropout_perturbed_msa_seed-0_sample-1_model.pdb,6.25482702255249
af3sample2,ak2-clustered-result_model_2_ptm_pred_87_nodropout_perturbed_msa_seed-0_sample-1_model.pdb,6.23846960067749
af3sample2,ak2-clustered-result_model_2_ptm_pred_88_nodropout_perturbed_msa_seed-0_sample-1_model.pdb,6.2552490234375
af3sample2,ak2-clustered-result_model_2_ptm_pred_89_nodropout_perturbed_msa_seed-0_sample-1_model.pdb,6.248631000518799
af3sample2,ak2-clustered-result_model_2_ptm_pred_90_nodropout_perturbed_msa_seed-0_sample-1_model.pdb,6.319321632385254
af3sample2,ak2-clustered-result_model_2_ptm_pred_91_nodropout_perturbed_msa_seed-0_sample-1_model.pdb,6.423011302947998
af3sample2,ak2-clustered-result_model_2_ptm_pred_92_nodropout_perturbed_msa_seed-0_sample-1_model.pdb,6.341691017150879
af3sample2,ak2-clustered-result_model_2_ptm_pred_93_nodropout_perturbed_msa_seed-0_sample-1_model.pdb,6.223823070526123
af3sample2,ak2-clustered-result_model_2_ptm_pred_94_nodropout_perturbed_msa_seed-0_sample-1_model.pdb,6.269341468811035
af3sample2,ak2-clustered-result_model_2_ptm_pred_95_nodropout_perturbed_msa_seed-0_sample-1_model.pdb,6.2361555099487305
af3sample2,ak2-clustered-result_model_2_ptm_pred_96_nodropout_perturbed_msa_seed-0_sample-1_model.pdb,6.425704479217529
af3sample2,ak2-clustered-result_model_2_ptm_pred_97_nodropout_perturbed_msa_seed-0_sample-1_model.pdb,6.282371997833252
af3sample2,ak2-clustered-result_model_2_ptm_pred_98_nodropout_perturbed_msa_seed-0_sample-1_model.pdb,6.251091957092285
af3sample2,ak2-clustered-result_model_2_ptm_pred_99_nodropout_perturbed_msa_seed-0_sample-1_model.pdb,6.389010429382324
af3sample2,ak2-clustered-result_model_2_ptm_pred_100_nodropout_perturbed_msa_seed-0_sample-1_model.pdb,6.248969078063965
af3sample2,ak2-clustered-result_model_3_ptm_pred_1_nodropout_perturbed_msa_seed-0_sample-1_model.pdb,6.245280742645264
af3sample2,ak2-clustered-result_model_3_ptm_pred_2_nodropout_perturbed_msa_seed-0_sample-1_model.pdb,6.265633583068848
af3sample2,ak2-clustered-result_model_3_ptm_pred_3_nodropout_perturbed_msa_seed-0_sample-1_model.pdb,6.487521648406982
af3sample2,ak2-clustered-result_model_3_ptm_pred_4_nodropout_perturbed_msa_seed-0_sample-1_model.pdb,6.26395845413208
af3sample2,ak2-clustered-result_model_3_ptm_pred_5_nodropout_perturbed_msa_seed-0_sample-1_model.pdb,6.221207618713379
af3sample2,ak2-clustered-result_model_3_ptm_pred_6_nodropout_perturbed_msa_seed-0_sample-1_model.pdb,6.371311664581299
af3sample2,ak2-clustered-result_model_3_ptm_pred_7_nodropout_perturbed_msa_seed-0_sample-1_model.pdb,6.362220287322998
af3sample2,ak2-clustered-result_model_3_ptm_pred_8_nodropout_perturbed_msa_seed-0_sample-1_model.pdb,6.244329929351807
af3sample2,ak2-clustered-result_model_3_ptm_pred_9_nodropout_perturbed_msa_seed-0_sample-1_model.pdb,6.248120307922363
af3sample2,ak2-clustered-result_model_3_ptm_pred_10_nodropout_perturbed_msa_seed-0_sample-1_model.pdb,6.316111564636231
af3sample2,ak2-clustered-result_model_3_ptm_pred_11_nodropout_perturbed_msa_seed-0_sample-1_model.pdb,6.235332489013672
af3sample2,ak2-clustered-result_model_3_ptm_pred_12_nodropout_perturbed_msa_seed-0_sample-1_model.pdb,6.227506637573242
af3sample2,ak2-clustered-result_model_3_ptm_pred_13_nodropout_perturbed_msa_seed-0_sample-1_model.pdb,6.405089855194092
af3sample2,ak2-clustered-result_model_3_ptm_pred_14_nodropout_perturbed_msa_seed-0_sample-1_model.pdb,6.416158676147461
af3sample2,ak2-clustered-result_model_3_ptm_pred_15_nodropout_perturbed_msa_seed-0_sample-1_model.pdb,6.2494096755981445
af3sample2,ak2-clustered-result_model_3_ptm_pred_16_nodropout_perturbed_msa_seed-0_sample-1_model.pdb,6.361537456512451
af3sample2,ak2-clustered-result_model_3_ptm_pred_17_nodropout_perturbed_msa_seed-0_sample-1_model.pdb,6.447927474975586
af3sample2,ak2-clustered-result_model_3_ptm_pred_18_nodropout_perturbed_msa_seed-0_sample-1_model.pdb,6.441431045532227
af3sample2,ak2-clustered-result_model_3_ptm_pred_19_nodropout_perturbed_msa_seed-0_sample-1_model.pdb,6.244927883148193
af3sample2,ak2-clustered-result_model_3_ptm_pred_20_nodropout_perturbed_msa_seed-0_sample-1_model.pdb,6.356235504150391
af3sample2,ak2-clustered-result_model_3_ptm_pred_21_nodropout_perturbed_msa_seed-0_sample-1_model.pdb,6.249104499816895
af3sample2,ak2-clustered-result_model_3_ptm_pred_22_nodropout_perturbed_msa_seed-0_sample-1_model.pdb,6.327666282653809
af3sample2,ak2-clustered-result_model_3_ptm_pred_23_nodropout_perturbed_msa_seed-0_sample-1_model.pdb,6.271589279174805
af3sample2,ak2-clustered-result_model_3_ptm_pred_24_nodropout_perturbed_msa_seed-0_sample-1_model.pdb,6.230112075805664
af3sample2,ak2-clustered-result_model_3_ptm_pred_25_nodropout_perturbed_msa_seed-0_sample-1_model.pdb,6.4657301902771
af3sample2,ak2-clustered-result_model_3_ptm_pred_26_nodropout_perturbed_msa_seed-0_sample-1_model.pdb,6.326864719390869
af3sample2,ak2-clustered-result_model_3_ptm_pred_27_nodropout_perturbed_msa_seed-0_sample-1_model.pdb,6.380073547363281
af3sample2,ak2-clustered-result_model_3_ptm_pred_28_nodropout_perturbed_msa_seed-0_sample-1_model.pdb,6.285326480865479
af3sample2,ak2-clustered-result_model_3_ptm_pred_29_nodropout_perturbed_msa_seed-0_sample-1_model.pdb,6.245059013366699
af3sample2,ak2-clustered-result_model_3_ptm_pred_30_nodropout_perturbed_msa_seed-0_sample-1_model.pdb,6.423130035400391
af3sample2,ak2-clustered-result_model_3_ptm_pred_31_nodropout_perturbed_msa_seed-0_sample-1_model.pdb,6.238399028778076
af3sample2,ak2-clustered-result_model_3_ptm_pred_32_nodropout_perturbed_msa_seed-0_sample-1_model.pdb,6.22715950012207
af3sample2,ak2-clustered-result_model_3_ptm_pred_33_nodropout_perturbed_msa_seed-0_sample-1_model.pdb,6.277880668640137
af3sample2,ak2-clustered-result_model_3_ptm_pred_34_nodropout_perturbed_msa_seed-0_sample-1_model.pdb,6.340324401855469
af3sample2,ak2-clustered-result_model_3_ptm_pred_35_nodropout_perturbed_msa_seed-0_sample-1_model.pdb,6.344993591308594
af3sample2,ak2-clustered-result_model_3_ptm_pred_36_nodropout_perturbed_msa_seed-0_sample-1_model.pdb,6.219562530517578
af3sample2,ak2-clustered-result_model_3_ptm_pred_37_nodropout_perturbed_msa_seed-0_sample-1_model.pdb,6.214138984680176
af3sample2,ak2-clustered-result_model_3_ptm_pred_38_nodropout_perturbed_msa_seed-0_sample-1_model.pdb,6.246531963348389
af3sample2,ak2-clustered-result_model_3_ptm_pred_39_nodropout_perturbed_msa_seed-0_sample-1_model.pdb,6.325380325317383
af3sample2,ak2-clustered-result_model_3_ptm_pred_40_nodropout_perturbed_msa_seed-0_sample-1_model.pdb,6.364823341369629
af3sample2,ak2-clustered-result_model_3_ptm_pred_41_nodropout_perturbed_msa_seed-0_sample-1_model.pdb,6.454435348510742
af3sample2,ak2-clustered-result_model_3_ptm_pred_42_nodropout_perturbed_msa_seed-0_sample-1_model.pdb,6.395950794219971
af3sample2,ak2-clustered-result_model_3_ptm_pred_43_nodropout_perturbed_msa_seed-0_sample-1_model.pdb,6.392850399017334
af3sample2,ak2-clustered-result_model_3_ptm_pred_44_nodropout_perturbed_msa_seed-0_sample-1_model.pdb,6.247664928436279
af3sample2,ak2-clustered-result_model_3_ptm_pred_45_nodropout_perturbed_msa_seed-0_sample-1_model.pdb,6.248199939727783
af3sample2,ak2-clustered-result_model_3_ptm_pred_46_nodropout_perturbed_msa_seed-0_sample-1_model.pdb,6.232448577880859
af3sample2,ak2-clustered-result_model_3_ptm_pred_47_nodropout_perturbed_msa_seed-0_sample-1_model.pdb,6.252728462219238
af3sample2,ak2-clustered-result_model_3_ptm_pred_48_nodropout_perturbed_msa_seed-0_sample-1_model.pdb,6.257494449615479
af3sample2,ak2-clustered-result_model_3_ptm_pred_49_nodropout_perturbed_msa_seed-0_sample-1_model.pdb,6.268927097320557
af3sample2,ak2-clustered-result_model_3_ptm_pred_50_nodropout_perturbed_msa_seed-0_sample-1_model.pdb,6.219841003417969
af3sample2,ak2-clustered-result_model_3_ptm_pred_51_nodropout_perturbed_msa_seed-0_sample-1_model.pdb,6.47013521194458
af3sample2,ak2-clustered-result_model_3_ptm_pred_52_nodropout_perturbed_msa_seed-0_sample-1_model.pdb,6.252398014068604
af3sample2,ak2-clustered-result_model_3_ptm_pred_53_nodropout_perturbed_msa_seed-0_sample-1_model.pdb,6.253508567810059
af3sample2,ak2-clustered-result_model_3_ptm_pred_54_nodropout_perturbed_msa_seed-0_sample-1_model.pdb,6.250047206878662
af3sample2,ak2-clustered-result_model_3_ptm_pred_55_nodropout_perturbed_msa_seed-0_sample-1_model.pdb,6.233617305755615
af3sample2,ak2-clustered-result_model_3_ptm_pred_56_nodropout_perturbed_msa_seed-0_sample-1_model.pdb,6.470346450805664
af3sample2,ak2-clustered-result_model_3_ptm_pred_57_nodropout_perturbed_msa_seed-0_sample-1_model.pdb,6.446154594421387
af3sample2,ak2-clustered-result_model_3_ptm_pred_58_nodropout_perturbed_msa_seed-0_sample-1_model.pdb,6.237334251403809
af3sample2,ak2-clustered-result_model_3_ptm_pred_59_nodropout_perturbed_msa_seed-0_sample-1_model.pdb,6.2605977058410645
af3sample2,ak2-clustered-result_model_3_ptm_pred_60_nodropout_perturbed_msa_seed-0_sample-1_model.pdb,6.376638889312744
af3sample2,ak2-clustered-result_model_3_ptm_pred_61_nodropout_perturbed_msa_seed-0_sample-1_model.pdb,6.425220489501953
af3sample2,ak2-clustered-result_model_3_ptm_pred_62_nodropout_perturbed_msa_seed-0_sample-1_model.pdb,6.272148132324219
af3sample2,ak2-clustered-result_model_3_ptm_pred_63_nodropout_perturbed_msa_seed-0_sample-1_model.pdb,6.429365634918213
af3sample2,ak2-clustered-result_model_3_ptm_pred_64_nodropout_perturbed_msa_seed-0_sample-1_model.pdb,6.261676788330078
af3sample2,ak2-clustered-result_model_3_ptm_pred_65_nodropout_perturbed_msa_seed-0_sample-1_model.pdb,6.291285037994385
af3sample2,ak2-clustered-result_model_3_ptm_pred_66_nodropout_perturbed_msa_seed-0_sample-1_model.pdb,6.442868232727051
af3sample2,ak2-clustered-result_model_3_ptm_pred_67_nodropout_perturbed_msa_seed-0_sample-1_model.pdb,6.223273754119873
af3sample2,ak2-clustered-result_model_3_ptm_pred_68_nodropout_perturbed_msa_seed-0_sample-1_model.pdb,6.289164543151856
af3sample2,ak2-clustered-result_model_3_ptm_pred_69_nodropout_perturbed_msa_seed-0_sample-1_model.pdb,6.257825374603272
af3sample2,ak2-clustered-result_model_3_ptm_pred_70_nodropout_perturbed_msa_seed-0_sample-1_model.pdb,6.278316974639893
af3sample2,ak2-clustered-result_model_3_ptm_pred_71_nodropout_perturbed_msa_seed-0_sample-1_model.pdb,6.398233413696289
af3sample2,ak2-clustered-result_model_3_ptm_pred_72_nodropout_perturbed_msa_seed-0_sample-1_model.pdb,6.35606861114502
af3sample2,ak2-clustered-result_model_3_ptm_pred_73_nodropout_perturbed_msa_seed-0_sample-1_model.pdb,6.36771297454834
af3sample2,ak2-clustered-result_model_3_ptm_pred_74_nodropout_perturbed_msa_seed-0_sample-1_model.pdb,6.283166885375977
af3sample2,ak2-clustered-result_model_3_ptm_pred_75_nodropout_perturbed_msa_seed-0_sample-1_model.pdb,6.262492656707764
af3sample2,ak2-clustered-result_model_3_ptm_pred_76_nodropout_perturbed_msa_seed-0_sample-1_model.pdb,6.2716898918151855
af3sample2,ak2-clustered-result_model_3_ptm_pred_77_nodropout_perturbed_msa_seed-0_sample-1_model.pdb,6.47838830947876
af3sample2,ak2-clustered-result_model_3_ptm_pred_78_nodropout_perturbed_msa_seed-0_sample-1_model.pdb,6.2383880615234375
af3sample2,ak2-clustered-result_model_3_ptm_pred_79_nodropout_perturbed_msa_seed-0_sample-1_model.pdb,6.359241485595703
af3sample2,ak2-clustered-result_model_3_ptm_pred_80_nodropout_perturbed_msa_seed-0_sample-1_model.pdb,6.250362396240234
af3sample2,ak2-clustered-result_model_3_ptm_pred_81_nodropout_perturbed_msa_seed-0_sample-1_model.pdb,6.262540340423584
af3sample2,ak2-clustered-result_model_3_ptm_pred_82_nodropout_perturbed_msa_seed-0_sample-1_model.pdb,6.265546798706055
af3sample2,ak2-clustered-result_model_3_ptm_pred_83_nodropout_perturbed_msa_seed-0_sample-1_model.pdb,6.236209869384766
af3sample2,ak2-clustered-result_model_3_ptm_pred_84_nodropout_perturbed_msa_seed-0_sample-1_model.pdb,6.419500350952148
af3sample2,ak2-clustered-result_model_3_ptm_pred_85_nodropout_perturbed_msa_seed-0_sample-1_model.pdb,6.381474018096924
af3sample2,ak2-clustered-result_model_3_ptm_pred_86_nodropout_perturbed_msa_seed-0_sample-1_model.pdb,6.240469932556152
af3sample2,ak2-clustered-result_model_3_ptm_pred_87_nodropout_perturbed_msa_seed-0_sample-1_model.pdb,6.232956409454346
af3sample2,ak2-clustered-result_model_3_ptm_pred_88_nodropout_perturbed_msa_seed-0_sample-1_model.pdb,6.321764945983887
af3sample2,ak2-clustered-result_model_3_ptm_pred_89_nodropout_perturbed_msa_seed-0_sample-1_model.pdb,6.244155883789063
af3sample2,ak2-clustered-result_model_3_ptm_pred_90_nodropout_perturbed_msa_seed-0_sample-1_model.pdb,6.3359575271606445
af3sample2,ak2-clustered-result_model_3_ptm_pred_91_nodropout_perturbed_msa_seed-0_sample-1_model.pdb,6.431559085845947
af3sample2,ak2-clustered-result_model_3_ptm_pred_92_nodropout_perturbed_msa_seed-0_sample-1_model.pdb,6.253509521484375
af3sample2,ak2-clustered-result_model_3_ptm_pred_93_nodropout_perturbed_msa_seed-0_sample-1_model.pdb,6.417201519012451
af3sample2,ak2-clustered-result_model_3_ptm_pred_94_nodropout_perturbed_msa_seed-0_sample-1_model.pdb,6.381363391876221
af3sample2,ak2-clustered-result_model_3_ptm_pred_95_nodropout_perturbed_msa_seed-0_sample-1_model.pdb,6.225642681121826
af3sample2,ak2-clustered-result_model_3_ptm_pred_96_nodropout_perturbed_msa_seed-0_sample-1_model.pdb,6.439969062805176
af3sample2,ak2-clustered-result_model_3_ptm_pred_97_nodropout_perturbed_msa_seed-0_sample-1_model.pdb,6.231748104095459
af3sample2,ak2-clustered-result_model_3_ptm_pred_98_nodropout_perturbed_msa_seed-0_sample-1_model.pdb,6.343436241149902
af3sample2,ak2-clustered-result_model_3_ptm_pred_99_nodropout_perturbed_msa_seed-0_sample-1_model.pdb,6.245954513549805
af3sample2,ak2-clustered-result_model_3_ptm_pred_100_nodropout_perturbed_msa_seed-0_sample-1_model.pdb,6.389191150665283
af3sample2,ak2-clustered-result_model_4_ptm_pred_1_nodropout_perturbed_msa_seed-0_sample-1_model.pdb,6.234866142272949
af3sample2,ak2-clustered-result_model_4_ptm_pred_2_nodropout_perturbed_msa_seed-0_sample-1_model.pdb,6.386902332305908
af3sample2,ak2-clustered-result_model_4_ptm_pred_3_nodropout_perturbed_msa_seed-0_sample-1_model.pdb,6.301076889038086
af3sample2,ak2-clustered-result_model_4_ptm_pred_4_nodropout_perturbed_msa_seed-0_sample-1_model.pdb,6.306108474731445
af3sample2,ak2-clustered-result_model_4_ptm_pred_5_nodropout_perturbed_msa_seed-0_sample-1_model.pdb,6.242828845977783
af3sample2,ak2-clustered-result_model_4_ptm_pred_6_nodropout_perturbed_msa_seed-0_sample-1_model.pdb,6.228761196136475
af3sample2,ak2-clustered-result_model_4_ptm_pred_7_nodropout_perturbed_msa_seed-0_sample-1_model.pdb,6.406722068786621
af3sample2,ak2-clustered-result_model_4_ptm_pred_8_nodropout_perturbed_msa_seed-0_sample-1_model.pdb,6.215221881866455
af3sample2,ak2-clustered-result_model_4_ptm_pred_9_nodropout_perturbed_msa_seed-0_sample-1_model.pdb,6.229462146759033
af3sample2,ak2-clustered-result_model_4_ptm_pred_10_nodropout_perturbed_msa_seed-0_sample-1_model.pdb,6.263355255126953
af3sample2,ak2-clustered-result_model_4_ptm_pred_11_nodropout_perturbed_msa_seed-0_sample-1_model.pdb,6.471489906311035
af3sample2,ak2-clustered-result_model_4_ptm_pred_12_nodropout_perturbed_msa_seed-0_sample-1_model.pdb,6.256211280822754
af3sample2,ak2-clustered-result_model_4_ptm_pred_13_nodropout_perturbed_msa_seed-0_sample-1_model.pdb,6.256239891052246
af3sample2,ak2-clustered-result_model_4_ptm_pred_14_nodropout_perturbed_msa_seed-0_sample-1_model.pdb,6.453249931335449
af3sample2,ak2-clustered-result_model_4_ptm_pred_15_nodropout_perturbed_msa_seed-0_sample-1_model.pdb,6.44162130355835
af3sample2,ak2-clustered-result_model_4_ptm_pred_16_nodropout_perturbed_msa_seed-0_sample-1_model.pdb,6.252877235412598
af3sample2,ak2-clustered-result_model_4_ptm_pred_17_nodropout_perturbed_msa_seed-0_sample-1_model.pdb,6.48198127746582
af3sample2,ak2-clustered-result_model_4_ptm_pred_18_nodropout_perturbed_msa_seed-0_sample-1_model.pdb,6.256263256072998
af3sample2,ak2-clustered-result_model_4_ptm_pred_19_nodropout_perturbed_msa_seed-0_sample-1_model.pdb,6.241312026977539
af3sample2,ak2-clustered-result_model_4_ptm_pred_20_nodropout_perturbed_msa_seed-0_sample-1_model.pdb,6.4083452224731445
af3sample2,ak2-clustered-result_model_4_ptm_pred_21_nodropout_perturbed_msa_seed-0_sample-1_model.pdb,6.355115413665772
af3sample2,ak2-clustered-result_model_4_ptm_pred_22_nodropout_perturbed_msa_seed-0_sample-1_model.pdb,6.254058837890625
af3sample2,ak2-clustered-result_model_4_ptm_pred_23_nodropout_perturbed_msa_seed-0_sample-1_model.pdb,6.229572772979736
af3sample2,ak2-clustered-result_model_4_ptm_pred_24_nodropout_perturbed_msa_seed-0_sample-1_model.pdb,6.409537315368652
af3sample2,ak2-clustered-result_model_4_ptm_pred_25_nodropout_perturbed_msa_seed-0_sample-1_model.pdb,6.255497932434082
af3sample2,ak2-clustered-result_model_4_ptm_pred_26_nodropout_perturbed_msa_seed-0_sample-1_model.pdb,6.416253089904785
af3sample2,ak2-clustered-result_model_4_ptm_pred_27_nodropout_perturbed_msa_seed-0_sample-1_model.pdb,6.336522579193115
af3sample2,ak2-clustered-result_model_4_ptm_pred_28_nodropout_perturbed_msa_seed-0_sample-1_model.pdb,6.236339569091797
af3sample2,ak2-clustered-result_model_4_ptm_pred_29_nodropout_perturbed_msa_seed-0_sample-1_model.pdb,6.271104335784912
af3sample2,ak2-clustered-result_model_4_ptm_pred_30_nodropout_perturbed_msa_seed-0_sample-1_model.pdb,6.45037317276001
af3sample2,ak2-clustered-result_model_4_ptm_pred_31_nodropout_perturbed_msa_seed-0_sample-1_model.pdb,6.249165058135986
af3sample2,ak2-clustered-result_model_4_ptm_pred_32_nodropout_perturbed_msa_seed-0_sample-1_model.pdb,6.371091842651367
af3sample2,ak2-clustered-result_model_4_ptm_pred_33_nodropout_perturbed_msa_seed-0_sample-1_model.pdb,6.349864482879639
af3sample2,ak2-clustered-result_model_4_ptm_pred_34_nodropout_perturbed_msa_seed-0_sample-1_model.pdb,6.350637435913086
af3sample2,ak2-clustered-result_model_4_ptm_pred_35_nodropout_perturbed_msa_seed-0_sample-1_model.pdb,6.224430084228516
af3sample2,ak2-clustered-result_model_4_ptm_pred_36_nodropout_perturbed_msa_seed-0_sample-1_model.pdb,6.358693599700928
af3sample2,ak2-clustered-result_model_4_ptm_pred_37_nodropout_perturbed_msa_seed-0_sample-1_model.pdb,6.248349666595459
af3sample2,ak2-clustered-result_model_4_ptm_pred_38_nodropout_perturbed_msa_seed-0_sample-1_model.pdb,6.259492874145508
af3sample2,ak2-clustered-result_model_4_ptm_pred_39_nodropout_perturbed_msa_seed-0_sample-1_model.pdb,6.436913013458252
af3sample2,ak2-clustered-result_model_4_ptm_pred_40_nodropout_perturbed_msa_seed-0_sample-1_model.pdb,6.264963150024414
af3sample2,ak2-clustered-result_model_4_ptm_pred_41_nodropout_perturbed_msa_seed-0_sample-1_model.pdb,6.23529577255249
af3sample2,ak2-clustered-result_model_4_ptm_pred_42_nodropout_perturbed_msa_seed-0_sample-1_model.pdb,6.255245208740234
af3sample2,ak2-clustered-result_model_4_ptm_pred_43_nodropout_perturbed_msa_seed-0_sample-1_model.pdb,6.265565872192383
af3sample2,ak2-clustered-result_model_4_ptm_pred_44_nodropout_perturbed_msa_seed-0_sample-1_model.pdb,6.234721183776856
af3sample2,ak2-clustered-result_model_4_ptm_pred_45_nodropout_perturbed_msa_seed-0_sample-1_model.pdb,6.261377334594727
af3sample2,ak2-clustered-result_model_4_ptm_pred_46_nodropout_perturbed_msa_seed-0_sample-1_model.pdb,6.223889827728272
af3sample2,ak2-clustered-result_model_4_ptm_pred_47_nodropout_perturbed_msa_seed-0_sample-1_model.pdb,6.247987747192383
af3sample2,ak2-clustered-result_model_4_ptm_pred_48_nodropout_perturbed_msa_seed-0_sample-1_model.pdb,6.213615417480469
af3sample2,ak2-clustered-result_model_4_ptm_pred_49_nodropout_perturbed_msa_seed-0_sample-1_model.pdb,6.241037845611572
af3sample2,ak2-clustered-result_model_4_ptm_pred_50_nodropout_perturbed_msa_seed-0_sample-1_model.pdb,6.34063196182251
af3sample2,ak2-clustered-result_model_4_ptm_pred_51_nodropout_perturbed_msa_seed-0_sample-1_model.pdb,6.267826080322266
af3sample2,ak2-clustered-result_model_4_ptm_pred_52_nodropout_perturbed_msa_seed-0_sample-1_model.pdb,6.225529670715332
af3sample2,ak2-clustered-result_model_4_ptm_pred_53_nodropout_perturbed_msa_seed-0_sample-1_model.pdb,6.234817981719971
af3sample2,ak2-clustered-result_model_4_ptm_pred_54_nodropout_perturbed_msa_seed-0_sample-1_model.pdb,6.308383464813232
af3sample2,ak2-clustered-result_model_4_ptm_pred_55_nodropout_perturbed_msa_seed-0_sample-1_model.pdb,6.33472204208374
af3sample2,ak2-clustered-result_model_4_ptm_pred_56_nodropout_perturbed_msa_seed-0_sample-1_model.pdb,6.313126087188721
af3sample2,ak2-clustered-result_model_4_ptm_pred_57_nodropout_perturbed_msa_seed-0_sample-1_model.pdb,6.284647941589356
af3sample2,ak2-clustered-result_model_4_ptm_pred_58_nodropout_perturbed_msa_seed-0_sample-1_model.pdb,6.275782108306885
af3sample2,ak2-clustered-result_model_4_ptm_pred_59_nodropout_perturbed_msa_seed-0_sample-1_model.pdb,6.273136615753174
af3sample2,ak2-clustered-result_model_4_ptm_pred_60_nodropout_perturbed_msa_seed-0_sample-1_model.pdb,6.427398681640625
af3sample2,ak2-clustered-result_model_4_ptm_pred_61_nodropout_perturbed_msa_seed-0_sample-1_model.pdb,6.358503818511963
af3sample2,ak2-clustered-result_model_4_ptm_pred_62_nodropout_perturbed_msa_seed-0_sample-1_model.pdb,6.24403190612793
af3sample2,ak2-clustered-result_model_4_ptm_pred_63_nodropout_perturbed_msa_seed-0_sample-1_model.pdb,6.2501630783081055
af3sample2,ak2-clustered-result_model_4_ptm_pred_64_nodropout_perturbed_msa_seed-0_sample-1_model.pdb,6.2733073234558105
af3sample2,ak2-clustered-result_model_4_ptm_pred_65_nodropout_perturbed_msa_seed-0_sample-1_model.pdb,6.318438053131104
af3sample2,ak2-clustered-result_model_4_ptm_pred_66_nodropout_perturbed_msa_seed-0_sample-1_model.pdb,6.304680824279785
af3sample2,ak2-clustered-result_model_4_ptm_pred_67_nodropout_perturbed_msa_seed-0_sample-1_model.pdb,6.241663455963135
af3sample2,ak2-clustered-result_model_4_ptm_pred_68_nodropout_perturbed_msa_seed-0_sample-1_model.pdb,6.303188800811768
af3sample2,ak2-clustered-result_model_4_ptm_pred_69_nodropout_perturbed_msa_seed-0_sample-1_model.pdb,6.266421318054199
af3sample2,ak2-clustered-result_model_4_ptm_pred_70_nodropout_perturbed_msa_seed-0_sample-1_model.pdb,6.241617202758789
af3sample2,ak2-clustered-result_model_4_ptm_pred_71_nodropout_perturbed_msa_seed-0_sample-1_model.pdb,6.387051582336426
af3sample2,ak2-clustered-result_model_4_ptm_pred_72_nodropout_perturbed_msa_seed-0_sample-1_model.pdb,6.238738536834717
af3sample2,ak2-clustered-result_model_4_ptm_pred_73_nodropout_perturbed_msa_seed-0_sample-1_model.pdb,6.220484733581543
af3sample2,ak2-clustered-result_model_4_ptm_pred_74_nodropout_perturbed_msa_seed-0_sample-1_model.pdb,6.486088275909424
af3sample2,ak2-clustered-result_model_4_ptm_pred_75_nodropout_perturbed_msa_seed-0_sample-1_model.pdb,6.236572265625
af3sample2,ak2-clustered-result_model_4_ptm_pred_76_nodropout_perturbed_msa_seed-0_sample-1_model.pdb,6.415407657623291
af3sample2,ak2-clustered-result_model_4_ptm_pred_77_nodropout_perturbed_msa_seed-0_sample-1_model.pdb,6.21335506439209
af3sample2,ak2-clustered-result_model_4_ptm_pred_78_nodropout_perturbed_msa_seed-0_sample-1_model.pdb,6.248216152191162
af3sample2,ak2-clustered-result_model_4_ptm_pred_79_nodropout_perturbed_msa_seed-0_sample-1_model.pdb,6.458383560180664
af3sample2,ak2-clustered-result_model_4_ptm_pred_80_nodropout_perturbed_msa_seed-0_sample-1_model.pdb,6.455132484436035
af3sample2,ak2-clustered-result_model_4_ptm_pred_81_nodropout_perturbed_msa_seed-0_sample-1_model.pdb,6.256598949432373
af3sample2,ak2-clustered-result_model_4_ptm_pred_82_nodropout_perturbed_msa_seed-0_sample-1_model.pdb,6.250211238861084
af3sample2,ak2-clustered-result_model_4_ptm_pred_83_nodropout_perturbed_msa_seed-0_sample-1_model.pdb,6.297863006591797
af3sample2,ak2-clustered-result_model_4_ptm_pred_84_nodropout_perturbed_msa_seed-0_sample-1_model.pdb,6.373626232147217
af3sample2,ak2-clustered-result_model_4_ptm_pred_85_nodropout_perturbed_msa_seed-0_sample-1_model.pdb,6.430330276489258
af3sample2,ak2-clustered-result_model_4_ptm_pred_86_nodropout_perturbed_msa_seed-0_sample-1_model.pdb,6.247807025909424
af3sample2,ak2-clustered-result_model_4_ptm_pred_87_nodropout_perturbed_msa_seed-0_sample-1_model.pdb,6.276162624359131
af3sample2,ak2-clustered-result_model_4_ptm_pred_88_nodropout_perturbed_msa_seed-0_sample-1_model.pdb,6.223067760467529
af3sample2,ak2-clustered-result_model_4_ptm_pred_89_nodropout_perturbed_msa_seed-0_sample-1_model.pdb,6.323999881744385
af3sample2,ak2-clustered-result_model_4_ptm_pred_90_nodropout_perturbed_msa_seed-0_sample-1_model.pdb,6.417745113372803
af3sample2,ak2-clustered-result_model_4_ptm_pred_91_nodropout_perturbed_msa_seed-0_sample-1_model.pdb,6.2396979331970215
af3sample2,ak2-clustered-result_model_4_ptm_pred_92_nodropout_perturbed_msa_seed-0_sample-1_model.pdb,6.37753963470459
af3sample2,ak2-clustered-result_model_4_ptm_pred_93_nodropout_perturbed_msa_seed-0_sample-1_model.pdb,6.235080242156982
af3sample2,ak2-clustered-result_model_4_ptm_pred_94_nodropout_perturbed_msa_seed-0_sample-1_model.pdb,6.371307373046875
af3sample2,ak2-clustered-result_model_4_ptm_pred_95_nodropout_perturbed_msa_seed-0_sample-1_model.pdb,6.452098846435547
af3sample2,ak2-clustered-result_model_4_ptm_pred_96_nodropout_perturbed_msa_seed-0_sample-1_model.pdb,6.391453742980957
af3sample2,ak2-clustered-result_model_4_ptm_pred_97_nodropout_perturbed_msa_seed-0_sample-1_model.pdb,6.24265193939209
af3sample2,ak2-clustered-result_model_4_ptm_pred_98_nodropout_perturbed_msa_seed-0_sample-1_model.pdb,6.248639583587647
af3sample2,ak2-clustered-result_model_4_ptm_pred_99_nodropout_perturbed_msa_seed-0_sample-1_model.pdb,6.28141450881958
af3sample2,ak2-clustered-result_model_4_ptm_pred_100_nodropout_perturbed_msa_seed-0_sample-1_model.pdb,6.476527214050293
af3sample2,ak2-clustered-result_model_5_ptm_pred_1_nodropout_perturbed_msa_seed-0_sample-1_model.pdb,6.240293979644775
af3sample2,ak2-clustered-result_model_5_ptm_pred_2_nodropout_perturbed_msa_seed-0_sample-1_model.pdb,6.23017692565918
af3sample2,ak2-clustered-result_model_5_ptm_pred_3_nodropout_perturbed_msa_seed-0_sample-1_model.pdb,6.232909202575684
af3sample2,ak2-clustered-result_model_5_ptm_pred_4_nodropout_perturbed_msa_seed-0_sample-1_model.pdb,6.263078212738037
af3sample2,ak2-clustered-result_model_5_ptm_pred_5_nodropout_perturbed_msa_seed-0_sample-1_model.pdb,6.25009822845459
af3sample2,ak2-clustered-result_model_5_ptm_pred_6_nodropout_perturbed_msa_seed-0_sample-1_model.pdb,6.328253746032715
af3sample2,ak2-clustered-result_model_5_ptm_pred_7_nodropout_perturbed_msa_seed-0_sample-1_model.pdb,6.252136707305908
af3sample2,ak2-clustered-result_model_5_ptm_pred_8_nodropout_perturbed_msa_seed-0_sample-1_model.pdb,6.26372766494751
af3sample2,ak2-clustered-result_model_5_ptm_pred_9_nodropout_perturbed_msa_seed-0_sample-1_model.pdb,6.237433433532715
af3sample2,ak2-clustered-result_model_5_ptm_pred_10_nodropout_perturbed_msa_seed-0_sample-1_model.pdb,6.246639251708984
af3sample2,ak2-clustered-result_model_5_ptm_pred_11_nodropout_perturbed_msa_seed-0_sample-1_model.pdb,6.428799152374268
af3sample2,ak2-clustered-result_model_5_ptm_pred_12_nodropout_perturbed_msa_seed-0_sample-1_model.pdb,6.302055358886719
af3sample2,ak2-clustered-result_model_5_ptm_pred_13_nodropout_perturbed_msa_seed-0_sample-1_model.pdb,6.219123363494873
af3sample2,ak2-clustered-result_model_5_ptm_pred_14_nodropout_perturbed_msa_seed-0_sample-1_model.pdb,6.436635494232178
af3sample2,ak2-clustered-result_model_5_ptm_pred_15_nodropout_perturbed_msa_seed-0_sample-1_model.pdb,6.329009532928467
af3sample2,ak2-clustered-result_model_5_ptm_pred_16_nodropout_perturbed_msa_seed-0_sample-1_model.pdb,6.3035664558410645
af3sample2,ak2-clustered-result_model_5_ptm_pred_17_nodropout_perturbed_msa_seed-0_sample-1_model.pdb,6.4138383865356445
af3sample2,ak2-clustered-result_model_5_ptm_pred_18_nodropout_perturbed_msa_seed-0_sample-1_model.pdb,6.410450458526611
af3sample2,ak2-clustered-result_model_5_ptm_pred_19_nodropout_perturbed_msa_seed-0_sample-1_model.pdb,6.243102550506592
af3sample2,ak2-clustered-result_model_5_ptm_pred_20_nodropout_perturbed_msa_seed-0_sample-1_model.pdb,6.2706499099731445
af3sample2,ak2-clustered-result_model_5_ptm_pred_21_nodropout_perturbed_msa_seed-0_sample-1_model.pdb,6.269012451171875
af3sample2,ak2-clustered-result_model_5_ptm_pred_22_nodropout_perturbed_msa_seed-0_sample-1_model.pdb,6.229732513427734
af3sample2,ak2-clustered-result_model_5_ptm_pred_23_nodropout_perturbed_msa_seed-0_sample-1_model.pdb,6.5209808349609375
af3sample2,ak2-clustered-result_model_5_ptm_pred_24_nodropout_perturbed_msa_seed-0_sample-1_model.pdb,6.358489036560059
af3sample2,ak2-clustered-result_model_5_ptm_pred_25_nodropout_perturbed_msa_seed-0_sample-1_model.pdb,6.250393867492676
af3sample2,ak2-clustered-result_model_5_ptm_pred_26_nodropout_perturbed_msa_seed-0_sample-1_model.pdb,6.317086696624756
af3sample2,ak2-clustered-result_model_5_ptm_pred_27_nodropout_perturbed_msa_seed-0_sample-1_model.pdb,6.218750476837158
af3sample2,ak2-clustered-result_model_5_ptm_pred_28_nodropout_perturbed_msa_seed-0_sample-1_model.pdb,6.236272811889648
af3sample2,ak2-clustered-result_model_5_ptm_pred_29_nodropout_perturbed_msa_seed-0_sample-1_model.pdb,6.36317777633667
af3sample2,ak2-clustered-result_model_5_ptm_pred_30_nodropout_perturbed_msa_seed-0_sample-1_model.pdb,6.229673862457275
af3sample2,ak2-clustered-result_model_5_ptm_pred_31_nodropout_perturbed_msa_seed-0_sample-1_model.pdb,6.3963470458984375
af3sample2,ak2-clustered-result_model_5_ptm_pred_32_nodropout_perturbed_msa_seed-0_sample-1_model.pdb,6.243178367614746
af3sample2,ak2-clustered-result_model_5_ptm_pred_33_nodropout_perturbed_msa_seed-0_sample-1_model.pdb,6.25343132019043
af3sample2,ak2-clustered-result_model_5_ptm_pred_34_nodropout_perturbed_msa_seed-0_sample-1_model.pdb,6.2557573318481445
af3sample2,ak2-clustered-result_model_5_ptm_pred_35_nodropout_perturbed_msa_seed-0_sample-1_model.pdb,6.452357292175293
af3sample2,ak2-clustered-result_model_5_ptm_pred_36_nodropout_perturbed_msa_seed-0_sample-1_model.pdb,6.240110397338867
af3sample2,ak2-clustered-result_model_5_ptm_pred_37_nodropout_perturbed_msa_seed-0_sample-1_model.pdb,6.309089660644531
af3sample2,ak2-clustered-result_model_5_ptm_pred_38_nodropout_perturbed_msa_seed-0_sample-1_model.pdb,6.243758678436279
af3sample2,ak2-clustered-result_model_5_ptm_pred_39_nodropout_perturbed_msa_seed-0_sample-1_model.pdb,6.248619079589844
af3sample2,ak2-clustered-result_model_5_ptm_pred_40_nodropout_perturbed_msa_seed-0_sample-1_model.pdb,6.237380027770996
af3sample2,ak2-clustered-result_model_5_ptm_pred_41_nodropout_perturbed_msa_seed-0_sample-1_model.pdb,6.242444038391113
af3sample2,ak2-clustered-result_model_5_ptm_pred_42_nodropout_perturbed_msa_seed-0_sample-1_model.pdb,6.250504970550537
af3sample2,ak2-clustered-result_model_5_ptm_pred_43_nodropout_perturbed_msa_seed-0_sample-1_model.pdb,6.261610507965088
af3sample2,ak2-clustered-result_model_5_ptm_pred_44_nodropout_perturbed_msa_seed-0_sample-1_model.pdb,6.239219665527344
af3sample2,ak2-clustered-result_model_5_ptm_pred_45_nodropout_perturbed_msa_seed-0_sample-1_model.pdb,6.3109869956970215
af3sample2,ak2-clustered-result_model_5_ptm_pred_46_nodropout_perturbed_msa_seed-0_sample-1_model.pdb,6.2350287437438965
af3sample2,ak2-clustered-result_model_5_ptm_pred_47_nodropout_perturbed_msa_seed-0_sample-1_model.pdb,6.403779029846191
af3sample2,ak2-clustered-result_model_5_ptm_pred_48_nodropout_perturbed_msa_seed-0_sample-1_model.pdb,6.23406982421875
af3sample2,ak2-clustered-result_model_5_ptm_pred_49_nodropout_perturbed_msa_seed-0_sample-1_model.pdb,6.432401180267334
af3sample2,ak2-clustered-result_model_5_ptm_pred_50_nodropout_perturbed_msa_seed-0_sample-1_model.pdb,6.429909706115723
af3sample2,ak2-clustered-result_model_5_ptm_pred_51_nodropout_perturbed_msa_seed-0_sample-1_model.pdb,6.228463172912598
af3sample2,ak2-clustered-result_model_5_ptm_pred_52_nodropout_perturbed_msa_seed-0_sample-1_model.pdb,6.234158992767334
af3sample2,ak2-clustered-result_model_5_ptm_pred_53_nodropout_perturbed_msa_seed-0_sample-1_model.pdb,6.223008155822754
af3sample2,ak2-clustered-result_model_5_ptm_pred_54_nodropout_perturbed_msa_seed-0_sample-1_model.pdb,6.249049186706543
af3sample2,ak2-clustered-result_model_5_ptm_pred_55_nodropout_perturbed_msa_seed-0_sample-1_model.pdb,6.251073837280273
af3sample2,ak2-clustered-result_model_5_ptm_pred_56_nodropout_perturbed_msa_seed-0_sample-1_model.pdb,6.2379021644592285
af3sample2,ak2-clustered-result_model_5_ptm_pred_57_nodropout_perturbed_msa_seed-0_sample-1_model.pdb,6.240916252136231
af3sample2,ak2-clustered-result_model_5_ptm_pred_58_nodropout_perturbed_msa_seed-0_sample-1_model.pdb,6.219059944152832
af3sample2,ak2-clustered-result_model_5_ptm_pred_59_nodropout_perturbed_msa_seed-0_sample-1_model.pdb,6.246179580688477
af3sample2,ak2-clustered-result_model_5_ptm_pred_60_nodropout_perturbed_msa_seed-0_sample-1_model.pdb,6.234806537628174
af3sample2,ak2-clustered-result_model_5_ptm_pred_61_nodropout_perturbed_msa_seed-0_sample-1_model.pdb,6.247830867767334
af3sample2,ak2-clustered-result_model_5_ptm_pred_62_nodropout_perturbed_msa_seed-0_sample-1_model.pdb,6.459341049194336
af3sample2,ak2-clustered-result_model_5_ptm_pred_63_nodropout_perturbed_msa_seed-0_sample-1_model.pdb,6.436310291290283
af3sample2,ak2-clustered-result_model_5_ptm_pred_64_nodropout_perturbed_msa_seed-0_sample-1_model.pdb,6.219403266906738
af3sample2,ak2-clustered-result_model_5_ptm_pred_65_nodropout_perturbed_msa_seed-0_sample-1_model.pdb,6.229284286499023
af3sample2,ak2-clustered-result_model_5_ptm_pred_66_nodropout_perturbed_msa_seed-0_sample-1_model.pdb,6.309083461761475
af3sample2,ak2-clustered-result_model_5_ptm_pred_67_nodropout_perturbed_msa_seed-0_sample-1_model.pdb,6.415787696838379
af3sample2,ak2-clustered-result_model_5_ptm_pred_68_nodropout_perturbed_msa_seed-0_sample-1_model.pdb,6.24461030960083
af3sample2,ak2-clustered-result_model_5_ptm_pred_69_nodropout_perturbed_msa_seed-0_sample-1_model.pdb,6.485346794128418
af3sample2,ak2-clustered-result_model_5_ptm_pred_70_nodropout_perturbed_msa_seed-0_sample-1_model.pdb,6.27880334854126
af3sample2,ak2-clustered-result_model_5_ptm_pred_71_nodropout_perturbed_msa_seed-0_sample-1_model.pdb,6.4308013916015625
af3sample2,ak2-clustered-result_model_5_ptm_pred_72_nodropout_perturbed_msa_seed-0_sample-1_model.pdb,6.443629741668701
af3sample2,ak2-clustered-result_model_5_ptm_pred_73_nodropout_perturbed_msa_seed-0_sample-1_model.pdb,6.247828483581543
af3sample2,ak2-clustered-result_model_5_ptm_pred_74_nodropout_perturbed_msa_seed-0_sample-1_model.pdb,6.395355224609375
af3sample2,ak2-clustered-result_model_5_ptm_pred_75_nodropout_perturbed_msa_seed-0_sample-1_model.pdb,6.430612087249756
af3sample2,ak2-clustered-result_model_5_ptm_pred_76_nodropout_perturbed_msa_seed-0_sample-1_model.pdb,6.233072757720947
af3sample2,ak2-clustered-result_model_5_ptm_pred_77_nodropout_perturbed_msa_seed-0_sample-1_model.pdb,6.245604038238525
af3sample2,ak2-clustered-result_model_5_ptm_pred_78_nodropout_perturbed_msa_seed-0_sample-1_model.pdb,6.309996128082275
af3sample2,ak2-clustered-result_model_5_ptm_pred_79_nodropout_perturbed_msa_seed-0_sample-1_model.pdb,6.444526672363281
af3sample2,ak2-clustered-result_model_5_ptm_pred_80_nodropout_perturbed_msa_seed-0_sample-1_model.pdb,6.227933883666992
af3sample2,ak2-clustered-result_model_5_ptm_pred_81_nodropout_perturbed_msa_seed-0_sample-1_model.pdb,6.215999126434326
af3sample2,ak2-clustered-result_model_5_ptm_pred_82_nodropout_perturbed_msa_seed-0_sample-1_model.pdb,6.426323413848877
af3sample2,ak2-clustered-result_model_5_ptm_pred_83_nodropout_perturbed_msa_seed-0_sample-1_model.pdb,6.317803382873535
af3sample2,ak2-clustered-result_model_5_ptm_pred_84_nodropout_perturbed_msa_seed-0_sample-1_model.pdb,6.2898030281066895
af3sample2,ak2-clustered-result_model_5_ptm_pred_85_nodropout_perturbed_msa_seed-0_sample-1_model.pdb,6.275874614715576
af3sample2,ak2-clustered-result_model_5_ptm_pred_86_nodropout_perturbed_msa_seed-0_sample-1_model.pdb,6.234565734863281
af3sample2,ak2-clustered-result_model_5_ptm_pred_87_nodropout_perturbed_msa_seed-0_sample-1_model.pdb,6.22890043258667
af3sample2,ak2-clustered-result_model_5_ptm_pred_88_nodropout_perturbed_msa_seed-0_sample-1_model.pdb,6.311795711517334
af3sample2,ak2-clustered-result_model_5_ptm_pred_89_nodropout_perturbed_msa_seed-0_sample-1_model.pdb,6.43006706237793
af3sample2,ak2-clustered-result_model_5_ptm_pred_90_nodropout_perturbed_msa_seed-0_sample-1_model.pdb,6.304205417633057
af3sample2,ak2-clustered-result_model_5_ptm_pred_91_nodropout_perturbed_msa_seed-0_sample-1_model.pdb,6.254360675811768
af3sample2,ak2-clustered-result_model_5_ptm_pred_92_nodropout_perturbed_msa_seed-0_sample-1_model.pdb,6.246822357177734
af3sample2,ak2-clustered-result_model_5_ptm_pred_93_nodropout_perturbed_msa_seed-0_sample-1_model.pdb,6.260034561157227
af3sample2,ak2-clustered-result_model_5_ptm_pred_94_nodropout_perturbed_msa_seed-0_sample-1_model.pdb,6.325713634490967
af3sample2,ak2-clustered-result_model_5_ptm_pred_95_nodropout_perturbed_msa_seed-0_sample-1_model.pdb,6.228235244750977
af3sample2,ak2-clustered-result_model_5_ptm_pred_96_nodropout_perturbed_msa_seed-0_sample-1_model.pdb,6.275332927703857
af3sample2,ak2-clustered-result_model_5_ptm_pred_97_nodropout_perturbed_msa_seed-0_sample-1_model.pdb,6.477499485015869
af3sample2,ak2-clustered-result_model_5_ptm_pred_98_nodropout_perturbed_msa_seed-0_sample-1_model.pdb,6.285715103149414
af3sample2,ak2-clustered-result_model_5_ptm_pred_99_nodropout_perturbed_msa_seed-0_sample-1_model.pdb,6.2391204833984375
af3sample2,ak2-clustered-result_model_5_ptm_pred_100_nodropout_perturbed_msa_seed-0_sample-1_model.pdb,6.256196975708008
af_cluster,ak2-clustered__ak2_000.a3m_0_unrelaxed_rank_001_alphafold2_ptm_model_1_seed_000.pdb,6.157375812530518
af_cluster,ak2-clustered__ak2_001.a3m_0_unrelaxed_rank_001_alphafold2_ptm_model_1_seed_000.pdb,6.64674711227417
af_cluster,ak2-clustered__ak2_002.a3m_0_unrelaxed_rank_001_alphafold2_ptm_model_1_seed_000.pdb,6.752889633178711
af_cluster,ak2-clustered__ak2_003.a3m_0_unrelaxed_rank_001_alphafold2_ptm_model_1_seed_000.pdb,10.652718544006348
af_cluster,ak2-clustered__ak2_004.a3m_0_unrelaxed_rank_001_alphafold2_ptm_model_1_seed_000.pdb,7.287187576293945
af_cluster,ak2-clustered__ak2_005.a3m_0_unrelaxed_rank_001_alphafold2_ptm_model_1_seed_000.pdb,6.819819927215576
af_cluster,ak2-clustered__ak2_006.a3m_0_unrelaxed_rank_001_alphafold2_ptm_model_1_seed_000.pdb,8.852021217346191
af_cluster,ak2-clustered__ak2_007.a3m_0_unrelaxed_rank_001_alphafold2_ptm_model_1_seed_000.pdb,8.681464195251465
af_cluster,ak2-clustered__ak2_008.a3m_0_unrelaxed_rank_001_alphafold2_ptm_model_1_seed_000.pdb,8.095645904541016
af_cluster,ak2-clustered__ak2_009.a3m_0_unrelaxed_rank_001_alphafold2_ptm_model_1_seed_000.pdb,9.691861152648926
af_cluster,ak2-clustered__ak2_010.a3m_0_unrelaxed_rank_001_alphafold2_ptm_model_1_seed_000.pdb,6.378920078277588
af_cluster,ak2-clustered__ak2_011.a3m_0_unrelaxed_rank_001_alphafold2_ptm_model_1_seed_000.pdb,6.316004276275635
af_cluster,ak2-clustered__ak2_012.a3m_0_unrelaxed_rank_001_alphafold2_ptm_model_1_seed_000.pdb,9.017579078674316
af_cluster,ak2-clustered__ak2_013.a3m_0_unrelaxed_rank_001_alphafold2_ptm_model_1_seed_000.pdb,6.7647480964660645
af_cluster,ak2-clustered__ak2_014.a3m_0_unrelaxed_rank_001_alphafold2_ptm_model_1_seed_000.pdb,7.592480659484863
af_cluster,ak2-clustered__ak2_015.a3m_0_unrelaxed_rank_001_alphafold2_ptm_model_1_seed_000.pdb,8.599666595458984
af_cluster,ak2-clustered__ak2_016.a3m_0_unrelaxed_rank_001_alphafold2_ptm_model_1_seed_000.pdb,6.324869155883789
af_cluster,ak2-clustered__ak2_017.a3m_0_unrelaxed_rank_001_alphafold2_ptm_model_1_seed_000.pdb,9.170940399169922
af_cluster,ak2-clustered__ak2_018.a3m_0_unrelaxed_rank_001_alphafold2_ptm_model_1_seed_000.pdb,6.273024082183838
af_cluster,ak2-clustered__ak2_019.a3m_0_unrelaxed_rank_001_alphafold2_ptm_model_1_seed_000.pdb,8.679913520812988
af_cluster,ak2-clustered__ak2_020.a3m_0_unrelaxed_rank_001_alphafold2_ptm_model_1_seed_000.pdb,7.388670921325684
af_cluster,ak2-clustered__ak2_021.a3m_0_unrelaxed_rank_001_alphafold2_ptm_model_1_seed_000.pdb,7.14802885055542
af_cluster,ak2-clustered__ak2_022.a3m_0_unrelaxed_rank_001_alphafold2_ptm_model_1_seed_000.pdb,7.257977485656738
af_cluster,ak2-clustered__ak2_023.a3m_0_unrelaxed_rank_001_alphafold2_ptm_model_1_seed_000.pdb,8.598227500915527
af_cluster,ak2-clustered__ak2_024.a3m_0_unrelaxed_rank_001_alphafold2_ptm_model_1_seed_000.pdb,6.467632293701172
af_cluster,ak2-clustered__ak2_025.a3m_0_unrelaxed_rank_001_alphafold2_ptm_model_1_seed_000.pdb,6.288448333740234
af_cluster,ak2-clustered__ak2_026.a3m_0_unrelaxed_rank_001_alphafold2_ptm_model_1_seed_000.pdb,6.785869598388672
af_cluster,ak2-clustered__ak2_027.a3m_0_unrelaxed_rank_001_alphafold2_ptm_model_1_seed_000.pdb,6.4094977378845215
af_cluster,ak2-clustered__ak2_028.a3m_0_unrelaxed_rank_001_alphafold2_ptm_model_1_seed_000.pdb,6.733402729034424
af_cluster,ak2-clustered__ak2_029.a3m_0_unrelaxed_rank_001_alphafold2_ptm_model_1_seed_000.pdb,10.420853614807127
af_cluster,ak2-clustered__ak2_030.a3m_0_unrelaxed_rank_001_alphafold2_ptm_model_1_seed_000.pdb,10.641046524047852
af_cluster,ak2-clustered__ak2_031.a3m_0_unrelaxed_rank_001_alphafold2_ptm_model_1_seed_000.pdb,11.021533966064451
af_cluster,ak2-clustered__ak2_032.a3m_0_unrelaxed_rank_001_alphafold2_ptm_model_1_seed_000.pdb,6.629929542541504
af_cluster,ak2-clustered__ak2_033.a3m_0_unrelaxed_rank_001_alphafold2_ptm_model_1_seed_000.pdb,8.759078979492188
af_cluster,ak2-clustered__ak2_034.a3m_0_unrelaxed_rank_001_alphafold2_ptm_model_1_seed_000.pdb,6.858355045318604
af_cluster,ak2-clustered__ak2_035.a3m_0_unrelaxed_rank_001_alphafold2_ptm_model_1_seed_000.pdb,6.377812385559082
af_cluster,ak2-clustered__ak2_036.a3m_0_unrelaxed_rank_001_alphafold2_ptm_model_1_seed_000.pdb,9.163816452026367
af_cluster,ak2-clustered__ak2_037.a3m_0_unrelaxed_rank_001_alphafold2_ptm_model_1_seed_000.pdb,6.342998027801514
af_cluster,ak2-clustered__ak2_038.a3m_0_unrelaxed_rank_001_alphafold2_ptm_model_1_seed_000.pdb,10.037495613098145
af_cluster,ak2-clustered__ak2_039.a3m_0_unrelaxed_rank_001_alphafold2_ptm_model_1_seed_000.pdb,6.51399040222168
af_cluster,ak2-clustered__ak2_040.a3m_0_unrelaxed_rank_001_alphafold2_ptm_model_1_seed_000.pdb,9.07456874847412
af_cluster,ak2-clustered__ak2_041.a3m_0_unrelaxed_rank_001_alphafold2_ptm_model_1_seed_000.pdb,9.002520561218262
af_cluster,ak2-clustered__ak2_042.a3m_0_unrelaxed_rank_001_alphafold2_ptm_model_1_seed_000.pdb,10.687509536743164
af_cluster,ak2-clustered__ak2_043.a3m_0_unrelaxed_rank_001_alphafold2_ptm_model_1_seed_000.pdb,9.20591640472412
af_cluster,ak2-clustered__ak2_044.a3m_0_unrelaxed_rank_001_alphafold2_ptm_model_1_seed_000.pdb,7.48345136642456
af_cluster,ak2-clustered__ak2_045.a3m_0_unrelaxed_rank_001_alphafold2_ptm_model_1_seed_000.pdb,9.498401641845703
af_cluster,ak2-clustered__ak2_046.a3m_0_unrelaxed_rank_001_alphafold2_ptm_model_1_seed_000.pdb,6.195773601531982
af_cluster,ak2-clustered__ak2_047.a3m_0_unrelaxed_rank_001_alphafold2_ptm_model_1_seed_000.pdb,8.762177467346191
af_cluster,ak2-clustered__ak2_048.a3m_0_unrelaxed_rank_001_alphafold2_ptm_model_1_seed_000.pdb,6.161855697631836
af_cluster,ak2-clustered__ak2_049.a3m_0_unrelaxed_rank_001_alphafold2_ptm_model_1_seed_000.pdb,10.115657806396484
af_cluster,ak2-clustered__ak2_050.a3m_0_unrelaxed_rank_001_alphafold2_ptm_model_1_seed_000.pdb,6.837954044342041
af_cluster,ak2-clustered__ak2_051.a3m_0_unrelaxed_rank_001_alphafold2_ptm_model_1_seed_000.pdb,7.479404449462891
af_cluster,ak2-clustered__ak2_052.a3m_0_unrelaxed_rank_001_alphafold2_ptm_model_1_seed_000.pdb,6.606537818908691
af_cluster,ak2-clustered__ak2_053.a3m_0_unrelaxed_rank_001_alphafold2_ptm_model_1_seed_000.pdb,6.291622638702393
af_cluster,ak2-clustered__ak2_054.a3m_0_unrelaxed_rank_001_alphafold2_ptm_model_1_seed_000.pdb,8.513055801391602
af_cluster,ak2-clustered__ak2_055.a3m_0_unrelaxed_rank_001_alphafold2_ptm_model_1_seed_000.pdb,8.942856788635254
af_cluster,ak2-clustered__ak2_056.a3m_0_unrelaxed_rank_001_alphafold2_ptm_model_1_seed_000.pdb,9.038311004638672
af_cluster,ak2-clustered__ak2_057.a3m_0_unrelaxed_rank_001_alphafold2_ptm_model_1_seed_000.pdb,10.40984058380127
af_cluster,ak2-clustered__ak2_058.a3m_0_unrelaxed_rank_001_alphafold2_ptm_model_1_seed_000.pdb,10.932551383972168
af_cluster,ak2-clustered__ak2_059.a3m_0_unrelaxed_rank_001_alphafold2_ptm_model_1_seed_000.pdb,6.962120056152344
af_cluster,ak2-clustered__ak2_060.a3m_0_unrelaxed_rank_001_alphafold2_ptm_model_1_seed_000.pdb,9.523968696594238
af_cluster,ak2-clustered__ak2_061.a3m_0_unrelaxed_rank_001_alphafold2_ptm_model_1_seed_000.pdb,8.756787300109863
af_cluster,ak2-clustered__ak2_062.a3m_0_unrelaxed_rank_001_alphafold2_ptm_model_1_seed_000.pdb,10.464698791503906
af_cluster,ak2-clustered__ak2_063.a3m_0_unrelaxed_rank_001_alphafold2_ptm_model_1_seed_000.pdb,7.454617500305176
af_cluster,ak2-clustered__ak2_064.a3m_0_unrelaxed_rank_001_alphafold2_ptm_model_1_seed_000.pdb,10.7933931350708
af_cluster,ak2-clustered__ak2_065.a3m_0_unrelaxed_rank_001_alphafold2_ptm_model_1_seed_000.pdb,6.695653915405273
af_cluster,ak2-clustered__ak2_066.a3m_0_unrelaxed_rank_001_alphafold2_ptm_model_1_seed_000.pdb,8.74091911315918
af_cluster,ak2-clustered__ak2_067.a3m_0_unrelaxed_rank_001_alphafold2_ptm_model_1_seed_000.pdb,6.488095283508301
af_cluster,ak2-clustered__ak2_068.a3m_0_unrelaxed_rank_001_alphafold2_ptm_model_1_seed_000.pdb,8.913660049438477
af_cluster,ak2-clustered__ak2_069.a3m_0_unrelaxed_rank_001_alphafold2_ptm_model_1_seed_000.pdb,6.7811055183410645
af_cluster,ak2-clustered__ak2_070.a3m_0_unrelaxed_rank_001_alphafold2_ptm_model_1_seed_000.pdb,6.847434997558594
af_cluster,ak2-clustered__ak2_071.a3m_0_unrelaxed_rank_001_alphafold2_ptm_model_1_seed_000.pdb,6.299929618835449
af_cluster,ak2-clustered__ak2_072.a3m_0_unrelaxed_rank_001_alphafold2_ptm_model_1_seed_000.pdb,6.467376232147217
af_cluster,ak2-clustered__ak2_073.a3m_0_unrelaxed_rank_001_alphafold2_ptm_model_1_seed_000.pdb,6.452452659606934
af_cluster,ak2-clustered__ak2_074.a3m_0_unrelaxed_rank_001_alphafold2_ptm_model_1_seed_000.pdb,8.96923828125
af_cluster,ak2-clustered__ak2_075.a3m_0_unrelaxed_rank_001_alphafold2_ptm_model_1_seed_000.pdb,6.258831977844238
af_cluster,ak2-clustered__ak2_076.a3m_0_unrelaxed_rank_001_alphafold2_ptm_model_1_seed_000.pdb,7.057494640350342
af_cluster,ak2-clustered__ak2_077.a3m_0_unrelaxed_rank_001_alphafold2_ptm_model_1_seed_000.pdb,9.85572624206543
af_cluster,ak2-clustered__ak2_078.a3m_0_unrelaxed_rank_001_alphafold2_ptm_model_1_seed_000.pdb,6.916983127593994
af_cluster,ak2-clustered__ak2_079.a3m_0_unrelaxed_rank_001_alphafold2_ptm_model_1_seed_000.pdb,7.458655834197998
af_cluster,ak2-clustered__ak2_080.a3m_0_unrelaxed_rank_001_alphafold2_ptm_model_1_seed_000.pdb,7.393482685089111
af_cluster,ak2-clustered__ak2_081.a3m_0_unrelaxed_rank_001_alphafold2_ptm_model_1_seed_000.pdb,6.49528169631958
af_cluster,ak2-clustered__ak2_082.a3m_0_unrelaxed_rank_001_alphafold2_ptm_model_1_seed_000.pdb,6.277011871337891
af_cluster,ak2-clustered__ak2_083.a3m_0_unrelaxed_rank_001_alphafold2_ptm_model_1_seed_000.pdb,6.351659297943115
af_cluster,ak2-clustered__ak2_084.a3m_0_unrelaxed_rank_001_alphafold2_ptm_model_1_seed_000.pdb,9.992807388305664
af_cluster,ak2-clustered__ak2_085.a3m_0_unrelaxed_rank_001_alphafold2_ptm_model_1_seed_000.pdb,9.005692481994629
af_cluster,ak2-clustered__ak2_086.a3m_0_unrelaxed_rank_001_alphafold2_ptm_model_1_seed_000.pdb,10.138091087341309
af_cluster,ak2-clustered__ak2_087.a3m_0_unrelaxed_rank_001_alphafold2_ptm_model_1_seed_000.pdb,10.36072063446045
af_cluster,ak2-clustered__ak2_088.a3m_0_unrelaxed_rank_001_alphafold2_ptm_model_1_seed_000.pdb,8.53177261352539
af_cluster,ak2-clustered__ak2_089.a3m_0_unrelaxed_rank_001_alphafold2_ptm_model_1_seed_000.pdb,9.647217750549316
af_cluster,ak2-clustered__ak2_090.a3m_0_unrelaxed_rank_001_alphafold2_ptm_model_1_seed_000.pdb,8.882506370544434
af_cluster,ak2-clustered__ak2_091.a3m_0_unrelaxed_rank_001_alphafold2_ptm_model_1_seed_000.pdb,8.880152702331543
af_cluster,ak2-clustered__ak2_092.a3m_0_unrelaxed_rank_001_alphafold2_ptm_model_1_seed_000.pdb,7.432809352874756
af_cluster,ak2-clustered__ak2_093.a3m_0_unrelaxed_rank_001_alphafold2_ptm_model_1_seed_000.pdb,6.297662734985352
af_cluster,ak2-clustered__ak2_094.a3m_0_unrelaxed_rank_001_alphafold2_ptm_model_1_seed_000.pdb,8.987838745117188
af_cluster,ak2-clustered__ak2_095.a3m_0_unrelaxed_rank_001_alphafold2_ptm_model_1_seed_000.pdb,6.290124893188477
af_cluster,ak2-clustered__ak2_096.a3m_0_unrelaxed_rank_001_alphafold2_ptm_model_1_seed_000.pdb,6.282098293304443
af_cluster,ak2-clustered__ak2_097.a3m_0_unrelaxed_rank_001_alphafold2_ptm_model_1_seed_000.pdb,7.166101455688477
af_cluster,ak2-clustered__ak2_098.a3m_0_unrelaxed_rank_001_alphafold2_ptm_model_1_seed_000.pdb,8.445430755615234
af_cluster,ak2-clustered__ak2_099.a3m_0_unrelaxed_rank_001_alphafold2_ptm_model_1_seed_000.pdb,6.320497989654541
af_cluster,ak2-clustered__ak2_100.a3m_0_unrelaxed_rank_001_alphafold2_ptm_model_1_seed_000.pdb,10.142827987670898
af_cluster,ak2-clustered__ak2_101.a3m_0_unrelaxed_rank_001_alphafold2_ptm_model_1_seed_000.pdb,6.285717487335205
af_cluster,ak2-clustered__ak2_102.a3m_0_unrelaxed_rank_001_alphafold2_ptm_model_1_seed_000.pdb,11.236109733581545
af_cluster,ak2-clustered__ak2_103.a3m_0_unrelaxed_rank_001_alphafold2_ptm_model_1_seed_000.pdb,6.238596439361572
af_cluster,ak2-clustered__ak2_104.a3m_0_unrelaxed_rank_001_alphafold2_ptm_model_1_seed_000.pdb,6.488847732543945
af_cluster,ak2-clustered__ak2_105.a3m_0_unrelaxed_rank_001_alphafold2_ptm_model_1_seed_000.pdb,8.306888580322266
af_cluster,ak2-clustered__ak2_106.a3m_0_unrelaxed_rank_001_alphafold2_ptm_model_1_seed_000.pdb,7.954449653625488
af_cluster,ak2-clustered__ak2_107.a3m_0_unrelaxed_rank_001_alphafold2_ptm_model_1_seed_000.pdb,8.786454200744629
af_cluster,ak2-clustered__ak2_108.a3m_0_unrelaxed_rank_001_alphafold2_ptm_model_1_seed_000.pdb,6.070847511291504
af_cluster,ak2-clustered__ak2_109.a3m_0_unrelaxed_rank_001_alphafold2_ptm_model_1_seed_000.pdb,6.046194076538086
af_cluster,ak2-clustered__ak2_110.a3m_0_unrelaxed_rank_001_alphafold2_ptm_model_1_seed_000.pdb,7.229532241821289
af_cluster,ak2-clustered__ak2_111.a3m_0_unrelaxed_rank_001_alphafold2_ptm_model_1_seed_000.pdb,10.229530334472656
af_cluster,ak2-clustered__ak2_112.a3m_0_unrelaxed_rank_001_alphafold2_ptm_model_1_seed_000.pdb,7.546718120574951
af_cluster,ak2-clustered__ak2_113.a3m_0_unrelaxed_rank_001_alphafold2_ptm_model_1_seed_000.pdb,6.174781799316406
af_cluster,ak2-clustered__ak2_114.a3m_0_unrelaxed_rank_001_alphafold2_ptm_model_1_seed_000.pdb,6.55327844619751
af_cluster,ak2-clustered__ak2_115.a3m_0_unrelaxed_rank_001_alphafold2_ptm_model_1_seed_000.pdb,6.312323093414307
af_cluster,ak2-clustered__ak2_116.a3m_0_unrelaxed_rank_001_alphafold2_ptm_model_1_seed_000.pdb,6.684474468231201
af_cluster,ak2-clustered__ak2_117.a3m_0_unrelaxed_rank_001_alphafold2_ptm_model_1_seed_000.pdb,7.300763130187988
af_cluster,ak2-clustered__ak2_118.a3m_0_unrelaxed_rank_001_alphafold2_ptm_model_1_seed_000.pdb,7.646346092224121
af_cluster,ak2-clustered__ak2_119.a3m_0_unrelaxed_rank_001_alphafold2_ptm_model_1_seed_000.pdb,8.898130416870117
af_cluster,ak2-clustered__ak2_120.a3m_0_unrelaxed_rank_001_alphafold2_ptm_model_1_seed_000.pdb,6.478968620300293
af_cluster,ak2-clustered__ak2_121.a3m_0_unrelaxed_rank_001_alphafold2_ptm_model_1_seed_000.pdb,10.15963363647461
af_cluster,ak2-clustered__ak2_122.a3m_0_unrelaxed_rank_001_alphafold2_ptm_model_1_seed_000.pdb,6.922713279724121
af_cluster,ak2-clustered__ak2_123.a3m_0_unrelaxed_rank_001_alphafold2_ptm_model_1_seed_000.pdb,6.511019706726074
af_cluster,ak2-clustered__ak2_124.a3m_0_unrelaxed_rank_001_alphafold2_ptm_model_1_seed_000.pdb,8.769159317016602
af_cluster,ak2-clustered__ak2_125.a3m_0_unrelaxed_rank_001_alphafold2_ptm_model_1_seed_000.pdb,6.537966251373291
af_cluster,ak2-clustered__ak2_126.a3m_0_unrelaxed_rank_001_alphafold2_ptm_model_1_seed_000.pdb,6.606475353240967
af_cluster,ak2-clustered__ak2_127.a3m_0_unrelaxed_rank_001_alphafold2_ptm_model_1_seed_000.pdb,10.140339851379396
af_cluster,ak2-clustered__ak2_128.a3m_0_unrelaxed_rank_001_alphafold2_ptm_model_1_seed_000.pdb,9.700850486755373
af_cluster,ak2-clustered__ak2_129.a3m_0_unrelaxed_rank_001_alphafold2_ptm_model_1_seed_000.pdb,6.334172248840332
af_cluster,ak2-clustered__ak2_130.a3m_0_unrelaxed_rank_001_alphafold2_ptm_model_1_seed_000.pdb,6.890416622161865
af_cluster,ak2-clustered__ak2_131.a3m_0_unrelaxed_rank_001_alphafold2_ptm_model_1_seed_000.pdb,10.299391746520996
af_cluster,ak2-clustered__ak2_132.a3m_0_unrelaxed_rank_001_alphafold2_ptm_model_1_seed_000.pdb,9.110082626342772
af_cluster,ak2-clustered__ak2_133.a3m_0_unrelaxed_rank_001_alphafold2_ptm_model_1_seed_000.pdb,6.712462902069092
af_cluster,ak2-clustered__ak2_134.a3m_0_unrelaxed_rank_001_alphafold2_ptm_model_1_seed_000.pdb,8.566068649291992
af_cluster,ak2-clustered__ak2_135.a3m_0_unrelaxed_rank_001_alphafold2_ptm_model_1_seed_000.pdb,9.637081146240234
af_cluster,ak2-clustered__ak2_136.a3m_0_unrelaxed_rank_001_alphafold2_ptm_model_1_seed_000.pdb,7.570267200469971
af_cluster,ak2-clustered__ak2_137.a3m_0_unrelaxed_rank_001_alphafold2_ptm_model_1_seed_000.pdb,10.544668197631836
af_cluster,ak2-clustered__ak2_138.a3m_0_unrelaxed_rank_001_alphafold2_ptm_model_1_seed_000.pdb,9.047769546508787
af_cluster,ak2-clustered__ak2_139.a3m_0_unrelaxed_rank_001_alphafold2_ptm_model_1_seed_000.pdb,10.590160369873049
af_cluster,ak2-clustered__ak2_140.a3m_0_unrelaxed_rank_001_alphafold2_ptm_model_1_seed_000.pdb,7.437844276428223
af_cluster,ak2-clustered__ak2_141.a3m_0_unrelaxed_rank_001_alphafold2_ptm_model_1_seed_000.pdb,6.541432857513428
af_cluster,ak2-clustered__ak2_142.a3m_0_unrelaxed_rank_001_alphafold2_ptm_model_1_seed_000.pdb,6.915289402008057
af_cluster,ak2-clustered__ak2_143.a3m_0_unrelaxed_rank_001_alphafold2_ptm_model_1_seed_000.pdb,10.072028160095217
af_cluster,ak2-clustered__ak2_144.a3m_0_unrelaxed_rank_001_alphafold2_ptm_model_1_seed_000.pdb,9.350530624389648
af_cluster,ak2-clustered__ak2_145.a3m_0_unrelaxed_rank_001_alphafold2_ptm_model_1_seed_000.pdb,10.547865867614746
af_cluster,ak2-clustered__ak2_146.a3m_0_unrelaxed_rank_001_alphafold2_ptm_model_1_seed_000.pdb,6.880669116973877
af_cluster,ak2-clustered__ak2_147.a3m_0_unrelaxed_rank_001_alphafold2_ptm_model_1_seed_000.pdb,6.1767778396606445
af_cluster,ak2-clustered__ak2_148.a3m_0_unrelaxed_rank_001_alphafold2_ptm_model_1_seed_000.pdb,10.372173309326172
af_cluster,ak2-clustered__ak2_149.a3m_0_unrelaxed_rank_001_alphafold2_ptm_model_1_seed_000.pdb,10.145773887634276
af_cluster,ak2-clustered__ak2_150.a3m_0_unrelaxed_rank_001_alphafold2_ptm_model_1_seed_000.pdb,7.316648006439209
af_cluster,ak2-clustered__ak2_151.a3m_0_unrelaxed_rank_001_alphafold2_ptm_model_1_seed_000.pdb,7.508627414703369
af_cluster,ak2-clustered__ak2_152.a3m_0_unrelaxed_rank_001_alphafold2_ptm_model_1_seed_000.pdb,9.412650108337402
af_cluster,ak2-clustered__ak2_153.a3m_0_unrelaxed_rank_001_alphafold2_ptm_model_1_seed_000.pdb,8.779552459716797
af_cluster,ak2-clustered__ak2_154.a3m_0_unrelaxed_rank_001_alphafold2_ptm_model_1_seed_000.pdb,6.568111896514893
af_cluster,ak2-clustered__ak2_155.a3m_0_unrelaxed_rank_001_alphafold2_ptm_model_1_seed_000.pdb,10.346406936645508
af_cluster,ak2-clustered__ak2_156.a3m_0_unrelaxed_rank_001_alphafold2_ptm_model_1_seed_000.pdb,11.24998378753662
af_cluster,ak2-clustered__ak2_157.a3m_0_unrelaxed_rank_001_alphafold2_ptm_model_1_seed_000.pdb,8.493867874145508
af_cluster,ak2-clustered__ak2_158.a3m_0_unrelaxed_rank_001_alphafold2_ptm_model_1_seed_000.pdb,7.762660026550293
af_cluster,ak2-clustered__ak2_159.a3m_0_unrelaxed_rank_001_alphafold2_ptm_model_1_seed_000.pdb,6.120565414428711
af_cluster,ak2-clustered__ak2_160.a3m_0_unrelaxed_rank_001_alphafold2_ptm_model_1_seed_000.pdb,6.461117744445801
af_cluster,ak2-clustered__ak2_161.a3m_0_unrelaxed_rank_001_alphafold2_ptm_model_1_seed_000.pdb,10.742193222045898
af_cluster,ak2-clustered__ak2_162.a3m_0_unrelaxed_rank_001_alphafold2_ptm_model_1_seed_000.pdb,6.491601943969727
af_cluster,ak2-clustered__ak2_163.a3m_0_unrelaxed_rank_001_alphafold2_ptm_model_1_seed_000.pdb,10.389209747314451
af_cluster,ak2-clustered__ak2_164.a3m_0_unrelaxed_rank_001_alphafold2_ptm_model_1_seed_000.pdb,7.575367927551269
af_cluster,ak2-clustered__ak2_165.a3m_0_unrelaxed_rank_001_alphafold2_ptm_model_1_seed_000.pdb,8.970364570617676
af_cluster,ak2-clustered__ak2_166.a3m_0_unrelaxed_rank_001_alphafold2_ptm_model_1_seed_000.pdb,6.376943111419678
af_cluster,ak2-clustered__ak2_167.a3m_0_unrelaxed_rank_001_alphafold2_ptm_model_1_seed_000.pdb,9.382306098937988
af_cluster,ak2-clustered__ak2_168.a3m_0_unrelaxed_rank_001_alphafold2_ptm_model_1_seed_000.pdb,6.234556674957275
af_cluster,ak2-clustered__ak2_169.a3m_0_unrelaxed_rank_001_alphafold2_ptm_model_1_seed_000.pdb,8.394587516784668
af_cluster,ak2-clustered__ak2_170.a3m_0_unrelaxed_rank_001_alphafold2_ptm_model_1_seed_000.pdb,6.453250885009766
af_cluster,ak2-clustered__ak2_171.a3m_0_unrelaxed_rank_001_alphafold2_ptm_model_1_seed_000.pdb,8.913878440856934
af_cluster,ak2-clustered__ak2_172.a3m_0_unrelaxed_rank_001_alphafold2_ptm_model_1_seed_000.pdb,7.634264945983887
af_cluster,ak2-clustered__ak2_173.a3m_0_unrelaxed_rank_001_alphafold2_ptm_model_1_seed_000.pdb,6.605736255645752
af_cluster,ak2-clustered__ak2_174.a3m_0_unrelaxed_rank_001_alphafold2_ptm_model_1_seed_000.pdb,9.743046760559082
af_cluster,ak2-clustered__ak2_175.a3m_0_unrelaxed_rank_001_alphafold2_ptm_model_1_seed_000.pdb,6.422971248626709
af_cluster,ak2-clustered__ak2_176.a3m_0_unrelaxed_rank_001_alphafold2_ptm_model_1_seed_000.pdb,8.80966854095459
af_cluster,ak2-clustered__ak2_177.a3m_0_unrelaxed_rank_001_alphafold2_ptm_model_1_seed_000.pdb,10.089502334594728
af_cluster,ak2-clustered__ak2_178.a3m_0_unrelaxed_rank_001_alphafold2_ptm_model_1_seed_000.pdb,6.888477325439453
af_cluster,ak2-clustered__ak2_179.a3m_0_unrelaxed_rank_001_alphafold2_ptm_model_1_seed_000.pdb,6.29426383972168
af_cluster,ak2-clustered__ak2_180.a3m_0_unrelaxed_rank_001_alphafold2_ptm_model_1_seed_000.pdb,6.525761604309082
af_cluster,ak2-clustered__ak2_181.a3m_0_unrelaxed_rank_001_alphafold2_ptm_model_1_seed_000.pdb,9.965218544006348
af_cluster,ak2-clustered__ak2_182.a3m_0_unrelaxed_rank_001_alphafold2_ptm_model_1_seed_000.pdb,8.828475952148438
af_cluster,ak2-clustered__ak2_183.a3m_0_unrelaxed_rank_001_alphafold2_ptm_model_1_seed_000.pdb,6.341700553894043
af_cluster,ak2-clustered__ak2_184.a3m_0_unrelaxed_rank_001_alphafold2_ptm_model_1_seed_000.pdb,10.997466087341309
af_cluster,ak2-clustered__ak2_185.a3m_0_unrelaxed_rank_001_alphafold2_ptm_model_1_seed_000.pdb,9.019237518310549
af_cluster,ak2-clustered__ak2_186.a3m_0_unrelaxed_rank_001_alphafold2_ptm_model_1_seed_000.pdb,8.028581619262695
af_cluster,ak2-clustered__ak2_187.a3m_0_unrelaxed_rank_001_alphafold2_ptm_model_1_seed_000.pdb,6.320775985717773
af_cluster,ak2-clustered__ak2_188.a3m_0_unrelaxed_rank_001_alphafold2_ptm_model_1_seed_000.pdb,8.857276916503906
af_cluster,ak2-clustered__ak2_189.a3m_0_unrelaxed_rank_001_alphafold2_ptm_model_1_seed_000.pdb,8.7660493850708
af_cluster,ak2-clustered__ak2_190.a3m_0_unrelaxed_rank_001_alphafold2_ptm_model_1_seed_000.pdb,6.7407307624816895
af_cluster,ak2-clustered__ak2_191.a3m_0_unrelaxed_rank_001_alphafold2_ptm_model_1_seed_000.pdb,6.380134105682373
af_cluster,ak2-clustered__ak2_192.a3m_0_unrelaxed_rank_001_alphafold2_ptm_model_1_seed_000.pdb,6.670336246490479
af_cluster,ak2-clustered__ak2_193.a3m_0_unrelaxed_rank_001_alphafold2_ptm_model_1_seed_000.pdb,9.790592193603516
af_cluster,ak2-clustered__ak2_194.a3m_0_unrelaxed_rank_001_alphafold2_ptm_model_1_seed_000.pdb,9.679168701171877
af_cluster,ak2-clustered__ak2_195.a3m_0_unrelaxed_rank_001_alphafold2_ptm_model_1_seed_000.pdb,8.224832534790039
af_cluster,ak2-clustered__ak2_196.a3m_0_unrelaxed_rank_001_alphafold2_ptm_model_1_seed_000.pdb,9.985787391662598
af_cluster,ak2-clustered__ak2_197.a3m_0_unrelaxed_rank_001_alphafold2_ptm_model_1_seed_000.pdb,8.799127578735352
af_cluster,ak2-clustered__ak2_198.a3m_0_unrelaxed_rank_001_alphafold2_ptm_model_1_seed_000.pdb,6.969091892242432
af_cluster,ak2-clustered__ak2_199.a3m_0_unrelaxed_rank_001_alphafold2_ptm_model_1_seed_000.pdb,6.8489484786987305
af_cluster,ak2-clustered__ak2_200.a3m_0_unrelaxed_rank_001_alphafold2_ptm_model_1_seed_000.pdb,6.304665565490723
af_cluster,ak2-clustered__ak2_201.a3m_0_unrelaxed_rank_001_alphafold2_ptm_model_1_seed_000.pdb,6.294290065765381
af_cluster,ak2-clustered__ak2_202.a3m_0_unrelaxed_rank_001_alphafold2_ptm_model_1_seed_000.pdb,6.560710906982422
af_cluster,ak2-clustered__ak2_203.a3m_0_unrelaxed_rank_001_alphafold2_ptm_model_1_seed_000.pdb,7.856167316436768
af_cluster,ak2-clustered__ak2_204.a3m_0_unrelaxed_rank_001_alphafold2_ptm_model_1_seed_000.pdb,10.448657035827637
af_cluster,ak2-clustered__ak2_205.a3m_0_unrelaxed_rank_001_alphafold2_ptm_model_1_seed_000.pdb,6.49205493927002
af_cluster,ak2-clustered__ak2_206.a3m_0_unrelaxed_rank_001_alphafold2_ptm_model_1_seed_000.pdb,8.678886413574219
af_cluster,ak2-clustered__ak2_207.a3m_0_unrelaxed_rank_001_alphafold2_ptm_model_1_seed_000.pdb,10.955718040466309
af_cluster,ak2-clustered__ak2_208.a3m_0_unrelaxed_rank_001_alphafold2_ptm_model_1_seed_000.pdb,11.115196228027344
af_cluster,ak2-clustered__ak2_209.a3m_0_unrelaxed_rank_001_alphafold2_ptm_model_1_seed_000.pdb,8.631659507751465
af_cluster,ak2-clustered__ak2_210.a3m_0_unrelaxed_rank_001_alphafold2_ptm_model_1_seed_000.pdb,9.494050979614258
af_cluster,ak2-clustered__ak2_211.a3m_0_unrelaxed_rank_001_alphafold2_ptm_model_1_seed_000.pdb,6.452717781066895
af_cluster,ak2-clustered__ak2_212.a3m_0_unrelaxed_rank_001_alphafold2_ptm_model_1_seed_000.pdb,6.909918785095215
af_cluster,ak2-clustered__ak2_213.a3m_0_unrelaxed_rank_001_alphafold2_ptm_model_1_seed_000.pdb,6.791022777557373
af_cluster,ak2-clustered__ak2_214.a3m_0_unrelaxed_rank_001_alphafold2_ptm_model_1_seed_000.pdb,9.88405990600586
af_cluster,ak2-clustered__ak2_215.a3m_0_unrelaxed_rank_001_alphafold2_ptm_model_1_seed_000.pdb,6.124903202056885
af_cluster,ak2-clustered__ak2_216.a3m_0_unrelaxed_rank_001_alphafold2_ptm_model_1_seed_000.pdb,7.133898735046387
af_cluster,ak2-clustered__ak2_217.a3m_0_unrelaxed_rank_001_alphafold2_ptm_model_1_seed_000.pdb,8.140584945678711
af_cluster,ak2-clustered__ak2_218.a3m_0_unrelaxed_rank_001_alphafold2_ptm_model_1_seed_000.pdb,9.25106716156006
af_cluster,ak2-clustered__ak2_219.a3m_0_unrelaxed_rank_001_alphafold2_ptm_model_1_seed_000.pdb,8.552699089050293
af_cluster,ak2-clustered__ak2_220.a3m_0_unrelaxed_rank_001_alphafold2_ptm_model_1_seed_000.pdb,7.537341594696045
af_cluster,ak2-clustered__ak2_221.a3m_0_unrelaxed_rank_001_alphafold2_ptm_model_1_seed_000.pdb,8.451623916625977
af_cluster,ak2-clustered__ak2_222.a3m_0_unrelaxed_rank_001_alphafold2_ptm_model_1_seed_000.pdb,9.564483642578123
af_cluster,ak2-clustered__ak2_223.a3m_0_unrelaxed_rank_001_alphafold2_ptm_model_1_seed_000.pdb,8.885509490966797
af_cluster,ak2-clustered__ak2_224.a3m_0_unrelaxed_rank_001_alphafold2_ptm_model_1_seed_000.pdb,8.357935905456543
af_cluster,ak2-clustered__ak2_225.a3m_0_unrelaxed_rank_001_alphafold2_ptm_model_1_seed_000.pdb,9.43572235107422
af_cluster,ak2-clustered__ak2_226.a3m_0_unrelaxed_rank_001_alphafold2_ptm_model_1_seed_000.pdb,8.100757598876953
af_cluster,ak2-clustered__ak2_227.a3m_0_unrelaxed_rank_001_alphafold2_ptm_model_1_seed_000.pdb,9.75627899169922
af_cluster,ak2-clustered__ak2_228.a3m_0_unrelaxed_rank_001_alphafold2_ptm_model_1_seed_000.pdb,7.156306743621826
af_cluster,ak2-clustered__ak2_229.a3m_0_unrelaxed_rank_001_alphafold2_ptm_model_1_seed_000.pdb,9.869486808776855
af_cluster,ak2-clustered__ak2_230.a3m_0_unrelaxed_rank_001_alphafold2_ptm_model_1_seed_000.pdb,9.628697395324709
af_cluster,ak2-clustered__ak2_231.a3m_0_unrelaxed_rank_001_alphafold2_ptm_model_1_seed_000.pdb,6.2655415534973145
af_cluster,ak2-clustered__ak2_232.a3m_0_unrelaxed_rank_001_alphafold2_ptm_model_1_seed_000.pdb,8.987548828125
af_cluster,ak2-clustered__ak2_233.a3m_0_unrelaxed_rank_001_alphafold2_ptm_model_1_seed_000.pdb,10.409893989562988
af_cluster,ak2-clustered__ak2_234.a3m_0_unrelaxed_rank_001_alphafold2_ptm_model_1_seed_000.pdb,7.157132625579834
af_cluster,ak2-clustered__ak2_235.a3m_0_unrelaxed_rank_001_alphafold2_ptm_model_1_seed_000.pdb,6.275102138519287
af_cluster,ak2-clustered__ak2_236.a3m_0_unrelaxed_rank_001_alphafold2_ptm_model_1_seed_000.pdb,9.016669273376465
af_cluster,ak2-clustered__ak2_237.a3m_0_unrelaxed_rank_001_alphafold2_ptm_model_1_seed_000.pdb,8.880155563354492
af_cluster,ak2-clustered__ak2_238.a3m_0_unrelaxed_rank_001_alphafold2_ptm_model_1_seed_000.pdb,6.371241092681885
af_cluster,ak2-clustered__ak2_239.a3m_0_unrelaxed_rank_001_alphafold2_ptm_model_1_seed_000.pdb,6.145872592926025
af_cluster,ak2-clustered__ak2_240.a3m_0_unrelaxed_rank_001_alphafold2_ptm_model_1_seed_000.pdb,6.456989288330078
af_cluster,ak2-clustered__ak2_241.a3m_0_unrelaxed_rank_001_alphafold2_ptm_model_1_seed_000.pdb,7.541443347930908
af_cluster,ak2-clustered__ak2_242.a3m_0_unrelaxed_rank_001_alphafold2_ptm_model_1_seed_000.pdb,6.880134105682373
af_cluster,ak2-clustered__ak2_243.a3m_0_unrelaxed_rank_001_alphafold2_ptm_model_1_seed_000.pdb,6.733272552490234
af_cluster,ak2-clustered__ak2_244.a3m_0_unrelaxed_rank_001_alphafold2_ptm_model_1_seed_000.pdb,6.370043277740479
af_cluster,ak2-clustered__ak2_245.a3m_0_unrelaxed_rank_001_alphafold2_ptm_model_1_seed_000.pdb,6.129660606384277
af_cluster,ak2-clustered__ak2_246.a3m_0_unrelaxed_rank_001_alphafold2_ptm_model_1_seed_000.pdb,10.6797513961792
af_cluster,ak2-clustered__ak2_247.a3m_0_unrelaxed_rank_001_alphafold2_ptm_model_1_seed_000.pdb,6.497250080108643
af_cluster,ak2-clustered__ak2_248.a3m_0_unrelaxed_rank_001_alphafold2_ptm_model_1_seed_000.pdb,9.814960479736328
af_cluster,ak2-clustered__ak2_249.a3m_0_unrelaxed_rank_001_alphafold2_ptm_model_1_seed_000.pdb,6.534422874450684
af_cluster,ak2-clustered__ak2_250.a3m_0_unrelaxed_rank_001_alphafold2_ptm_model_1_seed_000.pdb,8.19616985321045
af_cluster,ak2-clustered__ak2_251.a3m_0_unrelaxed_rank_001_alphafold2_ptm_model_1_seed_000.pdb,8.982658386230469
af_cluster,ak2-clustered__ak2_252.a3m_0_unrelaxed_rank_001_alphafold2_ptm_model_1_seed_000.pdb,10.426560401916504
af_cluster,ak2-clustered__ak2_253.a3m_0_unrelaxed_rank_001_alphafold2_ptm_model_1_seed_000.pdb,9.583995819091797
af_cluster,ak2-clustered__ak2_254.a3m_0_unrelaxed_rank_001_alphafold2_ptm_model_1_seed_000.pdb,6.270051002502441
af_cluster,ak2-clustered__ak2_255.a3m_0_unrelaxed_rank_001_alphafold2_ptm_model_1_seed_000.pdb,11.942572593688965
af_cluster,ak2-clustered__ak2_256.a3m_0_unrelaxed_rank_001_alphafold2_ptm_model_1_seed_000.pdb,8.191055297851562
af_cluster,ak2-clustered__ak2_257.a3m_0_unrelaxed_rank_001_alphafold2_ptm_model_1_seed_000.pdb,6.263049125671387
af_cluster,ak2-clustered__ak2_258.a3m_0_unrelaxed_rank_001_alphafold2_ptm_model_1_seed_000.pdb,9.081645965576172
af_cluster,ak2-clustered__ak2_259.a3m_0_unrelaxed_rank_001_alphafold2_ptm_model_1_seed_000.pdb,6.094151020050049
af_cluster,ak2-clustered__ak2_260.a3m_0_unrelaxed_rank_001_alphafold2_ptm_model_1_seed_000.pdb,7.113294124603272
af_cluster,ak2-clustered__ak2_261.a3m_0_unrelaxed_rank_001_alphafold2_ptm_model_1_seed_000.pdb,6.837872505187988
af_cluster,ak2-clustered__ak2_262.a3m_0_unrelaxed_rank_001_alphafold2_ptm_model_1_seed_000.pdb,7.265928268432617
af_cluster,ak2-clustered__ak2_263.a3m_0_unrelaxed_rank_001_alphafold2_ptm_model_1_seed_000.pdb,9.001351356506348
af_cluster,ak2-clustered__ak2_264.a3m_0_unrelaxed_rank_001_alphafold2_ptm_model_1_seed_000.pdb,7.350597381591797
af_cluster,ak2-clustered__ak2_265.a3m_0_unrelaxed_rank_001_alphafold2_ptm_model_1_seed_000.pdb,6.768638610839844
af_cluster,ak2-clustered__ak2_266.a3m_0_unrelaxed_rank_001_alphafold2_ptm_model_1_seed_000.pdb,6.4609479904174805
af_cluster,ak2-clustered__ak2_267.a3m_0_unrelaxed_rank_001_alphafold2_ptm_model_1_seed_000.pdb,7.041070461273193
af_cluster,ak2-clustered__ak2_268.a3m_0_unrelaxed_rank_001_alphafold2_ptm_model_1_seed_000.pdb,6.27293872833252
af_cluster,ak2-clustered__ak2_269.a3m_0_unrelaxed_rank_001_alphafold2_ptm_model_1_seed_000.pdb,11.77018928527832
af_cluster,ak2-clustered__ak2_270.a3m_0_unrelaxed_rank_001_alphafold2_ptm_model_1_seed_000.pdb,9.667584419250488
af_cluster,ak2-clustered__ak2_271.a3m_0_unrelaxed_rank_001_alphafold2_ptm_model_1_seed_000.pdb,6.85920000076294
af_cluster,ak2-clustered__ak2_272.a3m_0_unrelaxed_rank_001_alphafold2_ptm_model_1_seed_000.pdb,6.131961345672607
af_cluster,ak2-clustered__ak2_273.a3m_0_unrelaxed_rank_001_alphafold2_ptm_model_1_seed_000.pdb,6.245993614196777
af_cluster,ak2-clustered__ak2_274.a3m_0_unrelaxed_rank_001_alphafold2_ptm_model_1_seed_000.pdb,8.692370414733887
af_cluster,ak2-clustered__ak2_275.a3m_0_unrelaxed_rank_001_alphafold2_ptm_model_1_seed_000.pdb,9.158994674682615
af_cluster,ak2-clustered__ak2_276.a3m_0_unrelaxed_rank_001_alphafold2_ptm_model_1_seed_000.pdb,8.982687950134277
af_cluster,ak2-clustered__ak2_277.a3m_0_unrelaxed_rank_001_alphafold2_ptm_model_1_seed_000.pdb,8.53436279296875
af_cluster,ak2-clustered__ak2_278.a3m_0_unrelaxed_rank_001_alphafold2_ptm_model_1_seed_000.pdb,6.485649108886719
af_cluster,ak2-clustered__ak2_279.a3m_0_unrelaxed_rank_001_alphafold2_ptm_model_1_seed_000.pdb,6.8270463943481445
af_cluster,ak2-clustered__ak2_280.a3m_0_unrelaxed_rank_001_alphafold2_ptm_model_1_seed_000.pdb,8.092479705810547
af_cluster,ak2-clustered__ak2_281.a3m_0_unrelaxed_rank_001_alphafold2_ptm_model_1_seed_000.pdb,9.7041597366333
af_cluster,ak2-clustered__ak2_282.a3m_0_unrelaxed_rank_001_alphafold2_ptm_model_1_seed_000.pdb,6.141373157501221
af_cluster,ak2-clustered__ak2_283.a3m_0_unrelaxed_rank_001_alphafold2_ptm_model_1_seed_000.pdb,6.239846229553223
af_cluster,ak2-clustered__ak2_284.a3m_0_unrelaxed_rank_001_alphafold2_ptm_model_1_seed_000.pdb,6.541817665100098
af_cluster,ak2-clustered__ak2_285.a3m_0_unrelaxed_rank_001_alphafold2_ptm_model_1_seed_000.pdb,6.447569847106934
af_cluster,ak2-clustered__ak2_286.a3m_0_unrelaxed_rank_001_alphafold2_ptm_model_1_seed_000.pdb,8.632308959960938
af_cluster,ak2-clustered__ak2_287.a3m_0_unrelaxed_rank_001_alphafold2_ptm_model_1_seed_000.pdb,9.93479824066162
af_cluster,ak2-clustered__ak2_288.a3m_0_unrelaxed_rank_001_alphafold2_ptm_model_1_seed_000.pdb,6.636275291442871
af_cluster,ak2-clustered__ak2_289.a3m_0_unrelaxed_rank_001_alphafold2_ptm_model_1_seed_000.pdb,7.015630722045898
af_cluster,ak2-clustered__ak2_290.a3m_0_unrelaxed_rank_001_alphafold2_ptm_model_1_seed_000.pdb,7.823051452636719
af_cluster,ak2-clustered__ak2_291.a3m_0_unrelaxed_rank_001_alphafold2_ptm_model_1_seed_000.pdb,9.20375633239746
af_cluster,ak2-clustered__ak2_292.a3m_0_unrelaxed_rank_001_alphafold2_ptm_model_1_seed_000.pdb,8.731653213500977
af_cluster,ak2-clustered__ak2_293.a3m_0_unrelaxed_rank_001_alphafold2_ptm_model_1_seed_000.pdb,8.833112716674805
af_cluster,ak2-clustered__ak2_294.a3m_0_unrelaxed_rank_001_alphafold2_ptm_model_1_seed_000.pdb,6.117427825927734
af_cluster,ak2-clustered__ak2_295.a3m_0_unrelaxed_rank_001_alphafold2_ptm_model_1_seed_000.pdb,9.721879959106444
af_cluster,ak2-clustered__ak2_296.a3m_0_unrelaxed_rank_001_alphafold2_ptm_model_1_seed_000.pdb,8.542930603027344
af_cluster,ak2-clustered__ak2_297.a3m_0_unrelaxed_rank_001_alphafold2_ptm_model_1_seed_000.pdb,6.138607501983643
af_cluster,ak2-clustered__ak2_298.a3m_0_unrelaxed_rank_001_alphafold2_ptm_model_1_seed_000.pdb,9.54110050201416
af_cluster,ak2-clustered__ak2_299.a3m_0_unrelaxed_rank_001_alphafold2_ptm_model_1_seed_000.pdb,9.90569019317627
af_cluster,ak2-clustered__ak2_300.a3m_0_unrelaxed_rank_001_alphafold2_ptm_model_1_seed_000.pdb,7.517063140869141
af_cluster,ak2-clustered__ak2_301.a3m_0_unrelaxed_rank_001_alphafold2_ptm_model_1_seed_000.pdb,8.630675315856934
af_cluster,ak2-clustered__ak2_302.a3m_0_unrelaxed_rank_001_alphafold2_ptm_model_1_seed_000.pdb,8.456530570983887
af_cluster,ak2-clustered__ak2_303.a3m_0_unrelaxed_rank_001_alphafold2_ptm_model_1_seed_000.pdb,8.49673843383789
af_cluster,ak2-clustered__ak2_304.a3m_0_unrelaxed_rank_001_alphafold2_ptm_model_1_seed_000.pdb,6.690694808959961
af_cluster,ak2-clustered__ak2_305.a3m_0_unrelaxed_rank_001_alphafold2_ptm_model_1_seed_000.pdb,6.815493106842041
af_cluster,ak2-clustered__ak2_306.a3m_0_unrelaxed_rank_001_alphafold2_ptm_model_1_seed_000.pdb,9.01652717590332
af_cluster,ak2-clustered__ak2_307.a3m_0_unrelaxed_rank_001_alphafold2_ptm_model_1_seed_000.pdb,6.171606540679932
af_cluster,ak2-clustered__ak2_308.a3m_0_unrelaxed_rank_001_alphafold2_ptm_model_1_seed_000.pdb,9.838141441345217
af_cluster,ak2-clustered__ak2_309.a3m_0_unrelaxed_rank_001_alphafold2_ptm_model_1_seed_000.pdb,8.4002103805542
af_cluster,ak2-clustered__ak2_310.a3m_0_unrelaxed_rank_001_alphafold2_ptm_model_1_seed_000.pdb,6.380636692047119
af_cluster,ak2-clustered__ak2_311.a3m_0_unrelaxed_rank_001_alphafold2_ptm_model_1_seed_000.pdb,10.059432983398438
af_cluster,ak2-clustered__ak2_312.a3m_0_unrelaxed_rank_001_alphafold2_ptm_model_1_seed_000.pdb,8.694605827331543
af_cluster,ak2-clustered__ak2_313.a3m_0_unrelaxed_rank_001_alphafold2_ptm_model_1_seed_000.pdb,6.51888370513916
af_cluster,ak2-clustered__ak2_314.a3m_0_unrelaxed_rank_001_alphafold2_ptm_model_1_seed_000.pdb,6.391926288604736
af_cluster,ak2-clustered__ak2_315.a3m_0_unrelaxed_rank_001_alphafold2_ptm_model_1_seed_000.pdb,7.43976354598999
af_cluster,ak2-clustered__ak2_316.a3m_0_unrelaxed_rank_001_alphafold2_ptm_model_1_seed_000.pdb,6.074851989746094
af_cluster,ak2-clustered__ak2_317.a3m_0_unrelaxed_rank_001_alphafold2_ptm_model_1_seed_000.pdb,6.3951416015625
af_cluster,ak2-clustered__ak2_318.a3m_0_unrelaxed_rank_001_alphafold2_ptm_model_1_seed_000.pdb,6.636094093322754
af_cluster,ak2-clustered__ak2_319.a3m_0_unrelaxed_rank_001_alphafold2_ptm_model_1_seed_000.pdb,8.561781883239746
af_cluster,ak2-clustered__ak2_320.a3m_0_unrelaxed_rank_001_alphafold2_ptm_model_1_seed_000.pdb,6.904226303100586
af_cluster,ak2-clustered__ak2_321.a3m_0_unrelaxed_rank_001_alphafold2_ptm_model_1_seed_000.pdb,6.235893726348877
af_cluster,ak2-clustered__ak2_322.a3m_0_unrelaxed_rank_001_alphafold2_ptm_model_1_seed_000.pdb,9.280125617980955
af_cluster,ak2-clustered__ak2_323.a3m_0_unrelaxed_rank_001_alphafold2_ptm_model_1_seed_000.pdb,9.36804485321045
af_cluster,ak2-clustered__ak2_324.a3m_0_unrelaxed_rank_001_alphafold2_ptm_model_1_seed_000.pdb,6.266549587249756
af_cluster,ak2-clustered__ak2_325.a3m_0_unrelaxed_rank_001_alphafold2_ptm_model_1_seed_000.pdb,6.410582542419434
af_cluster,ak2-clustered__ak2_326.a3m_0_unrelaxed_rank_001_alphafold2_ptm_model_1_seed_000.pdb,8.130616188049316
af_cluster,ak2-clustered__ak2_327.a3m_0_unrelaxed_rank_001_alphafold2_ptm_model_1_seed_000.pdb,8.97126293182373
af_cluster,ak2-clustered__ak2_328.a3m_0_unrelaxed_rank_001_alphafold2_ptm_model_1_seed_000.pdb,7.349809169769287
af_cluster,ak2-clustered__ak2_329.a3m_0_unrelaxed_rank_001_alphafold2_ptm_model_1_seed_000.pdb,9.581306457519531
af_cluster,ak2-clustered__ak2_330.a3m_0_unrelaxed_rank_001_alphafold2_ptm_model_1_seed_000.pdb,8.941826820373535
af_cluster,ak2-clustered__ak2_331.a3m_0_unrelaxed_rank_001_alphafold2_ptm_model_1_seed_000.pdb,9.708772659301758
af_cluster,ak2-clustered__ak2_332.a3m_0_unrelaxed_rank_001_alphafold2_ptm_model_1_seed_000.pdb,8.767669677734375
af_cluster,ak2-clustered__ak2_333.a3m_0_unrelaxed_rank_001_alphafold2_ptm_model_1_seed_000.pdb,8.375438690185547
af_cluster,ak2-clustered__ak2_334.a3m_0_unrelaxed_rank_001_alphafold2_ptm_model_1_seed_000.pdb,9.31267547607422
af_cluster,ak2-clustered__ak2_335.a3m_0_unrelaxed_rank_001_alphafold2_ptm_model_1_seed_000.pdb,10.111041069030762
af_cluster,ak2-clustered__ak2_336.a3m_0_unrelaxed_rank_001_alphafold2_ptm_model_1_seed_000.pdb,9.955696105957031
af_cluster,ak2-clustered__ak2_337.a3m_0_unrelaxed_rank_001_alphafold2_ptm_model_1_seed_000.pdb,6.617589473724365
af_cluster,ak2-clustered__ak2_338.a3m_0_unrelaxed_rank_001_alphafold2_ptm_model_1_seed_000.pdb,7.777806282043457
af_cluster,ak2-clustered__ak2_339.a3m_0_unrelaxed_rank_001_alphafold2_ptm_model_1_seed_000.pdb,8.691936492919922
af_cluster,ak2-clustered__ak2_340.a3m_0_unrelaxed_rank_001_alphafold2_ptm_model_1_seed_000.pdb,10.749640464782717
af_cluster,ak2-clustered__ak2_341.a3m_0_unrelaxed_rank_001_alphafold2_ptm_model_1_seed_000.pdb,10.887423515319824
af_cluster,ak2-clustered__ak2_342.a3m_0_unrelaxed_rank_001_alphafold2_ptm_model_1_seed_000.pdb,8.628181457519531
af_cluster,ak2-clustered__ak2_343.a3m_0_unrelaxed_rank_001_alphafold2_ptm_model_1_seed_000.pdb,8.08811092376709
af_cluster,ak2-clustered__ak2_344.a3m_0_unrelaxed_rank_001_alphafold2_ptm_model_1_seed_000.pdb,9.526284217834473
af_cluster,ak2-clustered__ak2_345.a3m_0_unrelaxed_rank_001_alphafold2_ptm_model_1_seed_000.pdb,10.886666297912598
af_cluster,ak2-clustered__ak2_346.a3m_0_unrelaxed_rank_001_alphafold2_ptm_model_1_seed_000.pdb,6.520859718322754
af_cluster,ak2-clustered__ak2_347.a3m_0_unrelaxed_rank_001_alphafold2_ptm_model_1_seed_000.pdb,10.696674346923828
af_cluster,ak2-clustered__ak2_348.a3m_0_unrelaxed_rank_001_alphafold2_ptm_model_1_seed_000.pdb,6.383999347686768
af_cluster,ak2-clustered__ak2_349.a3m_0_unrelaxed_rank_001_alphafold2_ptm_model_1_seed_000.pdb,10.781173706054688
af_cluster,ak2-clustered__ak2_350.a3m_0_unrelaxed_rank_001_alphafold2_ptm_model_1_seed_000.pdb,9.615984916687012
af_cluster,ak2-clustered__ak2_351.a3m_0_unrelaxed_rank_001_alphafold2_ptm_model_1_seed_000.pdb,9.703267097473145
af_cluster,ak2-clustered__ak2_352.a3m_0_unrelaxed_rank_001_alphafold2_ptm_model_1_seed_000.pdb,7.65084981918335
af_cluster,ak2-clustered__ak2_353.a3m_0_unrelaxed_rank_001_alphafold2_ptm_model_1_seed_000.pdb,8.743136405944824
af_cluster,ak2-clustered__ak2_354.a3m_0_unrelaxed_rank_001_alphafold2_ptm_model_1_seed_000.pdb,6.998404026031494
af_cluster,ak2-clustered__ak2_355.a3m_0_unrelaxed_rank_001_alphafold2_ptm_model_1_seed_000.pdb,6.558601379394531
af_cluster,ak2-clustered__ak2_356.a3m_0_unrelaxed_rank_001_alphafold2_ptm_model_1_seed_000.pdb,11.970271110534668
af_cluster,ak2-clustered__ak2_357.a3m_0_unrelaxed_rank_001_alphafold2_ptm_model_1_seed_000.pdb,10.19736099243164
af_cluster,ak2-clustered__ak2_358.a3m_0_unrelaxed_rank_001_alphafold2_ptm_model_1_seed_000.pdb,10.081849098205566
af_cluster,ak2-clustered__ak2_359.a3m_0_unrelaxed_rank_001_alphafold2_ptm_model_1_seed_000.pdb,9.063713073730469
af_cluster,ak2-clustered__ak2_360.a3m_0_unrelaxed_rank_001_alphafold2_ptm_model_1_seed_000.pdb,6.511147499084473
af_cluster,ak2-clustered__ak2_361.a3m_0_unrelaxed_rank_001_alphafold2_ptm_model_1_seed_000.pdb,7.625590801239014
af_cluster,ak2-clustered__ak2_362.a3m_0_unrelaxed_rank_001_alphafold2_ptm_model_1_seed_000.pdb,7.224189758300781
af_cluster,ak2-clustered__ak2_363.a3m_0_unrelaxed_rank_001_alphafold2_ptm_model_1_seed_000.pdb,7.626000881195068
af_cluster,ak2-clustered__ak2_364.a3m_0_unrelaxed_rank_001_alphafold2_ptm_model_1_seed_000.pdb,9.988859176635742
af_cluster,ak2-clustered__ak2_365.a3m_0_unrelaxed_rank_001_alphafold2_ptm_model_1_seed_000.pdb,6.432163238525391
af_cluster,ak2-clustered__ak2_366.a3m_0_unrelaxed_rank_001_alphafold2_ptm_model_1_seed_000.pdb,10.021431922912598
af_cluster,ak2-clustered__ak2_367.a3m_0_unrelaxed_rank_001_alphafold2_ptm_model_1_seed_000.pdb,9.373213768005373
af_cluster,ak2-clustered__ak2_368.a3m_0_unrelaxed_rank_001_alphafold2_ptm_model_1_seed_000.pdb,10.278837203979492
af_cluster,ak2-clustered__ak2_369.a3m_0_unrelaxed_rank_001_alphafold2_ptm_model_1_seed_000.pdb,10.845316886901855
af_cluster,ak2-clustered__ak2_370.a3m_0_unrelaxed_rank_001_alphafold2_ptm_model_1_seed_000.pdb,10.36523151397705
af_cluster,ak2-clustered__ak2_371.a3m_0_unrelaxed_rank_001_alphafold2_ptm_model_1_seed_000.pdb,8.689821243286133
af_cluster,ak2-clustered__ak2_372.a3m_0_unrelaxed_rank_001_alphafold2_ptm_model_1_seed_000.pdb,6.169671535491943
af_cluster,ak2-clustered__ak2_373.a3m_0_unrelaxed_rank_001_alphafold2_ptm_model_1_seed_000.pdb,10.101439476013184
af_cluster,ak2-clustered__ak2_374.a3m_0_unrelaxed_rank_001_alphafold2_ptm_model_1_seed_000.pdb,7.250907897949219
af_cluster,ak2-clustered__ak2_375.a3m_0_unrelaxed_rank_001_alphafold2_ptm_model_1_seed_000.pdb,8.769797325134277
af_cluster,ak2-clustered__ak2_376.a3m_0_unrelaxed_rank_001_alphafold2_ptm_model_1_seed_000.pdb,9.34060001373291
af_cluster,ak2-clustered__ak2_377.a3m_0_unrelaxed_rank_001_alphafold2_ptm_model_1_seed_000.pdb,8.687171936035156
af_cluster,ak2-clustered__ak2_378.a3m_0_unrelaxed_rank_001_alphafold2_ptm_model_1_seed_000.pdb,9.692755699157717
af_cluster,ak2-clustered__ak2_379.a3m_0_unrelaxed_rank_001_alphafold2_ptm_model_1_seed_000.pdb,9.553321838378906
af_cluster,ak2-clustered__ak2_380.a3m_0_unrelaxed_rank_001_alphafold2_ptm_model_1_seed_000.pdb,6.529726028442383
af_cluster,ak2-clustered__ak2_381.a3m_0_unrelaxed_rank_001_alphafold2_ptm_model_1_seed_000.pdb,8.712371826171875
af_cluster,ak2-clustered__ak2_382.a3m_0_unrelaxed_rank_001_alphafold2_ptm_model_1_seed_000.pdb,6.327471733093262
af_cluster,ak2-clustered__ak2_383.a3m_0_unrelaxed_rank_001_alphafold2_ptm_model_1_seed_000.pdb,7.830392360687256
af_cluster,ak2-clustered__ak2_384.a3m_0_unrelaxed_rank_001_alphafold2_ptm_model_1_seed_000.pdb,6.296933650970459
af_cluster,ak2-clustered__ak2_385.a3m_0_unrelaxed_rank_001_alphafold2_ptm_model_1_seed_000.pdb,6.321406841278076
af_cluster,ak2-clustered__ak2_386.a3m_0_unrelaxed_rank_001_alphafold2_ptm_model_1_seed_000.pdb,5.997424125671387
af_cluster,ak2-clustered__ak2_U10-000.a3m_0_unrelaxed_rank_001_alphafold2_ptm_model_1_seed_000.pdb,6.239707946777344
af_cluster,ak2-clustered__ak2_U10-001.a3m_0_unrelaxed_rank_001_alphafold2_ptm_model_1_seed_000.pdb,6.01181697845459
af_cluster,ak2-clustered__ak2_U10-002.a3m_0_unrelaxed_rank_001_alphafold2_ptm_model_1_seed_000.pdb,6.193451404571533
af_cluster,ak2-clustered__ak2_U10-003.a3m_0_unrelaxed_rank_001_alphafold2_ptm_model_1_seed_000.pdb,6.167238235473633
af_cluster,ak2-clustered__ak2_U10-004.a3m_0_unrelaxed_rank_001_alphafold2_ptm_model_1_seed_000.pdb,6.150691509246826
af_cluster,ak2-clustered__ak2_U10-005.a3m_0_unrelaxed_rank_001_alphafold2_ptm_model_1_seed_000.pdb,10.31798267364502
af_cluster,ak2-clustered__ak2_U10-006.a3m_0_unrelaxed_rank_001_alphafold2_ptm_model_1_seed_000.pdb,6.570892333984375
af_cluster,ak2-clustered__ak2_U10-007.a3m_0_unrelaxed_rank_001_alphafold2_ptm_model_1_seed_000.pdb,6.314105033874512
af_cluster,ak2-clustered__ak2_U10-008.a3m_0_unrelaxed_rank_001_alphafold2_ptm_model_1_seed_000.pdb,6.422028541564941
af_cluster,ak2-clustered__ak2_U10-009.a3m_0_unrelaxed_rank_001_alphafold2_ptm_model_1_seed_000.pdb,6.377192497253418
af_cluster,ak2-clustered__ak2_U100-000.a3m_0_unrelaxed_rank_001_alphafold2_ptm_model_1_seed_000.pdb,6.52245044708252
af_cluster,ak2-clustered__ak2_U100-001.a3m_0_unrelaxed_rank_001_alphafold2_ptm_model_1_seed_000.pdb,6.437607288360596
af_cluster,ak2-clustered__ak2_U100-002.a3m_0_unrelaxed_rank_001_alphafold2_ptm_model_1_seed_000.pdb,6.415266990661621
af_cluster,ak2-clustered__ak2_U100-003.a3m_0_unrelaxed_rank_001_alphafold2_ptm_model_1_seed_000.pdb,7.357615947723389
af_cluster,ak2-clustered__ak2_U100-004.a3m_0_unrelaxed_rank_001_alphafold2_ptm_model_1_seed_000.pdb,6.270586013793945
af_cluster,ak2-clustered__ak2_U100-005.a3m_0_unrelaxed_rank_001_alphafold2_ptm_model_1_seed_000.pdb,6.549614906311035
af_cluster,ak2-clustered__ak2_U100-006.a3m_0_unrelaxed_rank_001_alphafold2_ptm_model_1_seed_000.pdb,6.608217716217041
af_cluster,ak2-clustered__ak2_U100-007.a3m_0_unrelaxed_rank_001_alphafold2_ptm_model_1_seed_000.pdb,6.676431179046631
af_cluster,ak2-clustered__ak2_U100-008.a3m_0_unrelaxed_rank_001_alphafold2_ptm_model_1_seed_000.pdb,6.71282434463501
af_cluster,ak2-clustered__ak2_U100-009.a3m_0_unrelaxed_rank_001_alphafold2_ptm_model_1_seed_000.pdb,6.485099792480469
afsample2,unrelaxed_model_1_ptm_pred_1_rand0.15_nodropout.pdb,6.336928844451904
afsample2,unrelaxed_model_1_ptm_pred_2_rand0.15_nodropout.pdb,6.136999607086182
afsample2,unrelaxed_model_1_ptm_pred_3_rand0.15_nodropout.pdb,6.2340898513793945
afsample2,unrelaxed_model_1_ptm_pred_4_rand0.15_nodropout.pdb,6.134387016296387
afsample2,unrelaxed_model_1_ptm_pred_5_rand0.15_nodropout.pdb,6.240898609161377
afsample2,unrelaxed_model_1_ptm_pred_6_rand0.15_nodropout.pdb,6.336570739746094
afsample2,unrelaxed_model_1_ptm_pred_7_rand0.15_nodropout.pdb,5.973470687866211
afsample2,unrelaxed_model_1_ptm_pred_8_rand0.15_nodropout.pdb,6.166635513305664
afsample2,unrelaxed_model_1_ptm_pred_9_rand0.15_nodropout.pdb,5.961220741271973
afsample2,unrelaxed_model_1_ptm_pred_10_rand0.15_nodropout.pdb,6.153549671173096
afsample2,unrelaxed_model_1_ptm_pred_11_rand0.15_nodropout.pdb,6.326950550079346
afsample2,unrelaxed_model_1_ptm_pred_12_rand0.15_nodropout.pdb,6.202114582061768
afsample2,unrelaxed_model_1_ptm_pred_13_rand0.15_nodropout.pdb,5.966557502746582
afsample2,unrelaxed_model_1_ptm_pred_14_rand0.15_nodropout.pdb,6.116573810577393
afsample2,unrelaxed_model_1_ptm_pred_15_rand0.15_nodropout.pdb,5.868793487548828
afsample2,unrelaxed_model_1_ptm_pred_16_rand0.15_nodropout.pdb,6.047060012817383
afsample2,unrelaxed_model_1_ptm_pred_17_rand0.15_nodropout.pdb,6.043015480041504
afsample2,unrelaxed_model_1_ptm_pred_18_rand0.15_nodropout.pdb,6.300007343292236
afsample2,unrelaxed_model_1_ptm_pred_19_rand0.15_nodropout.pdb,6.165335178375244
afsample2,unrelaxed_model_1_ptm_pred_20_rand0.15_nodropout.pdb,6.193032264709473
afsample2,unrelaxed_model_1_ptm_pred_21_rand0.15_nodropout.pdb,5.908613681793213
afsample2,unrelaxed_model_1_ptm_pred_22_rand0.15_nodropout.pdb,6.113841533660889
afsample2,unrelaxed_model_1_ptm_pred_23_rand0.15_nodropout.pdb,6.172134876251221
afsample2,unrelaxed_model_1_ptm_pred_24_rand0.15_nodropout.pdb,6.393531322479248
afsample2,unrelaxed_model_1_ptm_pred_25_rand0.15_nodropout.pdb,5.990265846252441
afsample2,unrelaxed_model_1_ptm_pred_26_rand0.15_nodropout.pdb,6.128468036651611
afsample2,unrelaxed_model_1_ptm_pred_27_rand0.15_nodropout.pdb,5.988931179046631
afsample2,unrelaxed_model_1_ptm_pred_28_rand0.15_nodropout.pdb,6.10469388961792
afsample2,unrelaxed_model_1_ptm_pred_29_rand0.15_nodropout.pdb,6.093669414520264
afsample2,unrelaxed_model_1_ptm_pred_30_rand0.15_nodropout.pdb,6.161715507507324
afsample2,unrelaxed_model_1_ptm_pred_31_rand0.15_nodropout.pdb,6.018433570861816
afsample2,unrelaxed_model_1_ptm_pred_32_rand0.15_nodropout.pdb,6.105390548706055
afsample2,unrelaxed_model_1_ptm_pred_33_rand0.15_nodropout.pdb,6.057305812835693
afsample2,unrelaxed_model_1_ptm_pred_34_rand0.15_nodropout.pdb,6.268285751342773
afsample2,unrelaxed_model_1_ptm_pred_35_rand0.15_nodropout.pdb,6.315609931945801
afsample2,unrelaxed_model_1_ptm_pred_36_rand0.15_nodropout.pdb,6.151462078094482
afsample2,unrelaxed_model_1_ptm_pred_37_rand0.15_nodropout.pdb,6.087727546691895
afsample2,unrelaxed_model_1_ptm_pred_38_rand0.15_nodropout.pdb,6.231797695159912
afsample2,unrelaxed_model_1_ptm_pred_39_rand0.15_nodropout.pdb,6.472210884094238
afsample2,unrelaxed_model_1_ptm_pred_40_rand0.15_nodropout.pdb,6.296102523803711
afsample2,unrelaxed_model_1_ptm_pred_41_rand0.15_nodropout.pdb,6.223206043243408
afsample2,unrelaxed_model_1_ptm_pred_42_rand0.15_nodropout.pdb,6.347253799438477
afsample2,unrelaxed_model_1_ptm_pred_43_rand0.15_nodropout.pdb,6.167918205261231
afsample2,unrelaxed_model_1_ptm_pred_44_rand0.15_nodropout.pdb,6.155064582824707
afsample2,unrelaxed_model_1_ptm_pred_45_rand0.15_nodropout.pdb,6.213888168334961
afsample2,unrelaxed_model_1_ptm_pred_46_rand0.15_nodropout.pdb,6.166206359863281
afsample2,unrelaxed_model_1_ptm_pred_47_rand0.15_nodropout.pdb,6.39151668548584
afsample2,unrelaxed_model_1_ptm_pred_48_rand0.15_nodropout.pdb,6.057754993438721
afsample2,unrelaxed_model_1_ptm_pred_49_rand0.15_nodropout.pdb,6.27175235748291
afsample2,unrelaxed_model_1_ptm_pred_50_rand0.15_nodropout.pdb,6.096259117126465
afsample2,unrelaxed_model_1_ptm_pred_51_rand0.15_nodropout.pdb,6.209955215454102
afsample2,unrelaxed_model_1_ptm_pred_52_rand0.15_nodropout.pdb,6.038198471069336
afsample2,unrelaxed_model_1_ptm_pred_53_rand0.15_nodropout.pdb,6.12091064453125
afsample2,unrelaxed_model_1_ptm_pred_54_rand0.15_nodropout.pdb,6.609821319580078
afsample2,unrelaxed_model_1_ptm_pred_55_rand0.15_nodropout.pdb,6.1956305503845215
afsample2,unrelaxed_model_1_ptm_pred_56_rand0.15_nodropout.pdb,6.05076789855957
afsample2,unrelaxed_model_1_ptm_pred_57_rand0.15_nodropout.pdb,6.37986421585083
afsample2,unrelaxed_model_1_ptm_pred_58_rand0.15_nodropout.pdb,6.084517478942871
afsample2,unrelaxed_model_1_ptm_pred_59_rand0.15_nodropout.pdb,6.538422107696533
afsample2,unrelaxed_model_1_ptm_pred_60_rand0.15_nodropout.pdb,5.972487449645996
afsample2,unrelaxed_model_1_ptm_pred_61_rand0.15_nodropout.pdb,6.458796501159668
afsample2,unrelaxed_model_1_ptm_pred_62_rand0.15_nodropout.pdb,6.167485237121582
afsample2,unrelaxed_model_1_ptm_pred_63_rand0.15_nodropout.pdb,6.258812427520752
afsample2,unrelaxed_model_1_ptm_pred_64_rand0.15_nodropout.pdb,6.004416942596436
afsample2,unrelaxed_model_1_ptm_pred_65_rand0.15_nodropout.pdb,6.11165189743042
afsample2,unrelaxed_model_1_ptm_pred_66_rand0.15_nodropout.pdb,6.191237926483154
afsample2,unrelaxed_model_1_ptm_pred_67_rand0.15_nodropout.pdb,6.202793598175049
afsample2,unrelaxed_model_1_ptm_pred_68_rand0.15_nodropout.pdb,6.216136932373047
afsample2,unrelaxed_model_1_ptm_pred_69_rand0.15_nodropout.pdb,6.455368518829346
afsample2,unrelaxed_model_1_ptm_pred_70_rand0.15_nodropout.pdb,6.084173202514648
afsample2,unrelaxed_model_1_ptm_pred_71_rand0.15_nodropout.pdb,6.209426403045654
afsample2,unrelaxed_model_1_ptm_pred_72_rand0.15_nodropout.pdb,6.260622501373291
afsample2,unrelaxed_model_1_ptm_pred_73_rand0.15_nodropout.pdb,6.058591842651367
afsample2,unrelaxed_model_1_ptm_pred_74_rand0.15_nodropout.pdb,6.182275295257568
afsample2,unrelaxed_model_1_ptm_pred_75_rand0.15_nodropout.pdb,6.161580562591553
afsample2,unrelaxed_model_1_ptm_pred_76_rand0.15_nodropout.pdb,6.208491325378418
afsample2,unrelaxed_model_1_ptm_pred_77_rand0.15_nodropout.pdb,6.216592311859131
afsample2,unrelaxed_model_1_ptm_pred_78_rand0.15_nodropout.pdb,6.318116664886475
afsample2,unrelaxed_model_1_ptm_pred_79_rand0.15_nodropout.pdb,6.158718585968018
afsample2,unrelaxed_model_1_ptm_pred_80_rand0.15_nodropout.pdb,6.406885147094727
afsample2,unrelaxed_model_1_ptm_pred_81_rand0.15_nodropout.pdb,6.231800079345703
afsample2,unrelaxed_model_1_ptm_pred_82_rand0.15_nodropout.pdb,6.231946468353272
afsample2,unrelaxed_model_1_ptm_pred_83_rand0.15_nodropout.pdb,6.095711708068848
afsample2,unrelaxed_model_1_ptm_pred_84_rand0.15_nodropout.pdb,5.867031097412109
afsample2,unrelaxed_model_1_ptm_pred_85_rand0.15_nodropout.pdb,6.0475897789001465
afsample2,unrelaxed_model_1_ptm_pred_86_rand0.15_nodropout.pdb,6.0196027755737305
afsample2,unrelaxed_model_1_ptm_pred_87_rand0.15_nodropout.pdb,6.097508430480957
afsample2,unrelaxed_model_1_ptm_pred_88_rand0.15_nodropout.pdb,6.236165046691895
afsample2,unrelaxed_model_1_ptm_pred_89_rand0.15_nodropout.pdb,6.179049015045166
afsample2,unrelaxed_model_1_ptm_pred_90_rand0.15_nodropout.pdb,6.170297622680664
afsample2,unrelaxed_model_1_ptm_pred_91_rand0.15_nodropout.pdb,6.045562267303467
afsample2,unrelaxed_model_1_ptm_pred_92_rand0.15_nodropout.pdb,6.259811878204346
afsample2,unrelaxed_model_1_ptm_pred_93_rand0.15_nodropout.pdb,6.062411785125732
afsample2,unrelaxed_model_1_ptm_pred_94_rand0.15_nodropout.pdb,6.392906665802002
afsample2,unrelaxed_model_1_ptm_pred_95_rand0.15_nodropout.pdb,6.207752227783203
afsample2,unrelaxed_model_1_ptm_pred_96_rand0.15_nodropout.pdb,6.225778579711914
afsample2,unrelaxed_model_1_ptm_pred_97_rand0.15_nodropout.pdb,6.140958786010742
afsample2,unrelaxed_model_1_ptm_pred_98_rand0.15_nodropout.pdb,6.306564807891846
afsample2,unrelaxed_model_1_ptm_pred_99_rand0.15_nodropout.pdb,6.230771064758301
afsample2,unrelaxed_model_1_ptm_pred_100_rand0.15_nodropout.pdb,6.127605438232422
afsample2,unrelaxed_model_2_ptm_pred_1_rand0.15_nodropout.pdb,6.597986698150635
afsample2,unrelaxed_model_2_ptm_pred_2_rand0.15_nodropout.pdb,6.260225772857666
afsample2,unrelaxed_model_2_ptm_pred_3_rand0.15_nodropout.pdb,6.433376312255859
afsample2,unrelaxed_model_2_ptm_pred_4_rand0.15_nodropout.pdb,6.485960483551025
afsample2,unrelaxed_model_2_ptm_pred_5_rand0.15_nodropout.pdb,6.256661891937256
afsample2,unrelaxed_model_2_ptm_pred_6_rand0.15_nodropout.pdb,6.472506523132324
afsample2,unrelaxed_model_2_ptm_pred_7_rand0.15_nodropout.pdb,6.111895084381104
afsample2,unrelaxed_model_2_ptm_pred_8_rand0.15_nodropout.pdb,6.383135795593262
afsample2,unrelaxed_model_2_ptm_pred_9_rand0.15_nodropout.pdb,6.477050304412842
afsample2,unrelaxed_model_2_ptm_pred_10_rand0.15_nodropout.pdb,6.178255081176758
afsample2,unrelaxed_model_2_ptm_pred_11_rand0.15_nodropout.pdb,6.47993803024292
afsample2,unrelaxed_model_2_ptm_pred_12_rand0.15_nodropout.pdb,6.365103244781494
afsample2,unrelaxed_model_2_ptm_pred_13_rand0.15_nodropout.pdb,6.1684889793396
afsample2,unrelaxed_model_2_ptm_pred_14_rand0.15_nodropout.pdb,6.526360511779785
afsample2,unrelaxed_model_2_ptm_pred_15_rand0.15_nodropout.pdb,6.301717281341553
afsample2,unrelaxed_model_2_ptm_pred_16_rand0.15_nodropout.pdb,6.526834487915039
afsample2,unrelaxed_model_2_ptm_pred_17_rand0.15_nodropout.pdb,5.943643569946289
afsample2,unrelaxed_model_2_ptm_pred_18_rand0.15_nodropout.pdb,5.960633277893066
afsample2,unrelaxed_model_2_ptm_pred_19_rand0.15_nodropout.pdb,6.303918838500977
afsample2,unrelaxed_model_2_ptm_pred_20_rand0.15_nodropout.pdb,6.421720504760742
afsample2,unrelaxed_model_2_ptm_pred_21_rand0.15_nodropout.pdb,6.499118328094482
afsample2,unrelaxed_model_2_ptm_pred_22_rand0.15_nodropout.pdb,6.480241775512695
afsample2,unrelaxed_model_2_ptm_pred_23_rand0.15_nodropout.pdb,6.409671783447266
afsample2,unrelaxed_model_2_ptm_pred_24_rand0.15_nodropout.pdb,6.468494892120361
afsample2,unrelaxed_model_2_ptm_pred_25_rand0.15_nodropout.pdb,6.277249813079834
afsample2,unrelaxed_model_2_ptm_pred_26_rand0.15_nodropout.pdb,6.522371768951416
afsample2,unrelaxed_model_2_ptm_pred_27_rand0.15_nodropout.pdb,6.434774398803711
afsample2,unrelaxed_model_2_ptm_pred_28_rand0.15_nodropout.pdb,5.947745323181152
afsample2,unrelaxed_model_2_ptm_pred_29_rand0.15_nodropout.pdb,6.4159321784973145
afsample2,unrelaxed_model_2_ptm_pred_30_rand0.15_nodropout.pdb,6.33231782913208
afsample2,unrelaxed_model_2_ptm_pred_31_rand0.15_nodropout.pdb,6.035001754760742
afsample2,unrelaxed_model_2_ptm_pred_32_rand0.15_nodropout.pdb,6.380948066711426
afsample2,unrelaxed_model_2_ptm_pred_33_rand0.15_nodropout.pdb,6.333231449127197
afsample2,unrelaxed_model_2_ptm_pred_34_rand0.15_nodropout.pdb,6.520107746124268
afsample2,unrelaxed_model_2_ptm_pred_35_rand0.15_nodropout.pdb,6.548349857330322
afsample2,unrelaxed_model_2_ptm_pred_36_rand0.15_nodropout.pdb,6.333350658416748
afsample2,unrelaxed_model_2_ptm_pred_37_rand0.15_nodropout.pdb,6.367047309875488
afsample2,unrelaxed_model_2_ptm_pred_38_rand0.15_nodropout.pdb,6.521049499511719
afsample2,unrelaxed_model_2_ptm_pred_39_rand0.15_nodropout.pdb,6.125406742095947
afsample2,unrelaxed_model_2_ptm_pred_40_rand0.15_nodropout.pdb,6.24322509765625
afsample2,unrelaxed_model_2_ptm_pred_41_rand0.15_nodropout.pdb,6.159614086151123
afsample2,unrelaxed_model_2_ptm_pred_42_rand0.15_nodropout.pdb,6.40179443359375
afsample2,unrelaxed_model_2_ptm_pred_43_rand0.15_nodropout.pdb,5.96135950088501
afsample2,unrelaxed_model_2_ptm_pred_44_rand0.15_nodropout.pdb,6.238616466522217
afsample2,unrelaxed_model_2_ptm_pred_45_rand0.15_nodropout.pdb,6.058565616607666
afsample2,unrelaxed_model_2_ptm_pred_46_rand0.15_nodropout.pdb,6.327841281890869
afsample2,unrelaxed_model_2_ptm_pred_47_rand0.15_nodropout.pdb,6.5919623374938965
afsample2,unrelaxed_model_2_ptm_pred_48_rand0.15_nodropout.pdb,6.255253314971924
afsample2,unrelaxed_model_2_ptm_pred_49_rand0.15_nodropout.pdb,6.493772983551025
afsample2,unrelaxed_model_2_ptm_pred_50_rand0.15_nodropout.pdb,6.505608081817627
afsample2,unrelaxed_model_2_ptm_pred_51_rand0.15_nodropout.pdb,6.495236873626709
afsample2,unrelaxed_model_2_ptm_pred_52_rand0.15_nodropout.pdb,6.362547397613525
afsample2,unrelaxed_model_2_ptm_pred_53_rand0.15_nodropout.pdb,6.4377312660217285
afsample2,unrelaxed_model_2_ptm_pred_54_rand0.15_nodropout.pdb,6.439015865325928
afsample2,unrelaxed_model_2_ptm_pred_55_rand0.15_nodropout.pdb,6.225485324859619
afsample2,unrelaxed_model_2_ptm_pred_56_rand0.15_nodropout.pdb,6.181784152984619
afsample2,unrelaxed_model_2_ptm_pred_57_rand0.15_nodropout.pdb,5.962419509887695
afsample2,unrelaxed_model_2_ptm_pred_58_rand0.15_nodropout.pdb,6.366751670837402
afsample2,unrelaxed_model_2_ptm_pred_59_rand0.15_nodropout.pdb,6.499974250793457
afsample2,unrelaxed_model_2_ptm_pred_60_rand0.15_nodropout.pdb,6.298880100250244
afsample2,unrelaxed_model_2_ptm_pred_61_rand0.15_nodropout.pdb,6.015543460845947
afsample2,unrelaxed_model_2_ptm_pred_62_rand0.15_nodropout.pdb,6.83484411239624
afsample2,unrelaxed_model_2_ptm_pred_63_rand0.15_nodropout.pdb,6.391347408294678
afsample2,unrelaxed_model_2_ptm_pred_64_rand0.15_nodropout.pdb,6.267508506774902
afsample2,unrelaxed_model_2_ptm_pred_65_rand0.15_nodropout.pdb,6.240243434906006
afsample2,unrelaxed_model_2_ptm_pred_66_rand0.15_nodropout.pdb,6.44924783706665
afsample2,unrelaxed_model_2_ptm_pred_67_rand0.15_nodropout.pdb,6.489152908325195
afsample2,unrelaxed_model_2_ptm_pred_68_rand0.15_nodropout.pdb,6.342678546905518
afsample2,unrelaxed_model_2_ptm_pred_69_rand0.15_nodropout.pdb,6.322879791259766
afsample2,unrelaxed_model_2_ptm_pred_70_rand0.15_nodropout.pdb,6.059158802032471
afsample2,unrelaxed_model_2_ptm_pred_71_rand0.15_nodropout.pdb,6.300338268280029
afsample2,unrelaxed_model_2_ptm_pred_72_rand0.15_nodropout.pdb,6.439297199249268
afsample2,unrelaxed_model_2_ptm_pred_73_rand0.15_nodropout.pdb,6.546001434326172
afsample2,unrelaxed_model_2_ptm_pred_74_rand0.15_nodropout.pdb,6.359259605407715
afsample2,unrelaxed_model_2_ptm_pred_75_rand0.15_nodropout.pdb,6.436028480529785
afsample2,unrelaxed_model_2_ptm_pred_76_rand0.15_nodropout.pdb,6.465965747833252
afsample2,unrelaxed_model_2_ptm_pred_77_rand0.15_nodropout.pdb,6.3647966384887695
afsample2,unrelaxed_model_2_ptm_pred_78_rand0.15_nodropout.pdb,6.506731033325195
afsample2,unrelaxed_model_2_ptm_pred_79_rand0.15_nodropout.pdb,6.35207462310791
afsample2,unrelaxed_model_2_ptm_pred_80_rand0.15_nodropout.pdb,6.320475101470947
afsample2,unrelaxed_model_2_ptm_pred_81_rand0.15_nodropout.pdb,6.221663475036621
afsample2,unrelaxed_model_2_ptm_pred_82_rand0.15_nodropout.pdb,6.130080223083496
afsample2,unrelaxed_model_2_ptm_pred_83_rand0.15_nodropout.pdb,6.40044641494751
afsample2,unrelaxed_model_2_ptm_pred_84_rand0.15_nodropout.pdb,6.273008823394775
afsample2,unrelaxed_model_2_ptm_pred_85_rand0.15_nodropout.pdb,6.160063743591309
afsample2,unrelaxed_model_2_ptm_pred_86_rand0.15_nodropout.pdb,6.425561428070068
afsample2,unrelaxed_model_2_ptm_pred_87_rand0.15_nodropout.pdb,6.0052690505981445
afsample2,unrelaxed_model_2_ptm_pred_88_rand0.15_nodropout.pdb,6.744089126586914
afsample2,unrelaxed_model_2_ptm_pred_89_rand0.15_nodropout.pdb,6.381758689880371
afsample2,unrelaxed_model_2_ptm_pred_90_rand0.15_nodropout.pdb,6.500468254089356
afsample2,unrelaxed_model_2_ptm_pred_91_rand0.15_nodropout.pdb,5.976399898529053
afsample2,unrelaxed_model_2_ptm_pred_92_rand0.15_nodropout.pdb,6.266140460968018
afsample2,unrelaxed_model_2_ptm_pred_93_rand0.15_nodropout.pdb,6.32131814956665
afsample2,unrelaxed_model_2_ptm_pred_94_rand0.15_nodropout.pdb,6.37714433670044
afsample2,unrelaxed_model_2_ptm_pred_95_rand0.15_nodropout.pdb,6.19255256652832
afsample2,unrelaxed_model_2_ptm_pred_96_rand0.15_nodropout.pdb,6.396511554718018
afsample2,unrelaxed_model_2_ptm_pred_97_rand0.15_nodropout.pdb,6.630947113037109
afsample2,unrelaxed_model_2_ptm_pred_98_rand0.15_nodropout.pdb,6.18904972076416
afsample2,unrelaxed_model_2_ptm_pred_99_rand0.15_nodropout.pdb,6.499191284179688
afsample2,unrelaxed_model_2_ptm_pred_100_rand0.15_nodropout.pdb,6.21856164932251
afsample2,unrelaxed_model_3_ptm_pred_1_rand0.15_nodropout.pdb,6.5095295906066895
afsample2,unrelaxed_model_3_ptm_pred_2_rand0.15_nodropout.pdb,6.3771514892578125
afsample2,unrelaxed_model_3_ptm_pred_3_rand0.15_nodropout.pdb,6.290760517120361
afsample2,unrelaxed_model_3_ptm_pred_4_rand0.15_nodropout.pdb,6.559228420257568
afsample2,unrelaxed_model_3_ptm_pred_5_rand0.15_nodropout.pdb,6.302423000335693
afsample2,unrelaxed_model_3_ptm_pred_6_rand0.15_nodropout.pdb,6.28628396987915
afsample2,unrelaxed_model_3_ptm_pred_7_rand0.15_nodropout.pdb,5.951300144195557
afsample2,unrelaxed_model_3_ptm_pred_8_rand0.15_nodropout.pdb,6.537417888641357
afsample2,unrelaxed_model_3_ptm_pred_9_rand0.15_nodropout.pdb,8.12865161895752
afsample2,unrelaxed_model_3_ptm_pred_10_rand0.15_nodropout.pdb,6.256707668304443
afsample2,unrelaxed_model_3_ptm_pred_11_rand0.15_nodropout.pdb,6.385091781616211
afsample2,unrelaxed_model_3_ptm_pred_12_rand0.15_nodropout.pdb,6.352251529693604
afsample2,unrelaxed_model_3_ptm_pred_13_rand0.15_nodropout.pdb,6.428738117218018
afsample2,unrelaxed_model_3_ptm_pred_14_rand0.15_nodropout.pdb,6.501638412475586
afsample2,unrelaxed_model_3_ptm_pred_15_rand0.15_nodropout.pdb,6.337854385375977
afsample2,unrelaxed_model_3_ptm_pred_16_rand0.15_nodropout.pdb,6.313680648803711
afsample2,unrelaxed_model_3_ptm_pred_17_rand0.15_nodropout.pdb,6.510647773742676
afsample2,unrelaxed_model_3_ptm_pred_18_rand0.15_nodropout.pdb,6.363399505615234
afsample2,unrelaxed_model_3_ptm_pred_19_rand0.15_nodropout.pdb,6.347355842590332
afsample2,unrelaxed_model_3_ptm_pred_20_rand0.15_nodropout.pdb,6.352745532989502
afsample2,unrelaxed_model_3_ptm_pred_21_rand0.15_nodropout.pdb,6.575220584869385
afsample2,unrelaxed_model_3_ptm_pred_22_rand0.15_nodropout.pdb,6.466536998748779
afsample2,unrelaxed_model_3_ptm_pred_23_rand0.15_nodropout.pdb,6.143913269042969
afsample2,unrelaxed_model_3_ptm_pred_24_rand0.15_nodropout.pdb,6.500074863433838
afsample2,unrelaxed_model_3_ptm_pred_25_rand0.15_nodropout.pdb,6.067745685577393
afsample2,unrelaxed_model_3_ptm_pred_26_rand0.15_nodropout.pdb,6.181172847747803
afsample2,unrelaxed_model_3_ptm_pred_27_rand0.15_nodropout.pdb,6.186910629272461
afsample2,unrelaxed_model_3_ptm_pred_28_rand0.15_nodropout.pdb,6.488081932067871
afsample2,unrelaxed_model_3_ptm_pred_29_rand0.15_nodropout.pdb,5.922544956207275
afsample2,unrelaxed_model_3_ptm_pred_30_rand0.15_nodropout.pdb,6.352550029754639
afsample2,unrelaxed_model_3_ptm_pred_31_rand0.15_nodropout.pdb,6.251647472381592
afsample2,unrelaxed_model_3_ptm_pred_32_rand0.15_nodropout.pdb,6.689633846282959
afsample2,unrelaxed_model_3_ptm_pred_33_rand0.15_nodropout.pdb,6.601845741271973
afsample2,unrelaxed_model_3_ptm_pred_34_rand0.15_nodropout.pdb,6.29295539855957
afsample2,unrelaxed_model_3_ptm_pred_35_rand0.15_nodropout.pdb,6.453426361083984
afsample2,unrelaxed_model_3_ptm_pred_36_rand0.15_nodropout.pdb,6.339539527893066
afsample2,unrelaxed_model_3_ptm_pred_37_rand0.15_nodropout.pdb,6.76357364654541
afsample2,unrelaxed_model_3_ptm_pred_38_rand0.15_nodropout.pdb,6.384322166442871
afsample2,unrelaxed_model_3_ptm_pred_39_rand0.15_nodropout.pdb,6.246063232421875
afsample2,unrelaxed_model_3_ptm_pred_40_rand0.15_nodropout.pdb,6.299862384796143
afsample2,unrelaxed_model_3_ptm_pred_41_rand0.15_nodropout.pdb,6.212512016296387
afsample2,unrelaxed_model_3_ptm_pred_42_rand0.15_nodropout.pdb,6.350579261779785
afsample2,unrelaxed_model_3_ptm_pred_43_rand0.15_nodropout.pdb,6.184104919433594
afsample2,unrelaxed_model_3_ptm_pred_44_rand0.15_nodropout.pdb,6.464840888977051
afsample2,unrelaxed_model_3_ptm_pred_45_rand0.15_nodropout.pdb,6.61637544631958
afsample2,unrelaxed_model_3_ptm_pred_46_rand0.15_nodropout.pdb,6.3590922355651855
afsample2,unrelaxed_model_3_ptm_pred_47_rand0.15_nodropout.pdb,6.321681022644043
afsample2,unrelaxed_model_3_ptm_pred_48_rand0.15_nodropout.pdb,6.292341709136963
afsample2,unrelaxed_model_3_ptm_pred_49_rand0.15_nodropout.pdb,5.972202301025391
afsample2,unrelaxed_model_3_ptm_pred_50_rand0.15_nodropout.pdb,6.199946403503418
afsample2,unrelaxed_model_3_ptm_pred_51_rand0.15_nodropout.pdb,6.23594856262207
afsample2,unrelaxed_model_3_ptm_pred_52_rand0.15_nodropout.pdb,6.315673828125
afsample2,unrelaxed_model_3_ptm_pred_53_rand0.15_nodropout.pdb,6.397022247314453
afsample2,unrelaxed_model_3_ptm_pred_54_rand0.15_nodropout.pdb,6.473003387451172
afsample2,unrelaxed_model_3_ptm_pred_55_rand0.15_nodropout.pdb,6.42392110824585
afsample2,unrelaxed_model_3_ptm_pred_56_rand0.15_nodropout.pdb,6.244222164154053
afsample2,unrelaxed_model_3_ptm_pred_57_rand0.15_nodropout.pdb,6.035650730133057
afsample2,unrelaxed_model_3_ptm_pred_58_rand0.15_nodropout.pdb,6.323957920074463
afsample2,unrelaxed_model_3_ptm_pred_59_rand0.15_nodropout.pdb,6.3948073387146
afsample2,unrelaxed_model_3_ptm_pred_60_rand0.15_nodropout.pdb,5.980371952056885
afsample2,unrelaxed_model_3_ptm_pred_61_rand0.15_nodropout.pdb,6.188046932220459
afsample2,unrelaxed_model_3_ptm_pred_62_rand0.15_nodropout.pdb,6.4150004386901855
afsample2,unrelaxed_model_3_ptm_pred_63_rand0.15_nodropout.pdb,5.955583572387695
afsample2,unrelaxed_model_3_ptm_pred_64_rand0.15_nodropout.pdb,6.355547428131104
afsample2,unrelaxed_model_3_ptm_pred_65_rand0.15_nodropout.pdb,6.258854866027832
afsample2,unrelaxed_model_3_ptm_pred_66_rand0.15_nodropout.pdb,6.577348709106445
afsample2,unrelaxed_model_3_ptm_pred_67_rand0.15_nodropout.pdb,6.507950782775879
afsample2,unrelaxed_model_3_ptm_pred_68_rand0.15_nodropout.pdb,6.364930152893066
afsample2,unrelaxed_model_3_ptm_pred_69_rand0.15_nodropout.pdb,5.982184410095215
afsample2,unrelaxed_model_3_ptm_pred_70_rand0.15_nodropout.pdb,6.389187812805176
afsample2,unrelaxed_model_3_ptm_pred_71_rand0.15_nodropout.pdb,6.200894832611084
afsample2,unrelaxed_model_3_ptm_pred_72_rand0.15_nodropout.pdb,6.153823375701904
afsample2,unrelaxed_model_3_ptm_pred_73_rand0.15_nodropout.pdb,6.501703262329102
afsample2,unrelaxed_model_3_ptm_pred_74_rand0.15_nodropout.pdb,6.467990398406982
afsample2,unrelaxed_model_3_ptm_pred_75_rand0.15_nodropout.pdb,6.353604316711426
afsample2,unrelaxed_model_3_ptm_pred_76_rand0.15_nodropout.pdb,6.45958423614502
afsample2,unrelaxed_model_3_ptm_pred_77_rand0.15_nodropout.pdb,6.332365036010742
afsample2,unrelaxed_model_3_ptm_pred_78_rand0.15_nodropout.pdb,6.2465500831604
afsample2,unrelaxed_model_3_ptm_pred_79_rand0.15_nodropout.pdb,6.039122581481934
afsample2,unrelaxed_model_3_ptm_pred_80_rand0.15_nodropout.pdb,6.330610752105713
afsample2,unrelaxed_model_3_ptm_pred_81_rand0.15_nodropout.pdb,6.501801490783691
afsample2,unrelaxed_model_3_ptm_pred_82_rand0.15_nodropout.pdb,6.429676055908203
afsample2,unrelaxed_model_3_ptm_pred_83_rand0.15_nodropout.pdb,6.235926628112793
afsample2,unrelaxed_model_3_ptm_pred_84_rand0.15_nodropout.pdb,6.585245132446289
afsample2,unrelaxed_model_3_ptm_pred_85_rand0.15_nodropout.pdb,6.573679447174072
afsample2,unrelaxed_model_3_ptm_pred_86_rand0.15_nodropout.pdb,6.305384635925293
afsample2,unrelaxed_model_3_ptm_pred_87_rand0.15_nodropout.pdb,6.328470706939697
afsample2,unrelaxed_model_3_ptm_pred_88_rand0.15_nodropout.pdb,6.702887535095215
afsample2,unrelaxed_model_3_ptm_pred_89_rand0.15_nodropout.pdb,6.32928991317749
afsample2,unrelaxed_model_3_ptm_pred_90_rand0.15_nodropout.pdb,6.266321659088135
afsample2,unrelaxed_model_3_ptm_pred_91_rand0.15_nodropout.pdb,6.101673126220703
afsample2,unrelaxed_model_3_ptm_pred_92_rand0.15_nodropout.pdb,6.76718282699585
afsample2,unrelaxed_model_3_ptm_pred_93_rand0.15_nodropout.pdb,6.1786394119262695
afsample2,unrelaxed_model_3_ptm_pred_94_rand0.15_nodropout.pdb,6.407053470611572
afsample2,unrelaxed_model_3_ptm_pred_95_rand0.15_nodropout.pdb,6.23390007019043
afsample2,unrelaxed_model_3_ptm_pred_96_rand0.15_nodropout.pdb,6.649288177490234
afsample2,unrelaxed_model_3_ptm_pred_97_rand0.15_nodropout.pdb,6.251499652862549
afsample2,unrelaxed_model_3_ptm_pred_98_rand0.15_nodropout.pdb,6.40469217300415
afsample2,unrelaxed_model_3_ptm_pred_99_rand0.15_nodropout.pdb,6.261459827423096
afsample2,unrelaxed_model_3_ptm_pred_100_rand0.15_nodropout.pdb,6.1645121574401855
afsample2,unrelaxed_model_4_ptm_pred_1_rand0.15_nodropout.pdb,6.841819286346436
afsample2,unrelaxed_model_4_ptm_pred_2_rand0.15_nodropout.pdb,6.511177062988281
afsample2,unrelaxed_model_4_ptm_pred_3_rand0.15_nodropout.pdb,6.40693998336792
afsample2,unrelaxed_model_4_ptm_pred_4_rand0.15_nodropout.pdb,6.430806636810303
afsample2,unrelaxed_model_4_ptm_pred_5_rand0.15_nodropout.pdb,6.212151527404785
afsample2,unrelaxed_model_4_ptm_pred_6_rand0.15_nodropout.pdb,6.2540364265441895
afsample2,unrelaxed_model_4_ptm_pred_7_rand0.15_nodropout.pdb,6.656274795532227
afsample2,unrelaxed_model_4_ptm_pred_8_rand0.15_nodropout.pdb,6.376399993896484
afsample2,unrelaxed_model_4_ptm_pred_9_rand0.15_nodropout.pdb,6.297737121582031
afsample2,unrelaxed_model_4_ptm_pred_10_rand0.15_nodropout.pdb,6.701348304748535
afsample2,unrelaxed_model_4_ptm_pred_11_rand0.15_nodropout.pdb,6.430312156677246
afsample2,unrelaxed_model_4_ptm_pred_12_rand0.15_nodropout.pdb,6.569326877593994
afsample2,unrelaxed_model_4_ptm_pred_13_rand0.15_nodropout.pdb,6.259089469909668
afsample2,unrelaxed_model_4_ptm_pred_14_rand0.15_nodropout.pdb,6.251958847045898
afsample2,unrelaxed_model_4_ptm_pred_15_rand0.15_nodropout.pdb,6.186418533325195
afsample2,unrelaxed_model_4_ptm_pred_16_rand0.15_nodropout.pdb,6.559239864349365
afsample2,unrelaxed_model_4_ptm_pred_17_rand0.15_nodropout.pdb,6.502665519714356
afsample2,unrelaxed_model_4_ptm_pred_18_rand0.15_nodropout.pdb,6.5821943283081055
afsample2,unrelaxed_model_4_ptm_pred_19_rand0.15_nodropout.pdb,6.442420482635498
afsample2,unrelaxed_model_4_ptm_pred_20_rand0.15_nodropout.pdb,6.482367992401123
afsample2,unrelaxed_model_4_ptm_pred_21_rand0.15_nodropout.pdb,6.168691635131836
afsample2,unrelaxed_model_4_ptm_pred_22_rand0.15_nodropout.pdb,6.654175758361816
afsample2,unrelaxed_model_4_ptm_pred_23_rand0.15_nodropout.pdb,6.258545398712158
afsample2,unrelaxed_model_4_ptm_pred_24_rand0.15_nodropout.pdb,6.500085830688477
afsample2,unrelaxed_model_4_ptm_pred_25_rand0.15_nodropout.pdb,6.471868991851807
afsample2,unrelaxed_model_4_ptm_pred_26_rand0.15_nodropout.pdb,6.28380012512207
afsample2,unrelaxed_model_4_ptm_pred_27_rand0.15_nodropout.pdb,6.09910774230957
afsample2,unrelaxed_model_4_ptm_pred_28_rand0.15_nodropout.pdb,6.606593132019043
afsample2,unrelaxed_model_4_ptm_pred_29_rand0.15_nodropout.pdb,6.202277660369873
afsample2,unrelaxed_model_4_ptm_pred_30_rand0.15_nodropout.pdb,6.833688735961914
afsample2,unrelaxed_model_4_ptm_pred_31_rand0.15_nodropout.pdb,6.453619003295898
afsample2,unrelaxed_model_4_ptm_pred_32_rand0.15_nodropout.pdb,6.436638832092285
afsample2,unrelaxed_model_4_ptm_pred_33_rand0.15_nodropout.pdb,6.506970405578613
afsample2,unrelaxed_model_4_ptm_pred_34_rand0.15_nodropout.pdb,6.233835697174072
afsample2,unrelaxed_model_4_ptm_pred_35_rand0.15_nodropout.pdb,6.388358116149902
afsample2,unrelaxed_model_4_ptm_pred_36_rand0.15_nodropout.pdb,6.368381500244141
afsample2,unrelaxed_model_4_ptm_pred_37_rand0.15_nodropout.pdb,6.477972030639648
afsample2,unrelaxed_model_4_ptm_pred_38_rand0.15_nodropout.pdb,6.319214820861816
afsample2,unrelaxed_model_4_ptm_pred_39_rand0.15_nodropout.pdb,6.4145026206970215
afsample2,unrelaxed_model_4_ptm_pred_40_rand0.15_nodropout.pdb,6.507151126861572
afsample2,unrelaxed_model_4_ptm_pred_41_rand0.15_nodropout.pdb,6.361347675323486
afsample2,unrelaxed_model_4_ptm_pred_42_rand0.15_nodropout.pdb,6.303745746612549
afsample2,unrelaxed_model_4_ptm_pred_43_rand0.15_nodropout.pdb,6.149043083190918
afsample2,unrelaxed_model_4_ptm_pred_44_rand0.15_nodropout.pdb,6.6796875
afsample2,unrelaxed_model_4_ptm_pred_45_rand0.15_nodropout.pdb,6.3692946434021
afsample2,unrelaxed_model_4_ptm_pred_46_rand0.15_nodropout.pdb,6.3229851722717285
afsample2,unrelaxed_model_4_ptm_pred_47_rand0.15_nodropout.pdb,6.537388801574707
afsample2,unrelaxed_model_4_ptm_pred_48_rand0.15_nodropout.pdb,6.256443023681641
afsample2,unrelaxed_model_4_ptm_pred_49_rand0.15_nodropout.pdb,6.15022087097168
afsample2,unrelaxed_model_4_ptm_pred_50_rand0.15_nodropout.pdb,6.190556526184082
afsample2,unrelaxed_model_4_ptm_pred_51_rand0.15_nodropout.pdb,6.537545680999756
afsample2,unrelaxed_model_4_ptm_pred_52_rand0.15_nodropout.pdb,6.081630229949951
afsample2,unrelaxed_model_4_ptm_pred_53_rand0.15_nodropout.pdb,6.529073238372803
afsample2,unrelaxed_model_4_ptm_pred_54_rand0.15_nodropout.pdb,6.473371982574463
afsample2,unrelaxed_model_4_ptm_pred_55_rand0.15_nodropout.pdb,6.409552574157715
afsample2,unrelaxed_model_4_ptm_pred_56_rand0.15_nodropout.pdb,6.398677349090576
afsample2,unrelaxed_model_4_ptm_pred_57_rand0.15_nodropout.pdb,6.719852447509766
afsample2,unrelaxed_model_4_ptm_pred_58_rand0.15_nodropout.pdb,6.344705581665039
afsample2,unrelaxed_model_4_ptm_pred_59_rand0.15_nodropout.pdb,6.58099889755249
afsample2,unrelaxed_model_4_ptm_pred_60_rand0.15_nodropout.pdb,6.299541473388672
afsample2,unrelaxed_model_4_ptm_pred_61_rand0.15_nodropout.pdb,6.400667190551758
afsample2,unrelaxed_model_4_ptm_pred_62_rand0.15_nodropout.pdb,6.168169498443604
afsample2,unrelaxed_model_4_ptm_pred_63_rand0.15_nodropout.pdb,6.193530559539795
afsample2,unrelaxed_model_4_ptm_pred_64_rand0.15_nodropout.pdb,6.515896320343018
afsample2,unrelaxed_model_4_ptm_pred_65_rand0.15_nodropout.pdb,5.9524827003479
afsample2,unrelaxed_model_4_ptm_pred_66_rand0.15_nodropout.pdb,6.289611339569092
afsample2,unrelaxed_model_4_ptm_pred_67_rand0.15_nodropout.pdb,6.347544193267822
afsample2,unrelaxed_model_4_ptm_pred_68_rand0.15_nodropout.pdb,6.25337028503418
afsample2,unrelaxed_model_4_ptm_pred_69_rand0.15_nodropout.pdb,6.319438457489014
afsample2,unrelaxed_model_4_ptm_pred_70_rand0.15_nodropout.pdb,6.63378381729126
afsample2,unrelaxed_model_4_ptm_pred_71_rand0.15_nodropout.pdb,6.492920875549316
afsample2,unrelaxed_model_4_ptm_pred_72_rand0.15_nodropout.pdb,6.465403079986572
afsample2,unrelaxed_model_4_ptm_pred_73_rand0.15_nodropout.pdb,6.481679439544678
afsample2,unrelaxed_model_4_ptm_pred_74_rand0.15_nodropout.pdb,6.392517566680908
afsample2,unrelaxed_model_4_ptm_pred_75_rand0.15_nodropout.pdb,6.3121113777160645
afsample2,unrelaxed_model_4_ptm_pred_76_rand0.15_nodropout.pdb,6.367981433868408
afsample2,unrelaxed_model_4_ptm_pred_77_rand0.15_nodropout.pdb,6.264739513397217
afsample2,unrelaxed_model_4_ptm_pred_78_rand0.15_nodropout.pdb,6.533789157867432
afsample2,unrelaxed_model_4_ptm_pred_79_rand0.15_nodropout.pdb,6.469135284423828
afsample2,unrelaxed_model_4_ptm_pred_80_rand0.15_nodropout.pdb,6.380375385284424
afsample2,unrelaxed_model_4_ptm_pred_81_rand0.15_nodropout.pdb,6.217812061309815
afsample2,unrelaxed_model_4_ptm_pred_82_rand0.15_nodropout.pdb,6.622185230255127
afsample2,unrelaxed_model_4_ptm_pred_83_rand0.15_nodropout.pdb,6.495850086212158
afsample2,unrelaxed_model_4_ptm_pred_84_rand0.15_nodropout.pdb,6.834157943725586
afsample2,unrelaxed_model_4_ptm_pred_85_rand0.15_nodropout.pdb,6.59538459777832
afsample2,unrelaxed_model_4_ptm_pred_86_rand0.15_nodropout.pdb,6.476391315460205
afsample2,unrelaxed_model_4_ptm_pred_87_rand0.15_nodropout.pdb,6.293949127197266
afsample2,unrelaxed_model_4_ptm_pred_88_rand0.15_nodropout.pdb,6.418572425842285
afsample2,unrelaxed_model_4_ptm_pred_89_rand0.15_nodropout.pdb,6.406932353973389
afsample2,unrelaxed_model_4_ptm_pred_90_rand0.15_nodropout.pdb,6.344095230102539
afsample2,unrelaxed_model_4_ptm_pred_91_rand0.15_nodropout.pdb,6.407752990722656
afsample2,unrelaxed_model_4_ptm_pred_92_rand0.15_nodropout.pdb,6.402761936187744
afsample2,unrelaxed_model_4_ptm_pred_93_rand0.15_nodropout.pdb,6.3079447746276855
afsample2,unrelaxed_model_4_ptm_pred_94_rand0.15_nodropout.pdb,6.5851263999938965
afsample2,unrelaxed_model_4_ptm_pred_95_rand0.15_nodropout.pdb,6.4422125816345215
afsample2,unrelaxed_model_4_ptm_pred_96_rand0.15_nodropout.pdb,6.191749095916748
afsample2,unrelaxed_model_4_ptm_pred_97_rand0.15_nodropout.pdb,6.828449726104736
afsample2,unrelaxed_model_4_ptm_pred_98_rand0.15_nodropout.pdb,6.291764259338379
afsample2,unrelaxed_model_4_ptm_pred_99_rand0.15_nodropout.pdb,6.436072826385498
afsample2,unrelaxed_model_4_ptm_pred_100_rand0.15_nodropout.pdb,6.532975196838379
afsample2,unrelaxed_model_5_ptm_pred_1_rand0.15_nodropout.pdb,6.254317283630371
afsample2,unrelaxed_model_5_ptm_pred_2_rand0.15_nodropout.pdb,6.464055061340332
afsample2,unrelaxed_model_5_ptm_pred_3_rand0.15_nodropout.pdb,6.198867321014404
afsample2,unrelaxed_model_5_ptm_pred_4_rand0.15_nodropout.pdb,6.406286239624023
afsample2,unrelaxed_model_5_ptm_pred_5_rand0.15_nodropout.pdb,6.610233306884766
afsample2,unrelaxed_model_5_ptm_pred_6_rand0.15_nodropout.pdb,6.613255977630615
afsample2,unrelaxed_model_5_ptm_pred_7_rand0.15_nodropout.pdb,6.408849239349365
afsample2,unrelaxed_model_5_ptm_pred_8_rand0.15_nodropout.pdb,6.1062750816345215
afsample2,unrelaxed_model_5_ptm_pred_9_rand0.15_nodropout.pdb,6.149507999420166
afsample2,unrelaxed_model_5_ptm_pred_10_rand0.15_nodropout.pdb,6.218245506286621
afsample2,unrelaxed_model_5_ptm_pred_11_rand0.15_nodropout.pdb,6.272514820098877
afsample2,unrelaxed_model_5_ptm_pred_12_rand0.15_nodropout.pdb,5.93659257888794
afsample2,unrelaxed_model_5_ptm_pred_13_rand0.15_nodropout.pdb,5.915855884552002
afsample2,unrelaxed_model_5_ptm_pred_14_rand0.15_nodropout.pdb,6.244433879852295
afsample2,unrelaxed_model_5_ptm_pred_15_rand0.15_nodropout.pdb,6.338359355926514
afsample2,unrelaxed_model_5_ptm_pred_16_rand0.15_nodropout.pdb,6.551621913909912
afsample2,unrelaxed_model_5_ptm_pred_17_rand0.15_nodropout.pdb,6.198574542999268
afsample2,unrelaxed_model_5_ptm_pred_18_rand0.15_nodropout.pdb,6.425546646118164
afsample2,unrelaxed_model_5_ptm_pred_19_rand0.15_nodropout.pdb,6.264625072479248
afsample2,unrelaxed_model_5_ptm_pred_20_rand0.15_nodropout.pdb,6.319871425628662
afsample2,unrelaxed_model_5_ptm_pred_21_rand0.15_nodropout.pdb,6.305865287780762
afsample2,unrelaxed_model_5_ptm_pred_22_rand0.15_nodropout.pdb,6.223676681518555
afsample2,unrelaxed_model_5_ptm_pred_23_rand0.15_nodropout.pdb,6.299535274505615
afsample2,unrelaxed_model_5_ptm_pred_24_rand0.15_nodropout.pdb,6.169416904449463
afsample2,unrelaxed_model_5_ptm_pred_25_rand0.15_nodropout.pdb,6.297986507415772
afsample2,unrelaxed_model_5_ptm_pred_26_rand0.15_nodropout.pdb,6.510115146636963
afsample2,unrelaxed_model_5_ptm_pred_27_rand0.15_nodropout.pdb,6.380443096160889
afsample2,unrelaxed_model_5_ptm_pred_28_rand0.15_nodropout.pdb,5.992457389831543
afsample2,unrelaxed_model_5_ptm_pred_29_rand0.15_nodropout.pdb,6.049612045288086
afsample2,unrelaxed_model_5_ptm_pred_30_rand0.15_nodropout.pdb,6.511092185974121
afsample2,unrelaxed_model_5_ptm_pred_31_rand0.15_nodropout.pdb,6.363492488861084
afsample2,unrelaxed_model_5_ptm_pred_32_rand0.15_nodropout.pdb,6.349669933319092
afsample2,unrelaxed_model_5_ptm_pred_33_rand0.15_nodropout.pdb,6.324573040008545
afsample2,unrelaxed_model_5_ptm_pred_34_rand0.15_nodropout.pdb,6.468313217163086
afsample2,unrelaxed_model_5_ptm_pred_35_rand0.15_nodropout.pdb,6.328492641448975
afsample2,unrelaxed_model_5_ptm_pred_36_rand0.15_nodropout.pdb,6.240302085876465
afsample2,unrelaxed_model_5_ptm_pred_37_rand0.15_nodropout.pdb,6.344937801361084
afsample2,unrelaxed_model_5_ptm_pred_38_rand0.15_nodropout.pdb,6.5242767333984375
afsample2,unrelaxed_model_5_ptm_pred_39_rand0.15_nodropout.pdb,6.65945291519165
afsample2,unrelaxed_model_5_ptm_pred_40_rand0.15_nodropout.pdb,6.237548828125
afsample2,unrelaxed_model_5_ptm_pred_41_rand0.15_nodropout.pdb,6.443866729736328
afsample2,unrelaxed_model_5_ptm_pred_42_rand0.15_nodropout.pdb,6.372418880462647
afsample2,unrelaxed_model_5_ptm_pred_43_rand0.15_nodropout.pdb,6.231745719909668
afsample2,unrelaxed_model_5_ptm_pred_44_rand0.15_nodropout.pdb,6.072688102722168
afsample2,unrelaxed_model_5_ptm_pred_45_rand0.15_nodropout.pdb,6.377387046813965
afsample2,unrelaxed_model_5_ptm_pred_46_rand0.15_nodropout.pdb,6.022550582885742
afsample2,unrelaxed_model_5_ptm_pred_47_rand0.15_nodropout.pdb,6.409379482269287
afsample2,unrelaxed_model_5_ptm_pred_48_rand0.15_nodropout.pdb,5.969535827636719
afsample2,unrelaxed_model_5_ptm_pred_49_rand0.15_nodropout.pdb,6.226349353790283
afsample2,unrelaxed_model_5_ptm_pred_50_rand0.15_nodropout.pdb,6.406527996063232
afsample2,unrelaxed_model_5_ptm_pred_51_rand0.15_nodropout.pdb,6.347045421600342
afsample2,unrelaxed_model_5_ptm_pred_52_rand0.15_nodropout.pdb,6.250954627990723
afsample2,unrelaxed_model_5_ptm_pred_53_rand0.15_nodropout.pdb,5.924304008483887
afsample2,unrelaxed_model_5_ptm_pred_54_rand0.15_nodropout.pdb,6.36738395690918
afsample2,unrelaxed_model_5_ptm_pred_55_rand0.15_nodropout.pdb,6.503673076629639
afsample2,unrelaxed_model_5_ptm_pred_56_rand0.15_nodropout.pdb,6.468741416931152
afsample2,unrelaxed_model_5_ptm_pred_57_rand0.15_nodropout.pdb,6.343507289886475
afsample2,unrelaxed_model_5_ptm_pred_58_rand0.15_nodropout.pdb,6.509985446929932
afsample2,unrelaxed_model_5_ptm_pred_59_rand0.15_nodropout.pdb,5.865096569061279
afsample2,unrelaxed_model_5_ptm_pred_60_rand0.15_nodropout.pdb,6.033182621002197
afsample2,unrelaxed_model_5_ptm_pred_61_rand0.15_nodropout.pdb,6.592392921447754
afsample2,unrelaxed_model_5_ptm_pred_62_rand0.15_nodropout.pdb,6.327244758605957
afsample2,unrelaxed_model_5_ptm_pred_63_rand0.15_nodropout.pdb,6.079198837280273
afsample2,unrelaxed_model_5_ptm_pred_64_rand0.15_nodropout.pdb,6.158947944641113
afsample2,unrelaxed_model_5_ptm_pred_65_rand0.15_nodropout.pdb,6.086207866668701
afsample2,unrelaxed_model_5_ptm_pred_66_rand0.15_nodropout.pdb,6.262622356414795
afsample2,unrelaxed_model_5_ptm_pred_67_rand0.15_nodropout.pdb,6.174411296844482
afsample2,unrelaxed_model_5_ptm_pred_68_rand0.15_nodropout.pdb,5.931605339050293
afsample2,unrelaxed_model_5_ptm_pred_69_rand0.15_nodropout.pdb,6.308623313903809
afsample2,unrelaxed_model_5_ptm_pred_70_rand0.15_nodropout.pdb,6.22348690032959
afsample2,unrelaxed_model_5_ptm_pred_71_rand0.15_nodropout.pdb,6.228704929351807
afsample2,unrelaxed_model_5_ptm_pred_72_rand0.15_nodropout.pdb,6.231105804443359
afsample2,unrelaxed_model_5_ptm_pred_73_rand0.15_nodropout.pdb,6.565088748931885
afsample2,unrelaxed_model_5_ptm_pred_74_rand0.15_nodropout.pdb,6.488664150238037
afsample2,unrelaxed_model_5_ptm_pred_75_rand0.15_nodropout.pdb,6.353678226470947
afsample2,unrelaxed_model_5_ptm_pred_76_rand0.15_nodropout.pdb,6.453725814819336
afsample2,unrelaxed_model_5_ptm_pred_77_rand0.15_nodropout.pdb,6.193647861480713
afsample2,unrelaxed_model_5_ptm_pred_78_rand0.15_nodropout.pdb,6.495164394378662
afsample2,unrelaxed_model_5_ptm_pred_79_rand0.15_nodropout.pdb,6.258395671844482
afsample2,unrelaxed_model_5_ptm_pred_80_rand0.15_nodropout.pdb,6.09775972366333
afsample2,unrelaxed_model_5_ptm_pred_81_rand0.15_nodropout.pdb,6.202123641967773
afsample2,unrelaxed_model_5_ptm_pred_82_rand0.15_nodropout.pdb,6.328527927398682
afsample2,unrelaxed_model_5_ptm_pred_83_rand0.15_nodropout.pdb,6.093444347381592
afsample2,unrelaxed_model_5_ptm_pred_84_rand0.15_nodropout.pdb,6.292304992675781
afsample2,unrelaxed_model_5_ptm_pred_85_rand0.15_nodropout.pdb,6.710134506225586
afsample2,unrelaxed_model_5_ptm_pred_86_rand0.15_nodropout.pdb,6.469020366668701
afsample2,unrelaxed_model_5_ptm_pred_87_rand0.15_nodropout.pdb,6.11625337600708
afsample2,unrelaxed_model_5_ptm_pred_88_rand0.15_nodropout.pdb,6.22393798828125
afsample2,unrelaxed_model_5_ptm_pred_89_rand0.15_nodropout.pdb,6.170909404754639
afsample2,unrelaxed_model_5_ptm_pred_90_rand0.15_nodropout.pdb,6.3310546875
afsample2,unrelaxed_model_5_ptm_pred_91_rand0.15_nodropout.pdb,6.384891510009766
afsample2,unrelaxed_model_5_ptm_pred_92_rand0.15_nodropout.pdb,5.999229907989502
afsample2,unrelaxed_model_5_ptm_pred_93_rand0.15_nodropout.pdb,6.340646266937256
afsample2,unrelaxed_model_5_ptm_pred_94_rand0.15_nodropout.pdb,6.53598165512085
afsample2,unrelaxed_model_5_ptm_pred_95_rand0.15_nodropout.pdb,5.795928478240967
afsample2,unrelaxed_model_5_ptm_pred_96_rand0.15_nodropout.pdb,6.16316556930542
afsample2,unrelaxed_model_5_ptm_pred_97_rand0.15_nodropout.pdb,6.454675674438477
afsample2,unrelaxed_model_5_ptm_pred_98_rand0.15_nodropout.pdb,6.570850849151611
afsample2,unrelaxed_model_5_ptm_pred_99_rand0.15_nodropout.pdb,6.340998649597168
afsample2,unrelaxed_model_5_ptm_pred_100_rand0.15_nodropout.pdb,6.002398014068604
bioemu,ak2-ensemble_1.pdb,6.29353666305542
bioemu,ak2-ensemble_2.pdb,8.134531021118164
bioemu,ak2-ensemble_3.pdb,5.942777156829834
bioemu,ak2-ensemble_4.pdb,9.602718353271484
bioemu,ak2-ensemble_5.pdb,10.651290893554688
bioemu,ak2-ensemble_6.pdb,6.9430036544799805
bioemu,ak2-ensemble_7.pdb,11.37657642364502
bioemu,ak2-ensemble_8.pdb,7.786693096160889
bioemu,ak2-ensemble_9.pdb,6.147243022918701
bioemu,ak2-ensemble_10.pdb,10.22106647491455
bioemu,ak2-ensemble_11.pdb,12.16704559326172
bioemu,ak2-ensemble_12.pdb,7.50995397567749
bioemu,ak2-ensemble_13.pdb,11.271100997924805
bioemu,ak2-ensemble_14.pdb,5.680053234100342
bioemu,ak2-ensemble_15.pdb,8.434328079223633
bioemu,ak2-ensemble_16.pdb,7.655808925628662
bioemu,ak2-ensemble_17.pdb,5.933995723724365
bioemu,ak2-ensemble_18.pdb,6.675987243652344
bioemu,ak2-ensemble_19.pdb,10.569679260253906
bioemu,ak2-ensemble_20.pdb,6.11220121383667
bioemu,ak2-ensemble_21.pdb,8.186384201049805
bioemu,ak2-ensemble_22.pdb,6.341056823730469
bioemu,ak2-ensemble_23.pdb,9.012313842773438
bioemu,ak2-ensemble_24.pdb,8.345879554748535
bioemu,ak2-ensemble_25.pdb,6.200821399688721
bioemu,ak2-ensemble_26.pdb,10.647712707519531
bioemu,ak2-ensemble_27.pdb,11.448165893554688
bioemu,ak2-ensemble_28.pdb,5.988372325897217
bioemu,ak2-ensemble_29.pdb,6.722365856170654
bioemu,ak2-ensemble_30.pdb,11.282185554504396
bioemu,ak2-ensemble_31.pdb,6.631816864013672
bioemu,ak2-ensemble_32.pdb,7.55869722366333
bioemu,ak2-ensemble_33.pdb,7.799556732177734
bioemu,ak2-ensemble_34.pdb,9.7365140914917
bioemu,ak2-ensemble_35.pdb,5.980618953704834
bioemu,ak2-ensemble_36.pdb,5.714419364929199
bioemu,ak2-ensemble_37.pdb,7.634192943572998
bioemu,ak2-ensemble_38.pdb,11.597952842712402
bioemu,ak2-ensemble_39.pdb,10.493264198303224
bioemu,ak2-ensemble_40.pdb,7.472276210784912
bioemu,ak2-ensemble_41.pdb,10.41730785369873
bioemu,ak2-ensemble_42.pdb,6.717521667480469
bioemu,ak2-ensemble_43.pdb,4.503021240234375
bioemu,ak2-ensemble_44.pdb,6.064792633056641
bioemu,ak2-ensemble_45.pdb,6.755361080169678
bioemu,ak2-ensemble_46.pdb,6.34452486038208
bioemu,ak2-ensemble_47.pdb,10.035940170288086
bioemu,ak2-ensemble_48.pdb,6.694033622741699
bioemu,ak2-ensemble_49.pdb,6.745769500732422
bioemu,ak2-ensemble_50.pdb,10.738048553466797
bioemu,ak2-ensemble_51.pdb,5.846101760864258
bioemu,ak2-ensemble_52.pdb,11.097631454467772
bioemu,ak2-ensemble_53.pdb,6.38494348526001
bioemu,ak2-ensemble_54.pdb,5.485571384429932
bioemu,ak2-ensemble_55.pdb,11.319796562194824
bioemu,ak2-ensemble_56.pdb,10.384127616882324
bioemu,ak2-ensemble_57.pdb,8.90463924407959
bioemu,ak2-ensemble_58.pdb,11.267879486083984
bioemu,ak2-ensemble_59.pdb,8.75791072845459
bioemu,ak2-ensemble_60.pdb,9.662861824035645
bioemu,ak2-ensemble_61.pdb,10.112225532531738
bioemu,ak2-ensemble_62.pdb,6.072314739227295
bioemu,ak2-ensemble_63.pdb,6.642086029052734
bioemu,ak2-ensemble_64.pdb,10.518074989318848
bioemu,ak2-ensemble_65.pdb,10.619576454162598
bioemu,ak2-ensemble_66.pdb,5.811936378479004
bioemu,ak2-ensemble_67.pdb,5.2796783447265625
bioemu,ak2-ensemble_68.pdb,5.92254114151001
bioemu,ak2-ensemble_69.pdb,10.22579574584961
bioemu,ak2-ensemble_70.pdb,9.50586223602295
bioemu,ak2-ensemble_71.pdb,5.682483196258545
bioemu,ak2-ensemble_72.pdb,9.332147598266602
bioemu,ak2-ensemble_73.pdb,10.671494483947754
bioemu,ak2-ensemble_74.pdb,6.570242881774902
bioemu,ak2-ensemble_75.pdb,9.872187614440918
bioemu,ak2-ensemble_76.pdb,5.702438354492188
bioemu,ak2-ensemble_77.pdb,6.334768772125244
bioemu,ak2-ensemble_78.pdb,6.229775428771973
bioemu,ak2-ensemble_79.pdb,6.775344371795654
bioemu,ak2-ensemble_80.pdb,7.769149780273437
bioemu,ak2-ensemble_81.pdb,6.9756364822387695
bioemu,ak2-ensemble_82.pdb,11.391071319580078
bioemu,ak2-ensemble_83.pdb,11.10859489440918
bioemu,ak2-ensemble_84.pdb,8.160257339477539
bioemu,ak2-ensemble_85.pdb,10.42291259765625
bioemu,ak2-ensemble_86.pdb,4.664986610412598
bioemu,ak2-ensemble_87.pdb,8.718406677246094
bioemu,ak2-ensemble_88.pdb,6.458776473999023
bioemu,ak2-ensemble_89.pdb,10.1050386428833
bioemu,ak2-ensemble_90.pdb,6.358349800109863
bioemu,ak2-ensemble_91.pdb,4.420521259307861
bioemu,ak2-ensemble_92.pdb,6.187195777893066
bioemu,ak2-ensemble_93.pdb,6.033349514007568
bioemu,ak2-ensemble_94.pdb,6.757527828216553
bioemu,ak2-ensemble_95.pdb,6.754413604736328
bioemu,ak2-ensemble_96.pdb,7.749354839324951
bioemu,ak2-ensemble_97.pdb,5.618905067443848
bioemu,ak2-ensemble_98.pdb,6.313366413116455
bioemu,ak2-ensemble_99.pdb,9.272120475769045
bioemu,ak2-ensemble_100.pdb,6.575477123260498
bioemu,ak2-ensemble_101.pdb,11.13204860687256
bioemu,ak2-ensemble_102.pdb,5.727948188781738
bioemu,ak2-ensemble_103.pdb,11.073810577392578
bioemu,ak2-ensemble_104.pdb,7.144410133361816
bioemu,ak2-ensemble_105.pdb,6.528054714202881
bioemu,ak2-ensemble_106.pdb,6.309961318969727
bioemu,ak2-ensemble_107.pdb,6.852634906768799
bioemu,ak2-ensemble_108.pdb,6.043724060058594
bioemu,ak2-ensemble_109.pdb,9.31460666656494
bioemu,ak2-ensemble_110.pdb,7.844526767730713
bioemu,ak2-ensemble_111.pdb,9.520588874816896
bioemu,ak2-ensemble_112.pdb,7.782498836517334
bioemu,ak2-ensemble_113.pdb,5.893352508544922
bioemu,ak2-ensemble_114.pdb,5.834904670715332
bioemu,ak2-ensemble_115.pdb,5.935730457305908
bioemu,ak2-ensemble_116.pdb,6.353273391723633
bioemu,ak2-ensemble_117.pdb,6.0683112144470215
bioemu,ak2-ensemble_118.pdb,10.681540489196776
bioemu,ak2-ensemble_119.pdb,9.055673599243164
bioemu,ak2-ensemble_120.pdb,8.93784236907959
bioemu,ak2-ensemble_121.pdb,9.237607955932615
bioemu,ak2-ensemble_122.pdb,8.59877872467041
bioemu,ak2-ensemble_123.pdb,5.699736595153809
bioemu,ak2-ensemble_124.pdb,9.965962409973145
bioemu,ak2-ensemble_125.pdb,5.825915813446045
bioemu,ak2-ensemble_126.pdb,6.211811542510986
bioemu,ak2-ensemble_127.pdb,6.9999871253967285
bioemu,ak2-ensemble_128.pdb,9.455623626708984
bioemu,ak2-ensemble_129.pdb,5.899407386779785
bioemu,ak2-ensemble_130.pdb,6.207487106323242
bioemu,ak2-ensemble_131.pdb,7.463606357574463
bioemu,ak2-ensemble_132.pdb,6.281122207641602
bioemu,ak2-ensemble_133.pdb,9.86286449432373
bioemu,ak2-ensemble_134.pdb,8.04349422454834
bioemu,ak2-ensemble_135.pdb,6.450279712677002
bioemu,ak2-ensemble_136.pdb,5.183107376098633
bioemu,ak2-ensemble_137.pdb,6.844187736511231
bioemu,ak2-ensemble_138.pdb,7.163888931274414
bioemu,ak2-ensemble_139.pdb,8.970535278320312
bioemu,ak2-ensemble_140.pdb,10.32144832611084
bioemu,ak2-ensemble_141.pdb,6.091782569885254
bioemu,ak2-ensemble_142.pdb,5.788159370422363
bioemu,ak2-ensemble_143.pdb,6.216702938079834
bioemu,ak2-ensemble_144.pdb,6.242451190948486
bioemu,ak2-ensemble_145.pdb,10.468327522277832
bioemu,ak2-ensemble_146.pdb,6.538853645324707
bioemu,ak2-ensemble_147.pdb,7.0125813484191895
bioemu,ak2-ensemble_148.pdb,11.476945877075195
bioemu,ak2-ensemble_149.pdb,5.558290481567383
bioemu,ak2-ensemble_150.pdb,6.177524089813232
bioemu,ak2-ensemble_151.pdb,10.897709846496582
bioemu,ak2-ensemble_152.pdb,5.7390241622924805
bioemu,ak2-ensemble_153.pdb,9.544239044189451
bioemu,ak2-ensemble_154.pdb,8.784242630004883
bioemu,ak2-ensemble_155.pdb,6.674083709716797
bioemu,ak2-ensemble_156.pdb,9.751927375793455
bioemu,ak2-ensemble_157.pdb,7.35767650604248
bioemu,ak2-ensemble_158.pdb,9.719907760620115
bioemu,ak2-ensemble_159.pdb,5.772078990936279
bioemu,ak2-ensemble_160.pdb,7.278831958770752
bioemu,ak2-ensemble_161.pdb,9.293062210083008
bioemu,ak2-ensemble_162.pdb,7.623719692230225
bioemu,ak2-ensemble_163.pdb,6.152795791625977
bioemu,ak2-ensemble_164.pdb,7.061402320861816
bioemu,ak2-ensemble_165.pdb,6.124197959899902
bioemu,ak2-ensemble_166.pdb,4.565545082092285
bioemu,ak2-ensemble_167.pdb,7.723897933959961
bioemu,ak2-ensemble_168.pdb,6.660577774047852
bioemu,ak2-ensemble_169.pdb,9.261350631713867
bioemu,ak2-ensemble_170.pdb,9.529790878295898
bioemu,ak2-ensemble_171.pdb,6.266530513763428
bioemu,ak2-ensemble_172.pdb,6.244678020477295
bioemu,ak2-ensemble_173.pdb,9.153634071350098
bioemu,ak2-ensemble_174.pdb,6.127137184143066
bioemu,ak2-ensemble_175.pdb,5.664283752441406
bioemu,ak2-ensemble_176.pdb,9.301339149475098
bioemu,ak2-ensemble_177.pdb,10.513690948486328
bioemu,ak2-ensemble_178.pdb,9.67737102508545
bioemu,ak2-ensemble_179.pdb,6.223810195922852
bioemu,ak2-ensemble_180.pdb,6.317870616912842
bioemu,ak2-ensemble_181.pdb,8.401249885559082
bioemu,ak2-ensemble_182.pdb,4.535372734069824
bioemu,ak2-ensemble_183.pdb,8.991912841796875
bioemu,ak2-ensemble_184.pdb,11.58431339263916
bioemu,ak2-ensemble_185.pdb,10.35185432434082
bioemu,ak2-ensemble_186.pdb,8.814607620239258
bioemu,ak2-ensemble_187.pdb,6.49200963973999
bioemu,ak2-ensemble_188.pdb,9.317516326904297
bioemu,ak2-ensemble_189.pdb,8.957712173461914
bioemu,ak2-ensemble_190.pdb,10.377254486083984
bioemu,ak2-ensemble_191.pdb,10.172163009643556
bioemu,ak2-ensemble_192.pdb,6.587456703186035
bioemu,ak2-ensemble_193.pdb,10.092516899108888
bioemu,ak2-ensemble_194.pdb,6.135584354400635
bioemu,ak2-ensemble_195.pdb,6.288218975067139
bioemu,ak2-ensemble_196.pdb,9.952556610107422
bioemu,ak2-ensemble_197.pdb,5.825582027435303
bioemu,ak2-ensemble_198.pdb,5.810869693756104
bioemu,ak2-ensemble_199.pdb,9.64163303375244
bioemu,ak2-ensemble_200.pdb,5.580017566680908
bioemu,ak2-ensemble_201.pdb,8.21623420715332
bioemu,ak2-ensemble_202.pdb,5.701376914978027
bioemu,ak2-ensemble_203.pdb,5.700885772705078
bioemu,ak2-ensemble_204.pdb,5.775863170623779
bioemu,ak2-ensemble_205.pdb,10.026229858398438
bioemu,ak2-ensemble_206.pdb,6.163124561309815
bioemu,ak2-ensemble_207.pdb,6.47707462310791
bioemu,ak2-ensemble_208.pdb,5.003708839416504
bioemu,ak2-ensemble_209.pdb,8.473830223083496
bioemu,ak2-ensemble_210.pdb,5.764651298522949
bioemu,ak2-ensemble_211.pdb,5.501536846160889
bioemu,ak2-ensemble_212.pdb,6.008419513702393
bioemu,ak2-ensemble_213.pdb,5.95412540435791
bioemu,ak2-ensemble_214.pdb,8.092996597290039
bioemu,ak2-ensemble_215.pdb,6.03218936920166
bioemu,ak2-ensemble_216.pdb,10.143855094909668
bioemu,ak2-ensemble_217.pdb,6.083436965942383
bioemu,ak2-ensemble_218.pdb,9.856800079345703
bioemu,ak2-ensemble_219.pdb,8.6476469039917
bioemu,ak2-ensemble_220.pdb,6.003748893737793
bioemu,ak2-ensemble_221.pdb,6.522784233093262
bioemu,ak2-ensemble_222.pdb,11.42306900024414
bioemu,ak2-ensemble_223.pdb,9.35740852355957
bioemu,ak2-ensemble_224.pdb,10.923172950744627
bioemu,ak2-ensemble_225.pdb,5.419474124908447
bioemu,ak2-ensemble_226.pdb,5.553971290588379
bioemu,ak2-ensemble_227.pdb,10.256871223449709
bioemu,ak2-ensemble_228.pdb,6.44678258895874
bioemu,ak2-ensemble_229.pdb,6.464131832122803
bioemu,ak2-ensemble_230.pdb,12.083120346069336
bioemu,ak2-ensemble_231.pdb,5.886263847351074
bioemu,ak2-ensemble_232.pdb,5.635787487030029
bioemu,ak2-ensemble_233.pdb,7.755005836486816
bioemu,ak2-ensemble_234.pdb,9.11704444885254
bioemu,ak2-ensemble_235.pdb,6.391760349273682
bioemu,ak2-ensemble_236.pdb,10.609360694885254
bioemu,ak2-ensemble_237.pdb,6.217604160308838
bioemu,ak2-ensemble_238.pdb,9.275995254516602
bioemu,ak2-ensemble_239.pdb,6.663106918334961
bioemu,ak2-ensemble_240.pdb,5.9385271072387695
bioemu,ak2-ensemble_241.pdb,5.704805850982666
bioemu,ak2-ensemble_242.pdb,10.852666854858398
bioemu,ak2-ensemble_243.pdb,6.327290058135986
bioemu,ak2-ensemble_244.pdb,5.800792217254639
bioemu,ak2-ensemble_245.pdb,6.5649590492248535
bioemu,ak2-ensemble_246.pdb,5.672046184539795
bioemu,ak2-ensemble_247.pdb,6.386305332183838
bioemu,ak2-ensemble_248.pdb,7.273486614227295
bioemu,ak2-ensemble_249.pdb,7.585446357727051
bioemu,ak2-ensemble_250.pdb,10.940570831298828
bioemu,ak2-ensemble_251.pdb,8.075679779052734
bioemu,ak2-ensemble_252.pdb,6.373898983001709
bioemu,ak2-ensemble_253.pdb,6.316240787506104
bioemu,ak2-ensemble_254.pdb,8.35995864868164
bioemu,ak2-ensemble_255.pdb,7.490506172180176
bioemu,ak2-ensemble_256.pdb,9.828377723693848
bioemu,ak2-ensemble_257.pdb,7.736335754394531
bioemu,ak2-ensemble_258.pdb,10.200980186462402
bioemu,ak2-ensemble_259.pdb,11.768211364746094
bioemu,ak2-ensemble_260.pdb,6.544433116912842
bioemu,ak2-ensemble_261.pdb,6.114786148071289
bioemu,ak2-ensemble_262.pdb,6.301159381866455
bioemu,ak2-ensemble_263.pdb,6.21122407913208
bioemu,ak2-ensemble_264.pdb,6.591669082641602
bioemu,ak2-ensemble_265.pdb,5.484167575836182
bioemu,ak2-ensemble_266.pdb,9.014610290527344
bioemu,ak2-ensemble_267.pdb,6.334927558898926
bioemu,ak2-ensemble_268.pdb,10.51243019104004
bioemu,ak2-ensemble_269.pdb,5.957793712615967
bioemu,ak2-ensemble_270.pdb,6.131166458129883
bioemu,ak2-ensemble_271.pdb,5.788869380950928
bioemu,ak2-ensemble_272.pdb,10.664469718933104
bioemu,ak2-ensemble_273.pdb,6.123838901519775
bioemu,ak2-ensemble_274.pdb,12.230265617370604
bioemu,ak2-ensemble_275.pdb,9.386298179626465
bioemu,ak2-ensemble_276.pdb,12.13783359527588
bioemu,ak2-ensemble_277.pdb,5.89298677444458
bioemu,ak2-ensemble_278.pdb,6.8918070793151855
bioemu,ak2-ensemble_279.pdb,6.695998191833496
bioemu,ak2-ensemble_280.pdb,10.979971885681152
bioemu,ak2-ensemble_281.pdb,10.190431594848633
bioemu,ak2-ensemble_282.pdb,5.973248481750488
bioemu,ak2-ensemble_283.pdb,6.883610248565674
bioemu,ak2-ensemble_284.pdb,9.90338897705078
bioemu,ak2-ensemble_285.pdb,6.951791286468506
bioemu,ak2-ensemble_286.pdb,6.004940032958984
bioemu,ak2-ensemble_287.pdb,5.640824317932129
bioemu,ak2-ensemble_288.pdb,11.007782936096191
bioemu,ak2-ensemble_289.pdb,6.338351249694824
bioemu,ak2-ensemble_290.pdb,6.326792240142822
bioemu,ak2-ensemble_291.pdb,10.755863189697266
bioemu,ak2-ensemble_292.pdb,10.125222206115724
bioemu,ak2-ensemble_293.pdb,6.39651346206665
bioemu,ak2-ensemble_294.pdb,6.602036952972412
bioemu,ak2-ensemble_295.pdb,5.803800582885742
bioemu,ak2-ensemble_296.pdb,8.099365234375
bioemu,ak2-ensemble_297.pdb,6.768966197967529
bioemu,ak2-ensemble_298.pdb,6.0021748542785645
bioemu,ak2-ensemble_299.pdb,9.062396049499512
bioemu,ak2-ensemble_300.pdb,6.164267539978027
bioemu,ak2-ensemble_301.pdb,6.928181171417236
bioemu,ak2-ensemble_302.pdb,5.738474845886231
bioemu,ak2-ensemble_303.pdb,9.435089111328123
bioemu,ak2-ensemble_304.pdb,8.119691848754883
bioemu,ak2-ensemble_305.pdb,5.929704666137695
bioemu,ak2-ensemble_306.pdb,7.435495853424072
bioemu,ak2-ensemble_307.pdb,9.676435470581056
bioemu,ak2-ensemble_308.pdb,5.072632312774658
bioemu,ak2-ensemble_309.pdb,6.984167098999023
bioemu,ak2-ensemble_310.pdb,7.423895359039307
bioemu,ak2-ensemble_311.pdb,6.205594539642334
bioemu,ak2-ensemble_312.pdb,10.053129196166992
bioemu,ak2-ensemble_313.pdb,8.349431037902832
bioemu,ak2-ensemble_314.pdb,9.976837158203123
bioemu,ak2-ensemble_315.pdb,4.924936771392822
bioemu,ak2-ensemble_316.pdb,5.771471977233887
bioemu,ak2-ensemble_317.pdb,9.494872093200684
bioemu,ak2-ensemble_318.pdb,10.333857536315918
bioemu,ak2-ensemble_319.pdb,11.407098770141602
bioemu,ak2-ensemble_320.pdb,7.818880081176758
bioemu,ak2-ensemble_321.pdb,7.768970489501953
bioemu,ak2-ensemble_322.pdb,6.107454299926758
bioemu,ak2-ensemble_323.pdb,9.58304214477539
bioemu,ak2-ensemble_324.pdb,10.592605590820312
bioemu,ak2-ensemble_325.pdb,7.1946797370910645
bioemu,ak2-ensemble_326.pdb,7.402904987335205
bioemu,ak2-ensemble_327.pdb,5.477554321289063
bioemu,ak2-ensemble_328.pdb,5.864137172698975
bioemu,ak2-ensemble_329.pdb,6.115864276885986
bioemu,ak2-ensemble_330.pdb,6.540107250213623
bioemu,ak2-ensemble_331.pdb,4.643791198730469
bioemu,ak2-ensemble_332.pdb,10.400908470153809
bioemu,ak2-ensemble_333.pdb,8.246265411376953
bioemu,ak2-ensemble_334.pdb,6.327383518218994
bioemu,ak2-ensemble_335.pdb,6.616962432861328
bioemu,ak2-ensemble_336.pdb,6.179271697998047
bioemu,ak2-ensemble_337.pdb,11.336423873901367
bioemu,ak2-ensemble_338.pdb,9.52061939239502
bioemu,ak2-ensemble_339.pdb,6.240041255950928
bioemu,ak2-ensemble_340.pdb,6.55125904083252
bioemu,ak2-ensemble_341.pdb,5.982424736022949
bioemu,ak2-ensemble_342.pdb,7.724202632904053
bioemu,ak2-ensemble_343.pdb,5.879846096038818
bioemu,ak2-ensemble_344.pdb,6.498991966247559
bioemu,ak2-ensemble_345.pdb,7.190674781799316
bioemu,ak2-ensemble_346.pdb,5.579794406890869
bioemu,ak2-ensemble_347.pdb,6.729918956756592
bioemu,ak2-ensemble_348.pdb,6.220619201660156
bioemu,ak2-ensemble_349.pdb,5.897499561309815
bioemu,ak2-ensemble_350.pdb,6.407917022705078
bioemu,ak2-ensemble_351.pdb,7.659935474395752
bioemu,ak2-ensemble_352.pdb,6.0206146240234375
bioemu,ak2-ensemble_353.pdb,8.194320678710938
bioemu,ak2-ensemble_354.pdb,6.6093950271606445
bioemu,ak2-ensemble_355.pdb,10.859861373901367
bioemu,ak2-ensemble_356.pdb,6.872627258300781
bioemu,ak2-ensemble_357.pdb,11.43479824066162
bioemu,ak2-ensemble_358.pdb,6.6877264976501465
bioemu,ak2-ensemble_359.pdb,6.173370361328125
bioemu,ak2-ensemble_360.pdb,10.13165283203125
bioemu,ak2-ensemble_361.pdb,5.767200946807861
bioemu,ak2-ensemble_362.pdb,5.884097576141357
bioemu,ak2-ensemble_363.pdb,5.757014274597168
bioemu,ak2-ensemble_364.pdb,8.379325866699219
bioemu,ak2-ensemble_365.pdb,6.3155436515808105
bioemu,ak2-ensemble_366.pdb,5.973282814025879
bioemu,ak2-ensemble_367.pdb,6.214346408843994
bioemu,ak2-ensemble_368.pdb,10.552255630493164
bioemu,ak2-ensemble_369.pdb,10.101489067077637
bioemu,ak2-ensemble_370.pdb,8.884527206420898
bioemu,ak2-ensemble_371.pdb,9.978546142578123
bioemu,ak2-ensemble_372.pdb,6.217596530914307
bioemu,ak2-ensemble_373.pdb,9.529455184936523
bioemu,ak2-ensemble_374.pdb,6.877172470092773
bioemu,ak2-ensemble_375.pdb,7.775602340698242
bioemu,ak2-ensemble_376.pdb,7.347993850708008
bioemu,ak2-ensemble_377.pdb,9.437023162841797
bioemu,ak2-ensemble_378.pdb,6.223503589630127
bioemu,ak2-ensemble_379.pdb,7.996987342834473
bioemu,ak2-ensemble_380.pdb,6.9786376953125
bioemu,ak2-ensemble_381.pdb,6.0846452713012695
bioemu,ak2-ensemble_382.pdb,10.525345802307127
bioemu,ak2-ensemble_383.pdb,7.87837553024292
bioemu,ak2-ensemble_384.pdb,5.453155994415283
bioemu,ak2-ensemble_385.pdb,8.035483360290527
bioemu,ak2-ensemble_386.pdb,6.754717350006104
bioemu,ak2-ensemble_387.pdb,8.555904388427734
bioemu,ak2-ensemble_388.pdb,9.421369552612305
bioemu,ak2-ensemble_389.pdb,8.756494522094727
bioemu,ak2-ensemble_390.pdb,10.0095853805542
bioemu,ak2-ensemble_391.pdb,6.161370754241943
bioemu,ak2-ensemble_392.pdb,5.537806987762451
bioemu,ak2-ensemble_393.pdb,6.025355339050293
bioemu,ak2-ensemble_394.pdb,9.140448570251465
bioemu,ak2-ensemble_395.pdb,8.509818077087402
bioemu,ak2-ensemble_396.pdb,10.73398780822754
bioemu,ak2-ensemble_397.pdb,5.928582668304443
bioemu,ak2-ensemble_398.pdb,8.357542037963867
bioemu,ak2-ensemble_399.pdb,11.145744323730469
bioemu,ak2-ensemble_400.pdb,6.281752586364746
bioemu,ak2-ensemble_401.pdb,5.441617488861084
bioemu,ak2-ensemble_402.pdb,6.253751277923584
bioemu,ak2-ensemble_403.pdb,5.44702672958374
bioemu,ak2-ensemble_404.pdb,6.490369319915772
bioemu,ak2-ensemble_405.pdb,9.355921745300291
bioemu,ak2-ensemble_406.pdb,8.237397193908691
bioemu,ak2-ensemble_407.pdb,6.432737350463867
bioemu,ak2-ensemble_408.pdb,6.386532783508301
bioemu,ak2-ensemble_409.pdb,5.514435291290283
bioemu,ak2-ensemble_410.pdb,6.408790111541748
bioemu,ak2-ensemble_411.pdb,5.778469085693359
bioemu,ak2-ensemble_412.pdb,9.142916679382324
bioemu,ak2-ensemble_413.pdb,11.212532997131348
bioemu,ak2-ensemble_414.pdb,9.910282135009766
bioemu,ak2-ensemble_415.pdb,9.42839813232422
bioemu,ak2-ensemble_416.pdb,6.3334269523620605
bioemu,ak2-ensemble_417.pdb,10.329351425170898
bioemu,ak2-ensemble_418.pdb,10.158764839172363
bioemu,ak2-ensemble_419.pdb,5.350111961364746
bioemu,ak2-ensemble_420.pdb,9.730889320373535
bioemu,ak2-ensemble_421.pdb,6.385968208312988
bioemu,ak2-ensemble_422.pdb,6.092315196990967
bioemu,ak2-ensemble_423.pdb,10.119091987609863
bioemu,ak2-ensemble_424.pdb,10.70241928100586
bioemu,ak2-ensemble_425.pdb,7.246813297271728
bioemu,ak2-ensemble_426.pdb,12.11594295501709
bioemu,ak2-ensemble_427.pdb,5.780735015869141
bioemu,ak2-ensemble_428.pdb,6.128857612609863
bioemu,ak2-ensemble_429.pdb,6.287678718566895
bioemu,ak2-ensemble_430.pdb,11.286274909973145
bioemu,ak2-ensemble_431.pdb,8.75171947479248
bioemu,ak2-ensemble_432.pdb,6.759586334228516
bioemu,ak2-ensemble_433.pdb,6.367778301239014
bioemu,ak2-ensemble_434.pdb,4.93478536605835
bioemu,ak2-ensemble_435.pdb,6.74493932723999
bioemu,ak2-ensemble_436.pdb,5.971105098724365
bioemu,ak2-ensemble_437.pdb,5.594326972961426
bioemu,ak2-ensemble_438.pdb,5.914743900299072
bioemu,ak2-ensemble_439.pdb,10.868215560913086
bioemu,ak2-ensemble_440.pdb,6.068953990936279
bioemu,ak2-ensemble_441.pdb,4.680267810821533
bioemu,ak2-ensemble_442.pdb,6.507534503936768
bioemu,ak2-ensemble_443.pdb,10.322731971740724
bioemu,ak2-ensemble_444.pdb,5.633692264556885
bioemu,ak2-ensemble_445.pdb,8.560129165649414
bioemu,ak2-ensemble_446.pdb,5.958498477935791
bioemu,ak2-ensemble_447.pdb,8.129170417785645
bioemu,ak2-ensemble_448.pdb,10.33120059967041
bioemu,ak2-ensemble_449.pdb,6.552014827728272
bioemu,ak2-ensemble_450.pdb,9.976957321166992
bioemu,ak2-ensemble_451.pdb,8.618804931640625
bioemu,ak2-ensemble_452.pdb,9.639734268188477
bioemu,ak2-ensemble_453.pdb,12.06533432006836
bioemu,ak2-ensemble_454.pdb,5.791951656341553
bioemu,ak2-ensemble_455.pdb,7.24534273147583
bioemu,ak2-ensemble_456.pdb,6.482415199279785
bioemu,ak2-ensemble_457.pdb,11.25931167602539
bioemu,ak2-ensemble_458.pdb,10.68466567993164
bioemu,ak2-ensemble_459.pdb,10.386635780334473
bioemu,ak2-ensemble_460.pdb,6.306228160858154
bioemu,ak2-ensemble_461.pdb,10.97219181060791
bioemu,ak2-ensemble_462.pdb,6.251887798309326
bioemu,ak2-ensemble_463.pdb,10.410178184509276
bioemu,ak2-ensemble_464.pdb,10.254057884216309
bioemu,ak2-ensemble_465.pdb,6.2448930740356445
bioemu,ak2-ensemble_466.pdb,6.430435657501221
bioemu,ak2-ensemble_467.pdb,6.34130859375
bioemu,ak2-ensemble_468.pdb,11.735625267028809
bioemu,ak2-ensemble_469.pdb,7.78809928894043
bioemu,ak2-ensemble_470.pdb,11.485212326049805
bioemu,ak2-ensemble_471.pdb,4.351161003112793
bioemu,ak2-ensemble_472.pdb,5.817266941070557
bioemu,ak2-ensemble_473.pdb,5.762621402740479
bioemu,ak2-ensemble_474.pdb,6.208365440368652
bioemu,ak2-ensemble_475.pdb,10.828638076782228
bioemu,ak2-ensemble_476.pdb,10.487831115722656
bioemu,ak2-ensemble_477.pdb,7.829571723937988
bioemu,ak2-ensemble_478.pdb,9.932034492492676
bioemu,ak2-ensemble_479.pdb,9.821455955505373
bioemu,ak2-ensemble_480.pdb,10.94657039642334
bioemu,ak2-ensemble_481.pdb,9.725539207458496
bioemu,ak2-ensemble_482.pdb,8.511645317077637
bioemu,ak2-ensemble_483.pdb,9.948237419128418
bioemu,ak2-ensemble_484.pdb,6.315552711486816
bioemu,ak2-ensemble_485.pdb,4.924663543701172
bioemu,ak2-ensemble_486.pdb,8.252776145935059
bioemu,ak2-ensemble_487.pdb,5.660654067993164
bioemu,ak2-ensemble_488.pdb,8.65737247467041
bioemu,ak2-ensemble_489.pdb,6.133946418762207
bioemu,ak2-ensemble_490.pdb,5.958775520324707
bioemu,ak2-ensemble_491.pdb,5.916941165924072
bioemu,ak2-ensemble_492.pdb,6.848956108093262
bioemu,ak2-ensemble_493.pdb,6.328017234802246
bioemu,ak2-ensemble_494.pdb,10.577826499938965
bioemu,ak2-ensemble_495.pdb,5.716161251068115
bioemu,ak2-ensemble_496.pdb,5.966021060943604
bioemu,ak2-ensemble_497.pdb,10.803656578063965
bioemu,ak2-ensemble_498.pdb,8.967575073242188
bioemu,ak2-ensemble_499.pdb,6.672819137573242
bioemu,ak2-ensemble_500.pdb,5.884089469909668
boltz-2,seed-0-ak2-model_0.pdb,5.929378032684326
boltz-2,seed-0-ak2-model_1.pdb,9.102466583251951
boltz-2,seed-0-ak2-model_2.pdb,5.796240329742432
boltz-2,seed-0-ak2-model_3.pdb,6.162868499755859
boltz-2,seed-0-ak2-model_4.pdb,5.854188919067383
boltz-2,seed-1-ak2-model_0.pdb,6.526393413543701
boltz-2,seed-1-ak2-model_1.pdb,6.0746846199035645
boltz-2,seed-1-ak2-model_2.pdb,10.248952865600586
boltz-2,seed-1-ak2-model_3.pdb,6.007809638977051
boltz-2,seed-1-ak2-model_4.pdb,6.034071922302246
boltz-2,seed-2-ak2-model_0.pdb,6.397412300109863
boltz-2,seed-2-ak2-model_1.pdb,6.891404628753662
boltz-2,seed-2-ak2-model_2.pdb,6.071130752563477
boltz-2,seed-2-ak2-model_3.pdb,5.972143173217773
boltz-2,seed-2-ak2-model_4.pdb,5.980603694915772
boltz-2,seed-3-ak2-model_0.pdb,8.933646202087402
boltz-2,seed-3-ak2-model_1.pdb,5.950055599212647
boltz-2,seed-3-ak2-model_2.pdb,6.083201885223389
boltz-2,seed-3-ak2-model_3.pdb,5.862915515899658
boltz-2,seed-3-ak2-model_4.pdb,5.718132495880127
boltz-2,seed-4-ak2-model_0.pdb,5.984339714050293
boltz-2,seed-4-ak2-model_1.pdb,5.882091045379639
boltz-2,seed-4-ak2-model_2.pdb,8.760034561157227
boltz-2,seed-4-ak2-model_3.pdb,6.21862268447876
boltz-2,seed-4-ak2-model_4.pdb,6.047079563140869
boltz-2,seed-5-ak2-model_0.pdb,5.928303241729736
boltz-2,seed-5-ak2-model_1.pdb,5.977237224578857
boltz-2,seed-5-ak2-model_2.pdb,8.945792198181152
boltz-2,seed-5-ak2-model_3.pdb,8.741767883300781
boltz-2,seed-5-ak2-model_4.pdb,8.786881446838379
boltz-2,seed-6-ak2-model_0.pdb,6.372758865356445
boltz-2,seed-6-ak2-model_1.pdb,5.860403060913086
boltz-2,seed-6-ak2-model_2.pdb,9.534224510192873
boltz-2,seed-6-ak2-model_3.pdb,6.711887836456299
boltz-2,seed-6-ak2-model_4.pdb,5.7910990715026855
boltz-2,seed-7-ak2-model_0.pdb,5.866042137145996
boltz-2,seed-7-ak2-model_1.pdb,5.861580848693848
boltz-2,seed-7-ak2-model_2.pdb,5.827962398529053
boltz-2,seed-7-ak2-model_3.pdb,8.964674949645996
boltz-2,seed-7-ak2-model_4.pdb,8.338092803955078
boltz-2,seed-8-ak2-model_0.pdb,5.810163974761963
boltz-2,seed-8-ak2-model_1.pdb,5.984220504760742
boltz-2,seed-8-ak2-model_2.pdb,5.842365264892578
boltz-2,seed-8-ak2-model_3.pdb,5.853747844696045
boltz-2,seed-8-ak2-model_4.pdb,5.846332550048828
boltz-2,seed-9-ak2-model_0.pdb,5.930245876312256
boltz-2,seed-9-ak2-model_1.pdb,5.941122531890869
boltz-2,seed-9-ak2-model_2.pdb,8.72819995880127
boltz-2,seed-9-ak2-model_3.pdb,6.106173515319824
boltz-2,seed-9-ak2-model_4.pdb,8.940906524658203
boltz-2,seed-10-ak2-model_0.pdb,5.751474380493164
boltz-2,seed-10-ak2-model_1.pdb,10.844395637512209
boltz-2,seed-10-ak2-model_2.pdb,5.806544303894043
boltz-2,seed-10-ak2-model_3.pdb,9.09497356414795
boltz-2,seed-10-ak2-model_4.pdb,8.789719581604004
boltz-2,seed-11-ak2-model_0.pdb,6.105360507965088
boltz-2,seed-11-ak2-model_1.pdb,9.788851737976074
boltz-2,seed-11-ak2-model_2.pdb,5.606992244720459
boltz-2,seed-11-ak2-model_3.pdb,10.47646427154541
boltz-2,seed-11-ak2-model_4.pdb,9.342697143554688
boltz-2,seed-12-ak2-model_0.pdb,6.087691783905029
boltz-2,seed-12-ak2-model_1.pdb,6.1049981117248535
boltz-2,seed-12-ak2-model_2.pdb,8.473989486694336
boltz-2,seed-12-ak2-model_3.pdb,10.828279495239258
boltz-2,seed-12-ak2-model_4.pdb,8.605669975280762
boltz-2,seed-13-ak2-model_0.pdb,5.90015983581543
boltz-2,seed-13-ak2-model_1.pdb,8.976048469543457
boltz-2,seed-13-ak2-model_2.pdb,5.759843826293945
boltz-2,seed-13-ak2-model_3.pdb,8.687593460083008
boltz-2,seed-13-ak2-model_4.pdb,6.1614203453063965
boltz-2,seed-14-ak2-model_0.pdb,5.784151554107666
boltz-2,seed-14-ak2-model_1.pdb,5.9753522872924805
boltz-2,seed-14-ak2-model_2.pdb,6.020153522491455
boltz-2,seed-14-ak2-model_3.pdb,6.020139694213867
boltz-2,seed-14-ak2-model_4.pdb,8.529590606689453
boltz-2,seed-15-ak2-model_0.pdb,5.99729061126709
boltz-2,seed-15-ak2-model_1.pdb,9.220948219299316
boltz-2,seed-15-ak2-model_2.pdb,5.921263694763184
boltz-2,seed-15-ak2-model_3.pdb,12.115951538085938
boltz-2,seed-15-ak2-model_4.pdb,5.910762786865234
boltz-2,seed-16-ak2-model_0.pdb,8.814414978027344
boltz-2,seed-16-ak2-model_1.pdb,6.889967441558838
boltz-2,seed-16-ak2-model_2.pdb,9.717435836791992
boltz-2,seed-16-ak2-model_3.pdb,8.91578483581543
boltz-2,seed-16-ak2-model_4.pdb,7.948337078094482
boltz-2,seed-17-ak2-model_0.pdb,6.1873087882995605
boltz-2,seed-17-ak2-model_1.pdb,8.842324256896973
boltz-2,seed-17-ak2-model_2.pdb,6.150729656219482
boltz-2,seed-17-ak2-model_3.pdb,6.050464153289795
boltz-2,seed-17-ak2-model_4.pdb,11.131487846374512
boltz-2,seed-18-ak2-model_0.pdb,11.192937850952148
boltz-2,seed-18-ak2-model_1.pdb,6.094183444976807
boltz-2,seed-18-ak2-model_2.pdb,8.951268196105957
boltz-2,seed-18-ak2-model_3.pdb,5.957303047180176
boltz-2,seed-18-ak2-model_4.pdb,8.798426628112793
boltz-2,seed-19-ak2-model_0.pdb,8.974607467651367
boltz-2,seed-19-ak2-model_1.pdb,9.885782241821287
boltz-2,seed-19-ak2-model_2.pdb,5.997611045837402
boltz-2,seed-19-ak2-model_3.pdb,8.81411361694336
boltz-2,seed-19-ak2-model_4.pdb,6.026057243347168
boltz-2,seed-20-ak2-model_0.pdb,5.851393699645996
boltz-2,seed-20-ak2-model_1.pdb,5.825674533843994
boltz-2,seed-20-ak2-model_2.pdb,6.118480682373047
boltz-2,seed-20-ak2-model_3.pdb,8.723067283630371
boltz-2,seed-20-ak2-model_4.pdb,6.424546718597412
boltz-2,seed-21-ak2-model_0.pdb,5.691333293914795
boltz-2,seed-21-ak2-model_1.pdb,5.780789852142334
boltz-2,seed-21-ak2-model_2.pdb,9.26539134979248
boltz-2,seed-21-ak2-model_3.pdb,6.042018890380859
boltz-2,seed-21-ak2-model_4.pdb,8.83872127532959
boltz-2,seed-22-ak2-model_0.pdb,8.938298225402832
boltz-2,seed-22-ak2-model_1.pdb,11.560151100158691
boltz-2,seed-22-ak2-model_2.pdb,5.863979339599609
boltz-2,seed-22-ak2-model_3.pdb,8.819462776184082
boltz-2,seed-22-ak2-model_4.pdb,5.870483875274658
boltz-2,seed-23-ak2-model_0.pdb,6.1560139656066895
boltz-2,seed-23-ak2-model_1.pdb,6.459089279174805
boltz-2,seed-23-ak2-model_2.pdb,12.655508995056152
boltz-2,seed-23-ak2-model_3.pdb,6.006007671356201
boltz-2,seed-23-ak2-model_4.pdb,9.00240421295166
boltz-2,seed-24-ak2-model_0.pdb,5.886964321136475
boltz-2,seed-24-ak2-model_1.pdb,5.895265579223633
boltz-2,seed-24-ak2-model_2.pdb,10.259174346923828
boltz-2,seed-24-ak2-model_3.pdb,8.797593116760254
boltz-2,seed-24-ak2-model_4.pdb,8.804669380187988
boltz-2,seed-25-ak2-model_0.pdb,9.465806007385254
boltz-2,seed-25-ak2-model_1.pdb,6.702629089355469
boltz-2,seed-25-ak2-model_2.pdb,8.936619758605957
boltz-2,seed-25-ak2-model_3.pdb,9.17979621887207
boltz-2,seed-25-ak2-model_4.pdb,6.020731449127197
boltz-2,seed-26-ak2-model_0.pdb,5.92514181137085
boltz-2,seed-26-ak2-model_1.pdb,8.989375114440918
boltz-2,seed-26-ak2-model_2.pdb,8.446222305297852
boltz-2,seed-26-ak2-model_3.pdb,8.76430606842041
boltz-2,seed-26-ak2-model_4.pdb,8.948396682739258
boltz-2,seed-27-ak2-model_0.pdb,8.986830711364746
boltz-2,seed-27-ak2-model_1.pdb,8.856301307678223
boltz-2,seed-27-ak2-model_2.pdb,9.736446380615234
boltz-2,seed-27-ak2-model_3.pdb,5.985875129699707
boltz-2,seed-27-ak2-model_4.pdb,8.881549835205078
boltz-2,seed-28-ak2-model_0.pdb,6.004072189331055
boltz-2,seed-28-ak2-model_1.pdb,5.829238414764404
boltz-2,seed-28-ak2-model_2.pdb,5.675129890441895
boltz-2,seed-28-ak2-model_3.pdb,9.034156799316406
boltz-2,seed-28-ak2-model_4.pdb,9.153067588806152
boltz-2,seed-29-ak2-model_0.pdb,8.489352226257324
boltz-2,seed-29-ak2-model_1.pdb,5.888055324554443
boltz-2,seed-29-ak2-model_2.pdb,5.892243385314941
boltz-2,seed-29-ak2-model_3.pdb,5.798271179199219
boltz-2,seed-29-ak2-model_4.pdb,8.98265266418457
boltz-2,seed-30-ak2-model_0.pdb,6.108687877655029
boltz-2,seed-30-ak2-model_1.pdb,6.492758750915527
boltz-2,seed-30-ak2-model_2.pdb,6.076014995574951
boltz-2,seed-30-ak2-model_3.pdb,6.324528217315674
boltz-2,seed-30-ak2-model_4.pdb,8.612113952636719
boltz-2,seed-31-ak2-model_0.pdb,5.958229064941406
boltz-2,seed-31-ak2-model_1.pdb,6.035937309265137
boltz-2,seed-31-ak2-model_2.pdb,5.844498634338379
boltz-2,seed-31-ak2-model_3.pdb,5.918743133544922
boltz-2,seed-31-ak2-model_4.pdb,8.639142990112305
boltz-2,seed-32-ak2-model_0.pdb,8.514098167419434
boltz-2,seed-32-ak2-model_1.pdb,9.292542457580566
boltz-2,seed-32-ak2-model_2.pdb,8.804725646972656
boltz-2,seed-32-ak2-model_3.pdb,5.641124725341797
boltz-2,seed-32-ak2-model_4.pdb,9.02918529510498
boltz-2,seed-33-ak2-model_0.pdb,6.267829895019531
boltz-2,seed-33-ak2-model_1.pdb,6.182049751281738
boltz-2,seed-33-ak2-model_2.pdb,8.861090660095215
boltz-2,seed-33-ak2-model_3.pdb,5.9718756675720215
boltz-2,seed-33-ak2-model_4.pdb,9.063650131225586
boltz-2,seed-34-ak2-model_0.pdb,5.912184715270996
boltz-2,seed-34-ak2-model_1.pdb,9.09847927093506
boltz-2,seed-34-ak2-model_2.pdb,5.960125923156738
boltz-2,seed-34-ak2-model_3.pdb,8.759081840515137
boltz-2,seed-34-ak2-model_4.pdb,5.930342674255371
boltz-2,seed-35-ak2-model_0.pdb,7.903751373291016
boltz-2,seed-35-ak2-model_1.pdb,5.792628765106201
boltz-2,seed-35-ak2-model_2.pdb,5.8843488693237305
boltz-2,seed-35-ak2-model_3.pdb,8.898775100708008
boltz-2,seed-35-ak2-model_4.pdb,5.933373928070068
boltz-2,seed-36-ak2-model_0.pdb,5.776776313781738
boltz-2,seed-36-ak2-model_1.pdb,6.48333215713501
boltz-2,seed-36-ak2-model_2.pdb,5.994154453277588
boltz-2,seed-36-ak2-model_3.pdb,9.134119987487791
boltz-2,seed-36-ak2-model_4.pdb,5.918575286865234
boltz-2,seed-37-ak2-model_0.pdb,5.892877578735352
boltz-2,seed-37-ak2-model_1.pdb,6.2274169921875
boltz-2,seed-37-ak2-model_2.pdb,6.021180152893066
boltz-2,seed-37-ak2-model_3.pdb,6.094590663909912
boltz-2,seed-37-ak2-model_4.pdb,6.101374626159668
boltz-2,seed-38-ak2-model_0.pdb,6.043591022491455
boltz-2,seed-38-ak2-model_1.pdb,5.894931316375732
boltz-2,seed-38-ak2-model_2.pdb,8.68275260925293
boltz-2,seed-38-ak2-model_3.pdb,6.295475959777832
boltz-2,seed-38-ak2-model_4.pdb,9.03835678100586
boltz-2,seed-39-ak2-model_0.pdb,5.790248870849609
boltz-2,seed-39-ak2-model_1.pdb,5.684853076934815
boltz-2,seed-39-ak2-model_2.pdb,5.978696346282959
boltz-2,seed-39-ak2-model_3.pdb,8.88135051727295
boltz-2,seed-39-ak2-model_4.pdb,5.633825778961182
boltz-2,seed-40-ak2-model_0.pdb,5.972479343414307
boltz-2,seed-40-ak2-model_1.pdb,5.805617809295654
boltz-2,seed-40-ak2-model_2.pdb,6.011542320251465
boltz-2,seed-40-ak2-model_3.pdb,6.274334907531738
boltz-2,seed-40-ak2-model_4.pdb,6.073841094970703
boltz-2,seed-41-ak2-model_0.pdb,5.91978120803833
boltz-2,seed-41-ak2-model_1.pdb,5.91963529586792
boltz-2,seed-41-ak2-model_2.pdb,6.101190090179443
boltz-2,seed-41-ak2-model_3.pdb,6.0947265625
boltz-2,seed-41-ak2-model_4.pdb,8.87127685546875
boltz-2,seed-42-ak2-model_0.pdb,9.083606719970703
boltz-2,seed-42-ak2-model_1.pdb,5.913626194000244
boltz-2,seed-42-ak2-model_2.pdb,8.038333892822266
boltz-2,seed-42-ak2-model_3.pdb,8.937459945678711
boltz-2,seed-42-ak2-model_4.pdb,6.094962120056152
boltz-2,seed-43-ak2-model_0.pdb,5.831042766571045
boltz-2,seed-43-ak2-model_1.pdb,5.839549541473389
boltz-2,seed-43-ak2-model_2.pdb,6.405727863311768
boltz-2,seed-43-ak2-model_3.pdb,6.081892490386963
boltz-2,seed-43-ak2-model_4.pdb,9.207265853881836
boltz-2,seed-44-ak2-model_0.pdb,8.519097328186035
boltz-2,seed-44-ak2-model_1.pdb,8.729279518127441
boltz-2,seed-44-ak2-model_2.pdb,8.771727561950684
boltz-2,seed-44-ak2-model_3.pdb,5.856298923492432
boltz-2,seed-44-ak2-model_4.pdb,5.9772725105285645
boltz-2,seed-45-ak2-model_0.pdb,8.786456108093262
boltz-2,seed-45-ak2-model_1.pdb,5.987326145172119
boltz-2,seed-45-ak2-model_2.pdb,5.986530780792236
boltz-2,seed-45-ak2-model_3.pdb,8.952483177185059
boltz-2,seed-45-ak2-model_4.pdb,9.224775314331056
boltz-2,seed-46-ak2-model_0.pdb,5.998693943023682
boltz-2,seed-46-ak2-model_1.pdb,9.530661582946776
boltz-2,seed-46-ak2-model_2.pdb,5.950977325439453
boltz-2,seed-46-ak2-model_3.pdb,5.976352691650391
boltz-2,seed-46-ak2-model_4.pdb,6.129210472106934
boltz-2,seed-47-ak2-model_0.pdb,6.517709732055664
boltz-2,seed-47-ak2-model_1.pdb,6.155245304107666
boltz-2,seed-47-ak2-model_2.pdb,5.568349361419678
boltz-2,seed-47-ak2-model_3.pdb,5.722506999969482
boltz-2,seed-47-ak2-model_4.pdb,5.8838090896606445
boltz-2,seed-48-ak2-model_0.pdb,7.730843544006348
boltz-2,seed-48-ak2-model_1.pdb,9.075695991516112
boltz-2,seed-48-ak2-model_2.pdb,6.4044508934021
boltz-2,seed-48-ak2-model_3.pdb,9.210495948791504
boltz-2,seed-48-ak2-model_4.pdb,5.832499980926514
boltz-2,seed-49-ak2-model_0.pdb,8.805234909057617
boltz-2,seed-49-ak2-model_1.pdb,5.993072509765625
boltz-2,seed-49-ak2-model_2.pdb,9.23348903656006
boltz-2,seed-49-ak2-model_3.pdb,6.781601428985596
boltz-2,seed-49-ak2-model_4.pdb,5.902373313903809
boltz-2,seed-50-ak2-model_0.pdb,6.264715194702148
boltz-2,seed-50-ak2-model_1.pdb,5.794327259063721
boltz-2,seed-50-ak2-model_2.pdb,9.802553176879885
boltz-2,seed-50-ak2-model_3.pdb,6.007564544677734
boltz-2,seed-50-ak2-model_4.pdb,5.729240417480469
boltz-2,seed-51-ak2-model_0.pdb,5.82487678527832
boltz-2,seed-51-ak2-model_1.pdb,8.774626731872559
boltz-2,seed-51-ak2-model_2.pdb,8.312305450439453
boltz-2,seed-51-ak2-model_3.pdb,5.88405704498291
boltz-2,seed-51-ak2-model_4.pdb,6.147371292114258
boltz-2,seed-52-ak2-model_0.pdb,9.54272747039795
boltz-2,seed-52-ak2-model_1.pdb,5.647348403930664
boltz-2,seed-52-ak2-model_2.pdb,6.227421283721924
boltz-2,seed-52-ak2-model_3.pdb,9.15794849395752
boltz-2,seed-52-ak2-model_4.pdb,5.801089286804199
boltz-2,seed-53-ak2-model_0.pdb,5.793924808502197
boltz-2,seed-53-ak2-model_1.pdb,5.977234363555908
boltz-2,seed-53-ak2-model_2.pdb,5.989626884460449
boltz-2,seed-53-ak2-model_3.pdb,9.333409309387209
boltz-2,seed-53-ak2-model_4.pdb,5.969714641571045
boltz-2,seed-54-ak2-model_0.pdb,5.9696784019470215
boltz-2,seed-54-ak2-model_1.pdb,5.829765319824219
boltz-2,seed-54-ak2-model_2.pdb,7.923528671264648
boltz-2,seed-54-ak2-model_3.pdb,9.54874324798584
boltz-2,seed-54-ak2-model_4.pdb,8.840174674987793
boltz-2,seed-55-ak2-model_0.pdb,5.825466156005859
boltz-2,seed-55-ak2-model_1.pdb,8.593534469604492
boltz-2,seed-55-ak2-model_2.pdb,10.547900199890137
boltz-2,seed-55-ak2-model_3.pdb,8.682347297668457
boltz-2,seed-55-ak2-model_4.pdb,8.853950500488281
boltz-2,seed-56-ak2-model_0.pdb,9.288604736328123
boltz-2,seed-56-ak2-model_1.pdb,9.191817283630373
boltz-2,seed-56-ak2-model_2.pdb,5.91269588470459
boltz-2,seed-56-ak2-model_3.pdb,6.052330493927002
boltz-2,seed-56-ak2-model_4.pdb,6.834621429443359
boltz-2,seed-57-ak2-model_0.pdb,5.823383808135986
boltz-2,seed-57-ak2-model_1.pdb,6.725022315979004
boltz-2,seed-57-ak2-model_2.pdb,5.683887481689453
boltz-2,seed-57-ak2-model_3.pdb,5.661991119384766
boltz-2,seed-57-ak2-model_4.pdb,6.305075645446777
boltz-2,seed-58-ak2-model_0.pdb,8.609845161437988
boltz-2,seed-58-ak2-model_1.pdb,7.868786811828613
boltz-2,seed-58-ak2-model_2.pdb,6.067227363586426
boltz-2,seed-58-ak2-model_3.pdb,9.856889724731444
boltz-2,seed-58-ak2-model_4.pdb,8.91657829284668
boltz-2,seed-59-ak2-model_0.pdb,9.154763221740724
boltz-2,seed-59-ak2-model_1.pdb,8.78780460357666
boltz-2,seed-59-ak2-model_2.pdb,8.79794692993164
boltz-2,seed-59-ak2-model_3.pdb,5.706666469573975
boltz-2,seed-59-ak2-model_4.pdb,9.634885787963867
boltz-2,seed-60-ak2-model_0.pdb,5.871788501739502
boltz-2,seed-60-ak2-model_1.pdb,5.987855434417725
boltz-2,seed-60-ak2-model_2.pdb,6.582033157348633
boltz-2,seed-60-ak2-model_3.pdb,5.962285995483398
boltz-2,seed-60-ak2-model_4.pdb,5.863708972930908
boltz-2,seed-61-ak2-model_0.pdb,5.8930768966674805
boltz-2,seed-61-ak2-model_1.pdb,5.819536209106445
boltz-2,seed-61-ak2-model_2.pdb,9.139226913452148
boltz-2,seed-61-ak2-model_3.pdb,6.0805439949035645
boltz-2,seed-61-ak2-model_4.pdb,9.875687599182127
boltz-2,seed-62-ak2-model_0.pdb,5.970522403717041
boltz-2,seed-62-ak2-model_1.pdb,5.777652740478516
boltz-2,seed-62-ak2-model_2.pdb,6.121107578277588
boltz-2,seed-62-ak2-model_3.pdb,5.970911026000977
boltz-2,seed-62-ak2-model_4.pdb,8.671128273010254
boltz-2,seed-63-ak2-model_0.pdb,11.506367683410645
boltz-2,seed-63-ak2-model_1.pdb,8.525945663452148
boltz-2,seed-63-ak2-model_2.pdb,5.824422836303711
boltz-2,seed-63-ak2-model_3.pdb,5.790430068969727
boltz-2,seed-63-ak2-model_4.pdb,9.056797981262209
boltz-2,seed-64-ak2-model_0.pdb,6.053647518157959
boltz-2,seed-64-ak2-model_1.pdb,6.039908409118652
boltz-2,seed-64-ak2-model_2.pdb,5.818378448486328
boltz-2,seed-64-ak2-model_3.pdb,9.26435089111328
boltz-2,seed-64-ak2-model_4.pdb,5.82047700881958
boltz-2,seed-65-ak2-model_0.pdb,5.891963481903076
boltz-2,seed-65-ak2-model_1.pdb,6.034290313720703
boltz-2,seed-65-ak2-model_2.pdb,6.193202018737793
boltz-2,seed-65-ak2-model_3.pdb,6.039230823516846
boltz-2,seed-65-ak2-model_4.pdb,5.795079708099365
boltz-2,seed-66-ak2-model_0.pdb,8.799176216125488
boltz-2,seed-66-ak2-model_1.pdb,5.838912963867188
boltz-2,seed-66-ak2-model_2.pdb,5.873505115509033
boltz-2,seed-66-ak2-model_3.pdb,7.903864860534668
boltz-2,seed-66-ak2-model_4.pdb,7.662345886230469
boltz-2,seed-67-ak2-model_0.pdb,10.801880836486816
boltz-2,seed-67-ak2-model_1.pdb,9.850111961364746
boltz-2,seed-67-ak2-model_2.pdb,9.041289329528809
boltz-2,seed-67-ak2-model_3.pdb,5.887109756469727
boltz-2,seed-67-ak2-model_4.pdb,7.281630992889404
boltz-2,seed-68-ak2-model_0.pdb,5.849198341369629
boltz-2,seed-68-ak2-model_1.pdb,5.930256843566895
boltz-2,seed-68-ak2-model_2.pdb,5.885542869567871
boltz-2,seed-68-ak2-model_3.pdb,6.115751266479492
boltz-2,seed-68-ak2-model_4.pdb,6.543456554412842
boltz-2,seed-69-ak2-model_0.pdb,5.825597763061523
boltz-2,seed-69-ak2-model_1.pdb,5.821956634521484
boltz-2,seed-69-ak2-model_2.pdb,5.946507453918457
boltz-2,seed-69-ak2-model_3.pdb,6.028392314910889
boltz-2,seed-69-ak2-model_4.pdb,9.371530532836914
boltz-2,seed-70-ak2-model_0.pdb,9.353466033935549
boltz-2,seed-70-ak2-model_1.pdb,5.848357200622559
boltz-2,seed-70-ak2-model_2.pdb,9.15060329437256
boltz-2,seed-70-ak2-model_3.pdb,6.127217769622803
boltz-2,seed-70-ak2-model_4.pdb,6.433780670166016
boltz-2,seed-71-ak2-model_0.pdb,5.989078998565674
boltz-2,seed-71-ak2-model_1.pdb,6.716958522796631
boltz-2,seed-71-ak2-model_2.pdb,5.976236343383789
boltz-2,seed-71-ak2-model_3.pdb,6.520765781402588
boltz-2,seed-71-ak2-model_4.pdb,6.252490043640137
boltz-2,seed-72-ak2-model_0.pdb,5.855356693267822
boltz-2,seed-72-ak2-model_1.pdb,5.900673389434815
boltz-2,seed-72-ak2-model_2.pdb,6.207977771759033
boltz-2,seed-72-ak2-model_3.pdb,6.096115589141846
boltz-2,seed-72-ak2-model_4.pdb,6.110421180725098
boltz-2,seed-73-ak2-model_0.pdb,8.300540924072266
boltz-2,seed-73-ak2-model_1.pdb,5.853150367736816
boltz-2,seed-73-ak2-model_2.pdb,6.027182102203369
boltz-2,seed-73-ak2-model_3.pdb,5.707021236419678
boltz-2,seed-73-ak2-model_4.pdb,9.010974884033203
boltz-2,seed-74-ak2-model_0.pdb,8.618371963500977
boltz-2,seed-74-ak2-model_1.pdb,5.748315811157227
boltz-2,seed-74-ak2-model_2.pdb,5.784773349761963
boltz-2,seed-74-ak2-model_3.pdb,5.750078201293945
boltz-2,seed-74-ak2-model_4.pdb,5.9361114501953125
boltz-2,seed-75-ak2-model_0.pdb,6.250771999359131
boltz-2,seed-75-ak2-model_1.pdb,5.893168926239014
boltz-2,seed-75-ak2-model_2.pdb,5.888353824615479
boltz-2,seed-75-ak2-model_3.pdb,6.026757717132568
boltz-2,seed-75-ak2-model_4.pdb,6.112713813781738
boltz-2,seed-76-ak2-model_0.pdb,5.951288223266602
boltz-2,seed-76-ak2-model_1.pdb,5.625095367431641
boltz-2,seed-76-ak2-model_2.pdb,6.607132911682129
boltz-2,seed-76-ak2-model_3.pdb,5.951453685760498
boltz-2,seed-76-ak2-model_4.pdb,5.960764408111572
boltz-2,seed-77-ak2-model_0.pdb,5.989828109741211
boltz-2,seed-77-ak2-model_1.pdb,9.9500150680542
boltz-2,seed-77-ak2-model_2.pdb,5.858686447143555
boltz-2,seed-77-ak2-model_3.pdb,7.558794975280762
boltz-2,seed-77-ak2-model_4.pdb,9.058690071105955
boltz-2,seed-78-ak2-model_0.pdb,6.015686988830566
boltz-2,seed-78-ak2-model_1.pdb,5.890017509460449
boltz-2,seed-78-ak2-model_2.pdb,5.78017520904541
boltz-2,seed-78-ak2-model_3.pdb,9.267141342163086
boltz-2,seed-78-ak2-model_4.pdb,7.925899505615234
boltz-2,seed-79-ak2-model_0.pdb,8.865327835083008
boltz-2,seed-79-ak2-model_1.pdb,5.808609962463379
boltz-2,seed-79-ak2-model_2.pdb,9.564796447753906
boltz-2,seed-79-ak2-model_3.pdb,5.844911098480225
boltz-2,seed-79-ak2-model_4.pdb,7.729160308837891
boltz-2,seed-80-ak2-model_0.pdb,5.840645790100098
boltz-2,seed-80-ak2-model_1.pdb,5.867287635803223
boltz-2,seed-80-ak2-model_2.pdb,8.367066383361816
boltz-2,seed-80-ak2-model_3.pdb,6.132674694061279
boltz-2,seed-80-ak2-model_4.pdb,5.746183395385742
boltz-2,seed-81-ak2-model_0.pdb,5.9320220947265625
boltz-2,seed-81-ak2-model_1.pdb,9.308722496032717
boltz-2,seed-81-ak2-model_2.pdb,5.802744388580322
boltz-2,seed-81-ak2-model_3.pdb,9.43361759185791
boltz-2,seed-81-ak2-model_4.pdb,5.818868637084961
boltz-2,seed-82-ak2-model_0.pdb,9.220381736755373
boltz-2,seed-82-ak2-model_1.pdb,6.833042621612549
boltz-2,seed-82-ak2-model_2.pdb,7.079270839691162
boltz-2,seed-82-ak2-model_3.pdb,5.939775943756104
boltz-2,seed-82-ak2-model_4.pdb,5.828980922698975
boltz-2,seed-83-ak2-model_0.pdb,5.882081508636475
boltz-2,seed-83-ak2-model_1.pdb,6.07724666595459
boltz-2,seed-83-ak2-model_2.pdb,8.46172046661377
boltz-2,seed-83-ak2-model_3.pdb,7.664705753326416
boltz-2,seed-83-ak2-model_4.pdb,9.911579132080078
boltz-2,seed-84-ak2-model_0.pdb,5.922083854675293
boltz-2,seed-84-ak2-model_1.pdb,5.599339485168457
boltz-2,seed-84-ak2-model_2.pdb,9.539870262145996
boltz-2,seed-84-ak2-model_3.pdb,6.135091304779053
boltz-2,seed-84-ak2-model_4.pdb,5.839041709899902
boltz-2,seed-85-ak2-model_0.pdb,8.757745742797852
boltz-2,seed-85-ak2-model_1.pdb,9.402170181274414
boltz-2,seed-85-ak2-model_2.pdb,6.876013278961182
boltz-2,seed-85-ak2-model_3.pdb,9.269575119018556
boltz-2,seed-85-ak2-model_4.pdb,6.036355018615723
boltz-2,seed-86-ak2-model_0.pdb,10.543336868286133
boltz-2,seed-86-ak2-model_1.pdb,5.9461750984191895
boltz-2,seed-86-ak2-model_2.pdb,8.92224407196045
boltz-2,seed-86-ak2-model_3.pdb,6.091954231262207
boltz-2,seed-86-ak2-model_4.pdb,5.839776992797852
boltz-2,seed-87-ak2-model_0.pdb,8.606217384338379
boltz-2,seed-87-ak2-model_1.pdb,8.625250816345215
boltz-2,seed-87-ak2-model_2.pdb,9.571070671081545
boltz-2,seed-87-ak2-model_3.pdb,8.428160667419434
boltz-2,seed-87-ak2-model_4.pdb,5.804401397705078
boltz-2,seed-88-ak2-model_0.pdb,6.597225189208984
boltz-2,seed-88-ak2-model_1.pdb,5.876189231872559
boltz-2,seed-88-ak2-model_2.pdb,6.027060031890869
boltz-2,seed-88-ak2-model_3.pdb,6.00518274307251
boltz-2,seed-88-ak2-model_4.pdb,6.233086109161377
boltz-2,seed-89-ak2-model_0.pdb,6.101221561431885
boltz-2,seed-89-ak2-model_1.pdb,5.944162368774414
boltz-2,seed-89-ak2-model_2.pdb,6.016894817352295
boltz-2,seed-89-ak2-model_3.pdb,5.881948471069336
boltz-2,seed-89-ak2-model_4.pdb,6.554383754730225
boltz-2,seed-90-ak2-model_0.pdb,6.80299711227417
boltz-2,seed-90-ak2-model_1.pdb,5.969923973083496
boltz-2,seed-90-ak2-model_2.pdb,8.374601364135742
boltz-2,seed-90-ak2-model_3.pdb,5.710998058319092
boltz-2,seed-90-ak2-model_4.pdb,6.042760372161865
boltz-2,seed-91-ak2-model_0.pdb,6.208134174346924
boltz-2,seed-91-ak2-model_1.pdb,5.763890743255615
boltz-2,seed-91-ak2-model_2.pdb,6.161410808563232
boltz-2,seed-91-ak2-model_3.pdb,5.935523986816406
boltz-2,seed-91-ak2-model_4.pdb,5.843920707702637
boltz-2,seed-92-ak2-model_0.pdb,6.127163887023926
boltz-2,seed-92-ak2-model_1.pdb,6.078837394714356
boltz-2,seed-92-ak2-model_2.pdb,5.855574607849121
boltz-2,seed-92-ak2-model_3.pdb,6.749699592590332
boltz-2,seed-92-ak2-model_4.pdb,9.01058578491211
boltz-2,seed-93-ak2-model_0.pdb,5.832526683807373
boltz-2,seed-93-ak2-model_1.pdb,5.964359760284424
boltz-2,seed-93-ak2-model_2.pdb,5.96194314956665
boltz-2,seed-93-ak2-model_3.pdb,5.985047817230225
boltz-2,seed-93-ak2-model_4.pdb,5.749078750610352
boltz-2,seed-94-ak2-model_0.pdb,5.913074970245361
boltz-2,seed-94-ak2-model_1.pdb,10.638143539428713
boltz-2,seed-94-ak2-model_2.pdb,5.8398613929748535
boltz-2,seed-94-ak2-model_3.pdb,6.181746959686279
boltz-2,seed-94-ak2-model_4.pdb,6.07684850692749
boltz-2,seed-95-ak2-model_0.pdb,5.377405166625977
boltz-2,seed-95-ak2-model_1.pdb,5.779847621917725
boltz-2,seed-95-ak2-model_2.pdb,10.871850967407228
boltz-2,seed-95-ak2-model_3.pdb,6.6345391273498535
boltz-2,seed-95-ak2-model_4.pdb,5.786860466003418
boltz-2,seed-96-ak2-model_0.pdb,8.131820678710938
boltz-2,seed-96-ak2-model_1.pdb,6.090049743652344
boltz-2,seed-96-ak2-model_2.pdb,6.014165878295898
boltz-2,seed-96-ak2-model_3.pdb,8.702823638916016
boltz-2,seed-96-ak2-model_4.pdb,5.826137065887451
boltz-2,seed-97-ak2-model_0.pdb,5.950758457183838
boltz-2,seed-97-ak2-model_1.pdb,8.61791706085205
boltz-2,seed-97-ak2-model_2.pdb,5.97951602935791
boltz-2,seed-97-ak2-model_3.pdb,5.964995861053467
boltz-2,seed-97-ak2-model_4.pdb,6.094622611999512
boltz-2,seed-98-ak2-model_0.pdb,6.001023292541504
boltz-2,seed-98-ak2-model_1.pdb,8.574304580688477
boltz-2,seed-98-ak2-model_2.pdb,5.968342304229736
boltz-2,seed-98-ak2-model_3.pdb,8.420354843139648
boltz-2,seed-98-ak2-model_4.pdb,6.0208048820495605
boltz-2,seed-99-ak2-model_0.pdb,6.0344977378845215
boltz-2,seed-99-ak2-model_1.pdb,6.6360368728637695
boltz-2,seed-99-ak2-model_2.pdb,6.012672424316406
boltz-2,seed-99-ak2-model_3.pdb,5.78580379486084
boltz-2,seed-99-ak2-model_4.pdb,6.329116821289063
chai,pred.model_idx_0-seed_0.pdb,5.711692333221436
chai,pred.model_idx_0-seed_1.pdb,5.669307708740234
chai,pred.model_idx_0-seed_2.pdb,6.486312389373779
chai,pred.model_idx_0-seed_3.pdb,5.970522880554199
chai,pred.model_idx_0-seed_4.pdb,5.753194332122803
chai,pred.model_idx_0-seed_5.pdb,6.836024284362793
chai,pred.model_idx_0-seed_6.pdb,5.4490461349487305
chai,pred.model_idx_0-seed_7.pdb,5.965561389923096
chai,pred.model_idx_0-seed_8.pdb,9.03615951538086
chai,pred.model_idx_0-seed_9.pdb,5.7228193283081055
chai,pred.model_idx_0-seed_10.pdb,4.37209415435791
chai,pred.model_idx_0-seed_11.pdb,5.598243713378906
chai,pred.model_idx_0-seed_12.pdb,5.3441243171691895
chai,pred.model_idx_0-seed_13.pdb,5.947899341583252
chai,pred.model_idx_0-seed_14.pdb,4.020168781280518
chai,pred.model_idx_0-seed_15.pdb,6.200729370117188
chai,pred.model_idx_0-seed_16.pdb,5.577755451202393
chai,pred.model_idx_0-seed_17.pdb,5.648163318634033
chai,pred.model_idx_0-seed_18.pdb,6.010547637939453
chai,pred.model_idx_0-seed_19.pdb,6.1907877922058105
chai,pred.model_idx_0-seed_20.pdb,6.246466159820557
chai,pred.model_idx_0-seed_21.pdb,7.440275192260742
chai,pred.model_idx_0-seed_22.pdb,5.9477949142456055
chai,pred.model_idx_0-seed_23.pdb,9.579474449157717
chai,pred.model_idx_0-seed_24.pdb,5.7770771980285645
chai,pred.model_idx_0-seed_25.pdb,6.170395851135254
chai,pred.model_idx_0-seed_26.pdb,7.78056001663208
chai,pred.model_idx_0-seed_27.pdb,5.908110618591309
chai,pred.model_idx_0-seed_28.pdb,4.191421985626221
chai,pred.model_idx_0-seed_29.pdb,5.671795845031738
chai,pred.model_idx_0-seed_30.pdb,4.181854724884033
chai,pred.model_idx_0-seed_31.pdb,5.776507377624512
chai,pred.model_idx_0-seed_32.pdb,4.804615020751953
chai,pred.model_idx_0-seed_33.pdb,5.466738700866699
chai,pred.model_idx_0-seed_34.pdb,5.960212707519531
chai,pred.model_idx_0-seed_35.pdb,6.094213962554932
chai,pred.model_idx_0-seed_36.pdb,10.790669441223145
chai,pred.model_idx_0-seed_37.pdb,5.891397953033447
chai,pred.model_idx_0-seed_38.pdb,5.308246612548828
chai,pred.model_idx_0-seed_39.pdb,5.744377613067627
chai,pred.model_idx_0-seed_40.pdb,6.103505611419678
chai,pred.model_idx_0-seed_41.pdb,5.122143268585205
chai,pred.model_idx_0-seed_42.pdb,5.89729118347168
chai,pred.model_idx_0-seed_43.pdb,5.693480014801025
chai,pred.model_idx_0-seed_44.pdb,5.733519077301025
chai,pred.model_idx_0-seed_45.pdb,6.523175239562988
chai,pred.model_idx_0-seed_46.pdb,5.551961898803711
chai,pred.model_idx_0-seed_47.pdb,5.723818302154541
chai,pred.model_idx_0-seed_48.pdb,6.045571327209473
chai,pred.model_idx_0-seed_49.pdb,6.388406753540039
chai,pred.model_idx_0-seed_50.pdb,5.541533946990967
chai,pred.model_idx_0-seed_51.pdb,6.778100967407227
chai,pred.model_idx_0-seed_52.pdb,4.304049491882324
chai,pred.model_idx_0-seed_53.pdb,5.734769821166992
chai,pred.model_idx_0-seed_54.pdb,6.0080246925354
chai,pred.model_idx_0-seed_55.pdb,5.859210968017578
chai,pred.model_idx_0-seed_56.pdb,5.647580623626709
chai,pred.model_idx_0-seed_57.pdb,5.697310924530029
chai,pred.model_idx_0-seed_58.pdb,5.811441421508789
chai,pred.model_idx_0-seed_59.pdb,5.268988609313965
chai,pred.model_idx_0-seed_60.pdb,6.0594258308410645
chai,pred.model_idx_0-seed_61.pdb,5.664575099945068
chai,pred.model_idx_0-seed_62.pdb,5.77032470703125
chai,pred.model_idx_0-seed_63.pdb,5.292727470397949
chai,pred.model_idx_0-seed_64.pdb,5.807852268218994
chai,pred.model_idx_0-seed_65.pdb,5.663159370422363
chai,pred.model_idx_0-seed_66.pdb,5.766812801361084
chai,pred.model_idx_0-seed_67.pdb,7.704248428344727
chai,pred.model_idx_0-seed_68.pdb,5.67423152923584
chai,pred.model_idx_0-seed_69.pdb,6.240508079528809
chai,pred.model_idx_0-seed_70.pdb,6.014022350311279
chai,pred.model_idx_0-seed_71.pdb,5.786546230316162
chai,pred.model_idx_0-seed_72.pdb,5.837405681610107
chai,pred.model_idx_0-seed_73.pdb,5.778621673583984
chai,pred.model_idx_0-seed_74.pdb,5.64659595489502
chai,pred.model_idx_0-seed_75.pdb,6.04400634765625
chai,pred.model_idx_0-seed_76.pdb,5.662443161010742
chai,pred.model_idx_0-seed_77.pdb,5.570720195770264
chai,pred.model_idx_0-seed_78.pdb,5.979780673980713
chai,pred.model_idx_0-seed_79.pdb,5.495244026184082
chai,pred.model_idx_0-seed_80.pdb,5.773407936096191
chai,pred.model_idx_0-seed_81.pdb,5.795871734619141
chai,pred.model_idx_0-seed_82.pdb,5.647890567779541
chai,pred.model_idx_0-seed_83.pdb,5.637282371520996
chai,pred.model_idx_0-seed_84.pdb,6.147680282592773
chai,pred.model_idx_0-seed_85.pdb,5.673181533813477
chai,pred.model_idx_0-seed_86.pdb,5.660199165344238
chai,pred.model_idx_0-seed_87.pdb,5.765676975250244
chai,pred.model_idx_0-seed_88.pdb,5.87369966506958
chai,pred.model_idx_0-seed_89.pdb,5.438258171081543
chai,pred.model_idx_0-seed_90.pdb,5.390172958374023
chai,pred.model_idx_0-seed_91.pdb,5.848901748657227
chai,pred.model_idx_0-seed_92.pdb,5.758730411529541
chai,pred.model_idx_0-seed_93.pdb,5.86152458190918
chai,pred.model_idx_0-seed_94.pdb,6.213250637054443
chai,pred.model_idx_0-seed_95.pdb,5.611969470977783
chai,pred.model_idx_0-seed_96.pdb,5.88805103302002
chai,pred.model_idx_0-seed_97.pdb,5.814591407775879
chai,pred.model_idx_0-seed_98.pdb,5.809835910797119
chai,pred.model_idx_0-seed_99.pdb,5.7283616065979
chai,pred.model_idx_1-seed_0.pdb,5.463729381561279
chai,pred.model_idx_1-seed_1.pdb,5.955804347991943
chai,pred.model_idx_1-seed_2.pdb,5.692463397979736
chai,pred.model_idx_1-seed_3.pdb,6.984638214111328
chai,pred.model_idx_1-seed_4.pdb,6.188474655151367
chai,pred.model_idx_1-seed_5.pdb,5.831263542175293
chai,pred.model_idx_1-seed_6.pdb,5.707371234893799
chai,pred.model_idx_1-seed_7.pdb,5.998112201690674
chai,pred.model_idx_1-seed_8.pdb,5.866759300231934
chai,pred.model_idx_1-seed_9.pdb,5.772466659545898
chai,pred.model_idx_1-seed_10.pdb,5.977278709411621
chai,pred.model_idx_1-seed_11.pdb,5.785593509674072
chai,pred.model_idx_1-seed_12.pdb,5.782971382141113
chai,pred.model_idx_1-seed_13.pdb,6.134067058563232
chai,pred.model_idx_1-seed_14.pdb,5.836593151092529
chai,pred.model_idx_1-seed_15.pdb,5.389983654022217
chai,pred.model_idx_1-seed_16.pdb,5.726090431213379
chai,pred.model_idx_1-seed_17.pdb,5.980559825897217
chai,pred.model_idx_1-seed_18.pdb,6.182376861572266
chai,pred.model_idx_1-seed_19.pdb,5.639591217041016
chai,pred.model_idx_1-seed_20.pdb,6.4858903884887695
chai,pred.model_idx_1-seed_21.pdb,6.975830554962158
chai,pred.model_idx_1-seed_22.pdb,6.044013023376465
chai,pred.model_idx_1-seed_23.pdb,5.681442737579346
chai,pred.model_idx_1-seed_24.pdb,6.009389400482178
chai,pred.model_idx_1-seed_25.pdb,6.425511360168457
chai,pred.model_idx_1-seed_26.pdb,5.551996231079102
chai,pred.model_idx_1-seed_27.pdb,5.516279697418213
chai,pred.model_idx_1-seed_28.pdb,5.716233730316162
chai,pred.model_idx_1-seed_29.pdb,5.947087287902832
chai,pred.model_idx_1-seed_30.pdb,8.257311820983887
chai,pred.model_idx_1-seed_31.pdb,5.754195213317871
chai,pred.model_idx_1-seed_32.pdb,5.765267848968506
chai,pred.model_idx_1-seed_33.pdb,5.988823890686035
chai,pred.model_idx_1-seed_34.pdb,5.540570259094238
chai,pred.model_idx_1-seed_35.pdb,5.906374454498291
chai,pred.model_idx_1-seed_36.pdb,3.8788342475891113
chai,pred.model_idx_1-seed_37.pdb,5.787786960601807
chai,pred.model_idx_1-seed_38.pdb,5.929623603820801
chai,pred.model_idx_1-seed_39.pdb,5.725925922393799
chai,pred.model_idx_1-seed_40.pdb,6.423285007476807
chai,pred.model_idx_1-seed_41.pdb,6.377054691314697
chai,pred.model_idx_1-seed_42.pdb,6.076472282409668
chai,pred.model_idx_1-seed_43.pdb,6.110876560211182
chai,pred.model_idx_1-seed_44.pdb,6.039454460144043
chai,pred.model_idx_1-seed_45.pdb,6.069061756134033
chai,pred.model_idx_1-seed_46.pdb,6.221659660339356
chai,pred.model_idx_1-seed_47.pdb,6.3255767822265625
chai,pred.model_idx_1-seed_48.pdb,5.695173740386963
chai,pred.model_idx_1-seed_49.pdb,6.42336368560791
chai,pred.model_idx_1-seed_50.pdb,5.745887756347656
chai,pred.model_idx_1-seed_51.pdb,6.9028425216674805
chai,pred.model_idx_1-seed_52.pdb,5.9645843505859375
chai,pred.model_idx_1-seed_53.pdb,6.047959804534912
chai,pred.model_idx_1-seed_54.pdb,5.889306545257568
chai,pred.model_idx_1-seed_55.pdb,5.892040252685547
chai,pred.model_idx_1-seed_56.pdb,5.8439717292785645
chai,pred.model_idx_1-seed_57.pdb,7.206180572509766
chai,pred.model_idx_1-seed_58.pdb,5.451498508453369
chai,pred.model_idx_1-seed_59.pdb,5.502196311950684
chai,pred.model_idx_1-seed_60.pdb,5.575201988220215
chai,pred.model_idx_1-seed_61.pdb,5.514625549316406
chai,pred.model_idx_1-seed_62.pdb,5.868409633636475
chai,pred.model_idx_1-seed_63.pdb,6.002357482910156
chai,pred.model_idx_1-seed_64.pdb,5.687020301818848
chai,pred.model_idx_1-seed_65.pdb,5.883585453033447
chai,pred.model_idx_1-seed_66.pdb,5.710257530212402
chai,pred.model_idx_1-seed_67.pdb,7.682919979095459
chai,pred.model_idx_1-seed_68.pdb,6.087335109710693
chai,pred.model_idx_1-seed_69.pdb,5.883561611175537
chai,pred.model_idx_1-seed_70.pdb,5.619632244110107
chai,pred.model_idx_1-seed_71.pdb,5.777591705322266
chai,pred.model_idx_1-seed_72.pdb,6.123993396759033
chai,pred.model_idx_1-seed_73.pdb,6.274345874786377
chai,pred.model_idx_1-seed_74.pdb,5.603748321533203
chai,pred.model_idx_1-seed_75.pdb,5.969095230102539
chai,pred.model_idx_1-seed_76.pdb,5.906954288482666
chai,pred.model_idx_1-seed_77.pdb,6.231359481811523
chai,pred.model_idx_1-seed_78.pdb,5.611033916473389
chai,pred.model_idx_1-seed_79.pdb,6.33404541015625
chai,pred.model_idx_1-seed_80.pdb,5.929462909698486
chai,pred.model_idx_1-seed_81.pdb,5.863322734832764
chai,pred.model_idx_1-seed_82.pdb,5.550140380859375
chai,pred.model_idx_1-seed_83.pdb,5.48103141784668
chai,pred.model_idx_1-seed_84.pdb,6.885913848876953
chai,pred.model_idx_1-seed_85.pdb,5.5976104736328125
chai,pred.model_idx_1-seed_86.pdb,5.704661846160889
chai,pred.model_idx_1-seed_87.pdb,5.758112907409668
chai,pred.model_idx_1-seed_88.pdb,6.02308988571167
chai,pred.model_idx_1-seed_89.pdb,5.863461494445801
chai,pred.model_idx_1-seed_90.pdb,5.848737716674805
chai,pred.model_idx_1-seed_91.pdb,7.376335144042969
chai,pred.model_idx_1-seed_92.pdb,5.915989398956299
chai,pred.model_idx_1-seed_93.pdb,5.784763336181641
chai,pred.model_idx_1-seed_94.pdb,5.25273323059082
chai,pred.model_idx_1-seed_95.pdb,5.453639984130859
chai,pred.model_idx_1-seed_96.pdb,5.895570278167725
chai,pred.model_idx_1-seed_97.pdb,6.174441814422607
chai,pred.model_idx_1-seed_98.pdb,5.979895114898682
chai,pred.model_idx_1-seed_99.pdb,5.652843952178955
chai,pred.model_idx_2-seed_0.pdb,5.6307244300842285
chai,pred.model_idx_2-seed_1.pdb,5.58411979675293
chai,pred.model_idx_2-seed_2.pdb,5.745477199554443
chai,pred.model_idx_2-seed_3.pdb,5.484922409057617
chai,pred.model_idx_2-seed_4.pdb,5.36081600189209
chai,pred.model_idx_2-seed_5.pdb,5.937164306640625
chai,pred.model_idx_2-seed_6.pdb,6.069091320037842
chai,pred.model_idx_2-seed_7.pdb,6.111722469329834
chai,pred.model_idx_2-seed_8.pdb,5.760273456573486
chai,pred.model_idx_2-seed_9.pdb,6.320483684539795
chai,pred.model_idx_2-seed_10.pdb,4.54838752746582
chai,pred.model_idx_2-seed_11.pdb,5.658384799957275
chai,pred.model_idx_2-seed_12.pdb,5.675823211669922
chai,pred.model_idx_2-seed_13.pdb,5.950927734375
chai,pred.model_idx_2-seed_14.pdb,5.566347599029541
chai,pred.model_idx_2-seed_15.pdb,6.369146347045898
chai,pred.model_idx_2-seed_16.pdb,5.906132221221924
chai,pred.model_idx_2-seed_17.pdb,5.800166606903076
chai,pred.model_idx_2-seed_18.pdb,5.6154093742370605
chai,pred.model_idx_2-seed_19.pdb,6.285198211669922
chai,pred.model_idx_2-seed_20.pdb,5.693384647369385
chai,pred.model_idx_2-seed_21.pdb,5.66262149810791
chai,pred.model_idx_2-seed_22.pdb,5.710854530334473
chai,pred.model_idx_2-seed_23.pdb,5.75482988357544
chai,pred.model_idx_2-seed_24.pdb,5.805940628051758
chai,pred.model_idx_2-seed_25.pdb,5.660804748535156
chai,pred.model_idx_2-seed_26.pdb,5.685072422027588
chai,pred.model_idx_2-seed_27.pdb,6.949254989624023
chai,pred.model_idx_2-seed_28.pdb,5.7670207023620605
chai,pred.model_idx_2-seed_29.pdb,5.847633361816406
chai,pred.model_idx_2-seed_30.pdb,6.11327075958252
chai,pred.model_idx_2-seed_31.pdb,6.107655048370361
chai,pred.model_idx_2-seed_32.pdb,5.861764907836914
chai,pred.model_idx_2-seed_33.pdb,5.8094868659973145
chai,pred.model_idx_2-seed_34.pdb,5.717352390289307
chai,pred.model_idx_2-seed_35.pdb,5.7288031578063965
chai,pred.model_idx_2-seed_36.pdb,5.561224460601807
chai,pred.model_idx_2-seed_37.pdb,5.492153644561768
chai,pred.model_idx_2-seed_38.pdb,5.967901706695557
chai,pred.model_idx_2-seed_39.pdb,5.901119232177734
chai,pred.model_idx_2-seed_40.pdb,8.502510070800781
chai,pred.model_idx_2-seed_41.pdb,4.39838171005249
chai,pred.model_idx_2-seed_42.pdb,5.704133987426758
chai,pred.model_idx_2-seed_43.pdb,5.610264778137207
chai,pred.model_idx_2-seed_44.pdb,6.049044132232666
chai,pred.model_idx_2-seed_45.pdb,5.97410249710083
chai,pred.model_idx_2-seed_46.pdb,5.680309295654297
chai,pred.model_idx_2-seed_47.pdb,5.706244468688965
chai,pred.model_idx_2-seed_48.pdb,6.051537990570068
chai,pred.model_idx_2-seed_49.pdb,7.249367713928223
chai,pred.model_idx_2-seed_50.pdb,5.563893795013428
chai,pred.model_idx_2-seed_51.pdb,5.966760635375977
chai,pred.model_idx_2-seed_52.pdb,6.102863311767578
chai,pred.model_idx_2-seed_53.pdb,5.647069931030273
chai,pred.model_idx_2-seed_54.pdb,5.634715080261231
chai,pred.model_idx_2-seed_55.pdb,5.719168663024902
chai,pred.model_idx_2-seed_56.pdb,5.5678300857543945
chai,pred.model_idx_2-seed_57.pdb,6.526715755462647
chai,pred.model_idx_2-seed_58.pdb,5.881473541259766
chai,pred.model_idx_2-seed_59.pdb,4.08165979385376
chai,pred.model_idx_2-seed_60.pdb,5.709404468536377
chai,pred.model_idx_2-seed_61.pdb,5.25071382522583
chai,pred.model_idx_2-seed_62.pdb,5.447594165802002
chai,pred.model_idx_2-seed_63.pdb,5.78420877456665
chai,pred.model_idx_2-seed_64.pdb,4.371492862701416
chai,pred.model_idx_2-seed_65.pdb,5.644270896911621
chai,pred.model_idx_2-seed_66.pdb,10.627615928649902
chai,pred.model_idx_2-seed_67.pdb,6.874609470367432
chai,pred.model_idx_2-seed_68.pdb,5.892745494842529
chai,pred.model_idx_2-seed_69.pdb,5.6157965660095215
chai,pred.model_idx_2-seed_70.pdb,5.76724910736084
chai,pred.model_idx_2-seed_71.pdb,5.546705722808838
chai,pred.model_idx_2-seed_72.pdb,6.069335460662842
chai,pred.model_idx_2-seed_73.pdb,10.056431770324709
chai,pred.model_idx_2-seed_74.pdb,5.887814521789551
chai,pred.model_idx_2-seed_75.pdb,5.837939262390137
chai,pred.model_idx_2-seed_76.pdb,5.5711989402771
chai,pred.model_idx_2-seed_77.pdb,5.900405883789063
chai,pred.model_idx_2-seed_78.pdb,5.594259262084961
chai,pred.model_idx_2-seed_79.pdb,5.836112976074219
chai,pred.model_idx_2-seed_80.pdb,6.947649002075195
chai,pred.model_idx_2-seed_81.pdb,6.249939918518066
chai,pred.model_idx_2-seed_82.pdb,5.71873140335083
chai,pred.model_idx_2-seed_83.pdb,6.096578598022461
chai,pred.model_idx_2-seed_84.pdb,5.647039890289307
chai,pred.model_idx_2-seed_85.pdb,5.632681369781494
chai,pred.model_idx_2-seed_86.pdb,7.496265888214111
chai,pred.model_idx_2-seed_87.pdb,5.595968246459961
chai,pred.model_idx_2-seed_88.pdb,5.851568698883057
chai,pred.model_idx_2-seed_89.pdb,5.937402725219727
chai,pred.model_idx_2-seed_90.pdb,5.51986026763916
chai,pred.model_idx_2-seed_91.pdb,5.65755033493042
chai,pred.model_idx_2-seed_92.pdb,5.982706069946289
chai,pred.model_idx_2-seed_93.pdb,5.797591209411621
chai,pred.model_idx_2-seed_94.pdb,5.721940517425537
chai,pred.model_idx_2-seed_95.pdb,5.991748809814453
chai,pred.model_idx_2-seed_96.pdb,5.750449180603027
chai,pred.model_idx_2-seed_97.pdb,5.322836399078369
chai,pred.model_idx_2-seed_98.pdb,5.027983665466309
chai,pred.model_idx_2-seed_99.pdb,9.682534217834473
chai,pred.model_idx_3-seed_0.pdb,5.90386962890625
chai,pred.model_idx_3-seed_1.pdb,5.808774471282959
chai,pred.model_idx_3-seed_2.pdb,5.455568313598633
chai,pred.model_idx_3-seed_3.pdb,5.820861339569092
chai,pred.model_idx_3-seed_4.pdb,4.665222644805908
chai,pred.model_idx_3-seed_5.pdb,5.675704479217529
chai,pred.model_idx_3-seed_6.pdb,5.381751537322998
chai,pred.model_idx_3-seed_7.pdb,6.194114208221436
chai,pred.model_idx_3-seed_8.pdb,6.265750408172607
chai,pred.model_idx_3-seed_9.pdb,5.302231788635254
chai,pred.model_idx_3-seed_10.pdb,5.4568305015563965
chai,pred.model_idx_3-seed_11.pdb,5.836871147155762
chai,pred.model_idx_3-seed_12.pdb,4.552779674530029
chai,pred.model_idx_3-seed_13.pdb,9.07895565032959
chai,pred.model_idx_3-seed_14.pdb,5.501876831054688
chai,pred.model_idx_3-seed_15.pdb,5.897430419921875
chai,pred.model_idx_3-seed_16.pdb,5.838589191436768
chai,pred.model_idx_3-seed_17.pdb,5.947426795959473
chai,pred.model_idx_3-seed_18.pdb,5.698794364929199
chai,pred.model_idx_3-seed_19.pdb,4.650071144104004
chai,pred.model_idx_3-seed_20.pdb,5.852785110473633
chai,pred.model_idx_3-seed_21.pdb,5.864702701568604
chai,pred.model_idx_3-seed_22.pdb,5.667518138885498
chai,pred.model_idx_3-seed_23.pdb,6.245984554290772
chai,pred.model_idx_3-seed_24.pdb,8.544061660766602
chai,pred.model_idx_3-seed_25.pdb,6.629411697387695
chai,pred.model_idx_3-seed_26.pdb,8.790993690490723
chai,pred.model_idx_3-seed_27.pdb,5.860406398773193
chai,pred.model_idx_3-seed_28.pdb,5.567374706268311
chai,pred.model_idx_3-seed_29.pdb,5.643565654754639
chai,pred.model_idx_3-seed_30.pdb,5.37136173248291
chai,pred.model_idx_3-seed_31.pdb,4.313510894775391
chai,pred.model_idx_3-seed_32.pdb,5.595426559448242
chai,pred.model_idx_3-seed_33.pdb,6.475673198699951
chai,pred.model_idx_3-seed_34.pdb,5.590646743774414
chai,pred.model_idx_3-seed_35.pdb,6.365828990936279
chai,pred.model_idx_3-seed_36.pdb,4.756526470184326
chai,pred.model_idx_3-seed_37.pdb,6.037264823913574
chai,pred.model_idx_3-seed_38.pdb,5.905009746551514
chai,pred.model_idx_3-seed_39.pdb,5.997530937194824
chai,pred.model_idx_3-seed_40.pdb,5.995182514190674
chai,pred.model_idx_3-seed_41.pdb,5.885440826416016
chai,pred.model_idx_3-seed_42.pdb,6.094593048095703
chai,pred.model_idx_3-seed_43.pdb,5.725551605224609
chai,pred.model_idx_3-seed_44.pdb,5.884812831878662
chai,pred.model_idx_3-seed_45.pdb,6.046996116638184
chai,pred.model_idx_3-seed_46.pdb,5.500812530517578
chai,pred.model_idx_3-seed_47.pdb,5.86821985244751
chai,pred.model_idx_3-seed_48.pdb,5.410811901092529
chai,pred.model_idx_3-seed_49.pdb,5.728089332580566
chai,pred.model_idx_3-seed_50.pdb,5.547865390777588
chai,pred.model_idx_3-seed_51.pdb,5.805963039398193
chai,pred.model_idx_3-seed_52.pdb,6.132640838623047
chai,pred.model_idx_3-seed_53.pdb,5.73911714553833
chai,pred.model_idx_3-seed_54.pdb,5.588977336883545
chai,pred.model_idx_3-seed_55.pdb,7.601042747497559
chai,pred.model_idx_3-seed_56.pdb,5.5727152824401855
chai,pred.model_idx_3-seed_57.pdb,5.5945725440979
chai,pred.model_idx_3-seed_58.pdb,5.936413288116455
chai,pred.model_idx_3-seed_59.pdb,5.531233787536621
chai,pred.model_idx_3-seed_60.pdb,5.761015892028809
chai,pred.model_idx_3-seed_61.pdb,5.719074249267578
chai,pred.model_idx_3-seed_62.pdb,4.684349536895752
chai,pred.model_idx_3-seed_63.pdb,5.5462164878845215
chai,pred.model_idx_3-seed_64.pdb,5.8123884201049805
chai,pred.model_idx_3-seed_65.pdb,5.417731761932373
chai,pred.model_idx_3-seed_66.pdb,6.084080696105957
chai,pred.model_idx_3-seed_67.pdb,5.507648468017578
chai,pred.model_idx_3-seed_68.pdb,5.767271518707275
chai,pred.model_idx_3-seed_69.pdb,5.56778621673584
chai,pred.model_idx_3-seed_70.pdb,5.723136425018311
chai,pred.model_idx_3-seed_71.pdb,5.839394092559815
chai,pred.model_idx_3-seed_72.pdb,5.855191230773926
chai,pred.model_idx_3-seed_73.pdb,5.7915449142456055
chai,pred.model_idx_3-seed_74.pdb,5.737432956695557
chai,pred.model_idx_3-seed_75.pdb,5.549342155456543
chai,pred.model_idx_3-seed_76.pdb,4.315829277038574
chai,pred.model_idx_3-seed_77.pdb,6.201943397521973
chai,pred.model_idx_3-seed_78.pdb,10.385560989379885
chai,pred.model_idx_3-seed_79.pdb,5.755966663360596
chai,pred.model_idx_3-seed_80.pdb,5.923402309417725
chai,pred.model_idx_3-seed_81.pdb,10.175299644470217
chai,pred.model_idx_3-seed_82.pdb,7.361975193023682
chai,pred.model_idx_3-seed_83.pdb,5.688459873199463
chai,pred.model_idx_3-seed_84.pdb,5.851192951202393
chai,pred.model_idx_3-seed_85.pdb,5.722830772399902
chai,pred.model_idx_3-seed_86.pdb,5.7705979347229
chai,pred.model_idx_3-seed_87.pdb,5.967370986938477
chai,pred.model_idx_3-seed_88.pdb,5.727321147918701
chai,pred.model_idx_3-seed_89.pdb,5.91218900680542
chai,pred.model_idx_3-seed_90.pdb,5.478756904602051
chai,pred.model_idx_3-seed_91.pdb,4.207039833068848
chai,pred.model_idx_3-seed_92.pdb,5.936461925506592
chai,pred.model_idx_3-seed_93.pdb,5.657246112823486
chai,pred.model_idx_3-seed_94.pdb,6.427407741546631
chai,pred.model_idx_3-seed_95.pdb,4.692973613739014
chai,pred.model_idx_3-seed_96.pdb,5.465670585632324
chai,pred.model_idx_3-seed_97.pdb,6.183712482452393
chai,pred.model_idx_3-seed_98.pdb,5.785188674926758
chai,pred.model_idx_3-seed_99.pdb,5.621811866760254
chai,pred.model_idx_4-seed_0.pdb,5.890848159790039
chai,pred.model_idx_4-seed_1.pdb,5.689755916595459
chai,pred.model_idx_4-seed_2.pdb,5.891538619995117
chai,pred.model_idx_4-seed_3.pdb,5.649134159088135
chai,pred.model_idx_4-seed_4.pdb,6.43353796005249
chai,pred.model_idx_4-seed_5.pdb,6.00809383392334
chai,pred.model_idx_4-seed_6.pdb,6.013429641723633
chai,pred.model_idx_4-seed_7.pdb,6.782430171966553
chai,pred.model_idx_4-seed_8.pdb,5.205441474914551
chai,pred.model_idx_4-seed_9.pdb,5.9347357749938965
chai,pred.model_idx_4-seed_10.pdb,6.281010150909424
chai,pred.model_idx_4-seed_11.pdb,5.397258281707764
chai,pred.model_idx_4-seed_12.pdb,6.003641605377197
chai,pred.model_idx_4-seed_13.pdb,5.535946846008301
chai,pred.model_idx_4-seed_14.pdb,6.031917572021484
chai,pred.model_idx_4-seed_15.pdb,6.349949836730957
chai,pred.model_idx_4-seed_16.pdb,5.611789226531982
chai,pred.model_idx_4-seed_17.pdb,5.841093063354492
chai,pred.model_idx_4-seed_18.pdb,4.7246527671813965
chai,pred.model_idx_4-seed_19.pdb,5.5239691734313965
chai,pred.model_idx_4-seed_20.pdb,5.701655387878418
chai,pred.model_idx_4-seed_21.pdb,5.390168190002441
chai,pred.model_idx_4-seed_22.pdb,5.917949676513672
chai,pred.model_idx_4-seed_23.pdb,5.804061412811279
chai,pred.model_idx_4-seed_24.pdb,5.756753444671631
chai,pred.model_idx_4-seed_25.pdb,6.28324556350708
chai,pred.model_idx_4-seed_26.pdb,5.518270492553711
chai,pred.model_idx_4-seed_27.pdb,5.697259426116943
chai,pred.model_idx_4-seed_28.pdb,5.837224960327148
chai,pred.model_idx_4-seed_29.pdb,5.60618257522583
chai,pred.model_idx_4-seed_30.pdb,5.5246100425720215
chai,pred.model_idx_4-seed_31.pdb,4.030542373657227
chai,pred.model_idx_4-seed_32.pdb,6.064026832580566
chai,pred.model_idx_4-seed_33.pdb,5.67333984375
chai,pred.model_idx_4-seed_34.pdb,5.513476848602295
chai,pred.model_idx_4-seed_35.pdb,6.1273393630981445
chai,pred.model_idx_4-seed_36.pdb,5.988139152526856
chai,pred.model_idx_4-seed_37.pdb,5.556745052337647
chai,pred.model_idx_4-seed_38.pdb,4.446214199066162
chai,pred.model_idx_4-seed_39.pdb,10.936924934387209
chai,pred.model_idx_4-seed_40.pdb,6.252740859985352
chai,pred.model_idx_4-seed_41.pdb,5.72935152053833
chai,pred.model_idx_4-seed_42.pdb,4.319514274597168
chai,pred.model_idx_4-seed_43.pdb,5.653533935546875
chai,pred.model_idx_4-seed_44.pdb,4.000452041625977
chai,pred.model_idx_4-seed_45.pdb,5.400752544403076
chai,pred.model_idx_4-seed_46.pdb,6.658930778503418
chai,pred.model_idx_4-seed_47.pdb,5.964428901672363
chai,pred.model_idx_4-seed_48.pdb,5.724867343902588
chai,pred.model_idx_4-seed_49.pdb,7.504909038543701
chai,pred.model_idx_4-seed_50.pdb,5.742358207702637
chai,pred.model_idx_4-seed_51.pdb,5.891112804412842
chai,pred.model_idx_4-seed_52.pdb,5.74803352355957
chai,pred.model_idx_4-seed_53.pdb,5.839768886566162
chai,pred.model_idx_4-seed_54.pdb,5.915574073791504
chai,pred.model_idx_4-seed_55.pdb,5.864377021789551
chai,pred.model_idx_4-seed_56.pdb,5.630458831787109
chai,pred.model_idx_4-seed_57.pdb,7.602396488189697
chai,pred.model_idx_4-seed_58.pdb,7.557258129119873
chai,pred.model_idx_4-seed_59.pdb,5.796487331390381
chai,pred.model_idx_4-seed_60.pdb,5.801366806030273
chai,pred.model_idx_4-seed_61.pdb,5.857910633087158
chai,pred.model_idx_4-seed_62.pdb,5.984126091003418
chai,pred.model_idx_4-seed_63.pdb,6.130586624145508
chai,pred.model_idx_4-seed_64.pdb,5.723697662353516
chai,pred.model_idx_4-seed_65.pdb,6.080392837524414
chai,pred.model_idx_4-seed_66.pdb,5.793727397918701
chai,pred.model_idx_4-seed_67.pdb,4.538058280944824
chai,pred.model_idx_4-seed_68.pdb,4.488595008850098
chai,pred.model_idx_4-seed_69.pdb,6.06801700592041
chai,pred.model_idx_4-seed_70.pdb,5.825051784515381
chai,pred.model_idx_4-seed_71.pdb,5.921701908111572
chai,pred.model_idx_4-seed_72.pdb,5.533635139465332
chai,pred.model_idx_4-seed_73.pdb,5.463354587554932
chai,pred.model_idx_4-seed_74.pdb,6.201475620269775
chai,pred.model_idx_4-seed_75.pdb,5.793720722198486
chai,pred.model_idx_4-seed_76.pdb,4.615399360656738
chai,pred.model_idx_4-seed_77.pdb,5.917891502380371
chai,pred.model_idx_4-seed_78.pdb,6.094750881195068
chai,pred.model_idx_4-seed_79.pdb,5.685761451721191
chai,pred.model_idx_4-seed_80.pdb,6.097797393798828
chai,pred.model_idx_4-seed_81.pdb,5.19090747833252
chai,pred.model_idx_4-seed_82.pdb,5.6673994064331055
chai,pred.model_idx_4-seed_83.pdb,4.438986301422119
chai,pred.model_idx_4-seed_84.pdb,4.730299472808838
chai,pred.model_idx_4-seed_85.pdb,5.639884948730469
chai,pred.model_idx_4-seed_86.pdb,4.542642593383789
chai,pred.model_idx_4-seed_87.pdb,6.291847229003906
chai,pred.model_idx_4-seed_88.pdb,5.6948957443237305
chai,pred.model_idx_4-seed_89.pdb,6.014574527740479
chai,pred.model_idx_4-seed_90.pdb,5.727736949920654
chai,pred.model_idx_4-seed_91.pdb,5.631216049194336
chai,pred.model_idx_4-seed_92.pdb,5.810239791870117
chai,pred.model_idx_4-seed_93.pdb,5.422494888305664
chai,pred.model_idx_4-seed_94.pdb,5.711729526519775
chai,pred.model_idx_4-seed_95.pdb,5.613702774047852
chai,pred.model_idx_4-seed_96.pdb,5.4192328453063965
chai,pred.model_idx_4-seed_97.pdb,5.648709774017334
chai,pred.model_idx_4-seed_98.pdb,5.823785781860352
chai,pred.model_idx_4-seed_99.pdb,6.04079532623291
minniefold,ak2-scenario1_0_unrelaxed_rank_001_alphafold2_multimer_v1_model_5_seed_003.pdb,6.340092658996582
minniefold,ak2-scenario1_0_unrelaxed_rank_002_alphafold2_multimer_v1_model_3_seed_001.pdb,6.256125926971436
minniefold,ak2-scenario1_0_unrelaxed_rank_003_alphafold2_multimer_v1_model_3_seed_003.pdb,6.305140018463135
minniefold,ak2-scenario1_0_unrelaxed_rank_004_alphafold2_multimer_v1_model_1_seed_001.pdb,6.278407573699951
minniefold,ak2-scenario1_0_unrelaxed_rank_005_alphafold2_multimer_v1_model_4_seed_001.pdb,6.300110816955566
minniefold,ak2-scenario1_0_unrelaxed_rank_006_alphafold2_multimer_v1_model_5_seed_002.pdb,6.302055358886719
minniefold,ak2-scenario1_0_unrelaxed_rank_007_alphafold2_multimer_v1_model_1_seed_000.pdb,6.235199451446533
minniefold,ak2-scenario1_0_unrelaxed_rank_008_alphafold2_multimer_v1_model_4_seed_003.pdb,6.321410655975342
minniefold,ak2-scenario1_0_unrelaxed_rank_009_alphafold2_multimer_v1_model_5_seed_000.pdb,6.322276592254639
minniefold,ak2-scenario1_0_unrelaxed_rank_010_alphafold2_multimer_v1_model_3_seed_000.pdb,6.222144603729248
minniefold,ak2-scenario1_0_unrelaxed_rank_011_alphafold2_multimer_v1_model_1_seed_003.pdb,6.337216377258301
minniefold,ak2-scenario1_0_unrelaxed_rank_012_alphafold2_multimer_v1_model_5_seed_001.pdb,6.312348365783691
minniefold,ak2-scenario1_0_unrelaxed_rank_013_alphafold2_multimer_v1_model_3_seed_002.pdb,6.315374374389648
minniefold,ak2-scenario1_0_unrelaxed_rank_014_alphafold2_multimer_v1_model_2_seed_001.pdb,6.106021404266357
minniefold,ak2-scenario1_0_unrelaxed_rank_015_alphafold2_multimer_v1_model_2_seed_003.pdb,6.188270092010498
minniefold,ak2-scenario1_0_unrelaxed_rank_016_alphafold2_multimer_v1_model_4_seed_002.pdb,6.302757740020752
minniefold,ak2-scenario1_0_unrelaxed_rank_017_alphafold2_multimer_v1_model_2_seed_000.pdb,6.108038425445557
minniefold,ak2-scenario1_0_unrelaxed_rank_018_alphafold2_multimer_v1_model_2_seed_002.pdb,6.145679473876953
minniefold,ak2-scenario1_0_unrelaxed_rank_019_alphafold2_multimer_v1_model_1_seed_002.pdb,6.284514427185059
minniefold,ak2-scenario1_0_unrelaxed_rank_020_alphafold2_multimer_v1_model_4_seed_000.pdb,6.325356483459473
minniefold,ak2-scenario2_0_unrelaxed_rank_001_alphafold2_multimer_v2_model_1_seed_000.pdb,6.223880767822266
minniefold,ak2-scenario2_0_unrelaxed_rank_002_alphafold2_multimer_v2_model_3_seed_000.pdb,6.189316272735596
minniefold,ak2-scenario2_0_unrelaxed_rank_003_alphafold2_multimer_v2_model_4_seed_000.pdb,6.208700656890869
minniefold,ak2-scenario2_0_unrelaxed_rank_004_alphafold2_multimer_v2_model_1_seed_001.pdb,6.114497661590576
minniefold,ak2-scenario2_0_unrelaxed_rank_005_alphafold2_multimer_v2_model_2_seed_000.pdb,6.256109237670898
minniefold,ak2-scenario2_0_unrelaxed_rank_006_alphafold2_multimer_v2_model_5_seed_000.pdb,6.251120090484619
minniefold,ak2-scenario2_0_unrelaxed_rank_007_alphafold2_multimer_v2_model_4_seed_001.pdb,6.133098125457764
minniefold,ak2-scenario2_0_unrelaxed_rank_008_alphafold2_multimer_v2_model_1_seed_003.pdb,6.17024564743042
minniefold,ak2-scenario2_0_unrelaxed_rank_009_alphafold2_multimer_v2_model_3_seed_001.pdb,6.104191780090332
minniefold,ak2-scenario2_0_unrelaxed_rank_010_alphafold2_multimer_v2_model_3_seed_003.pdb,6.196953296661377
minniefold,ak2-scenario2_0_unrelaxed_rank_011_alphafold2_multimer_v2_model_2_seed_001.pdb,6.149167537689209
minniefold,ak2-scenario2_0_unrelaxed_rank_012_alphafold2_multimer_v2_model_5_seed_003.pdb,6.242411613464356
minniefold,ak2-scenario2_0_unrelaxed_rank_013_alphafold2_multimer_v2_model_1_seed_002.pdb,6.167161464691162
minniefold,ak2-scenario2_0_unrelaxed_rank_014_alphafold2_multimer_v2_model_3_seed_002.pdb,6.146894931793213
minniefold,ak2-scenario2_0_unrelaxed_rank_015_alphafold2_multimer_v2_model_2_seed_003.pdb,6.253427028656006
minniefold,ak2-scenario2_0_unrelaxed_rank_016_alphafold2_multimer_v2_model_5_seed_001.pdb,6.152917861938477
minniefold,ak2-scenario2_0_unrelaxed_rank_017_alphafold2_multimer_v2_model_4_seed_003.pdb,6.230080604553223
minniefold,ak2-scenario2_0_unrelaxed_rank_018_alphafold2_multimer_v2_model_4_seed_002.pdb,6.133177757263184
minniefold,ak2-scenario2_0_unrelaxed_rank_019_alphafold2_multimer_v2_model_2_seed_002.pdb,6.210151195526123
minniefold,ak2-scenario2_0_unrelaxed_rank_020_alphafold2_multimer_v2_model_5_seed_002.pdb,6.210264205932617
minniefold,ak2-scenario3_0_unrelaxed_rank_001_alphafold2_multimer_v3_model_5_seed_000.pdb,6.20539665222168
minniefold,ak2-scenario3_0_unrelaxed_rank_002_alphafold2_multimer_v3_model_3_seed_000.pdb,6.151477336883545
minniefold,ak2-scenario3_0_unrelaxed_rank_003_alphafold2_multimer_v3_model_5_seed_003.pdb,6.244412422180176
minniefold,ak2-scenario3_0_unrelaxed_rank_004_alphafold2_multimer_v3_model_5_seed_001.pdb,6.137813568115234
minniefold,ak2-scenario3_0_unrelaxed_rank_005_alphafold2_multimer_v3_model_3_seed_001.pdb,6.058868885040283
minniefold,ak2-scenario3_0_unrelaxed_rank_006_alphafold2_multimer_v3_model_3_seed_003.pdb,6.168079853057861
minniefold,ak2-scenario3_0_unrelaxed_rank_007_alphafold2_multimer_v3_model_1_seed_001.pdb,6.095953941345215
minniefold,ak2-scenario3_0_unrelaxed_rank_008_alphafold2_multimer_v3_model_5_seed_002.pdb,6.151170253753662
minniefold,ak2-scenario3_0_unrelaxed_rank_009_alphafold2_multimer_v3_model_4_seed_000.pdb,6.260761737823486
minniefold,ak2-scenario3_0_unrelaxed_rank_010_alphafold2_multimer_v3_model_2_seed_000.pdb,6.2126288414001465
minniefold,ak2-scenario3_0_unrelaxed_rank_011_alphafold2_multimer_v3_model_1_seed_000.pdb,6.182010173797607
minniefold,ak2-scenario3_0_unrelaxed_rank_012_alphafold2_multimer_v3_model_3_seed_002.pdb,6.061308860778809
minniefold,ak2-scenario3_0_unrelaxed_rank_013_alphafold2_multimer_v3_model_4_seed_001.pdb,6.133317947387695
minniefold,ak2-scenario3_0_unrelaxed_rank_014_alphafold2_multimer_v3_model_1_seed_003.pdb,6.166221618652344
minniefold,ak2-scenario3_0_unrelaxed_rank_015_alphafold2_multimer_v3_model_1_seed_002.pdb,6.134975433349609
minniefold,ak2-scenario3_0_unrelaxed_rank_016_alphafold2_multimer_v3_model_4_seed_003.pdb,6.228106498718262
minniefold,ak2-scenario3_0_unrelaxed_rank_017_alphafold2_multimer_v3_model_2_seed_001.pdb,6.159123420715332
minniefold,ak2-scenario3_0_unrelaxed_rank_018_alphafold2_multimer_v3_model_4_seed_002.pdb,6.153074741363525
minniefold,ak2-scenario3_0_unrelaxed_rank_019_alphafold2_multimer_v3_model_2_seed_003.pdb,6.224103927612305
minniefold,ak2-scenario3_0_unrelaxed_rank_020_alphafold2_multimer_v3_model_2_seed_002.pdb,6.176756858825684
minniefold,ak2-scenario4_0_unrelaxed_rank_001_alphafold2_multimer_v1_model_3_seed_003.pdb,6.350636005401611
minniefold,ak2-scenario4_0_unrelaxed_rank_002_alphafold2_multimer_v1_model_3_seed_001.pdb,6.276219844818115
minniefold,ak2-scenario4_0_unrelaxed_rank_003_alphafold2_multimer_v1_model_5_seed_003.pdb,6.34337043762207
minniefold,ak2-scenario4_0_unrelaxed_rank_004_alphafold2_multimer_v1_model_3_seed_000.pdb,6.21190071105957
minniefold,ak2-scenario4_0_unrelaxed_rank_005_alphafold2_multimer_v1_model_1_seed_001.pdb,6.3048200607299805
minniefold,ak2-scenario4_0_unrelaxed_rank_006_alphafold2_multimer_v1_model_5_seed_001.pdb,6.331591606140137
minniefold,ak2-scenario4_0_unrelaxed_rank_007_alphafold2_multimer_v1_model_5_seed_002.pdb,6.317610263824463
minniefold,ak2-scenario4_0_unrelaxed_rank_008_alphafold2_multimer_v1_model_3_seed_002.pdb,6.332681179046631
minniefold,ak2-scenario4_0_unrelaxed_rank_009_alphafold2_multimer_v1_model_4_seed_001.pdb,6.279852390289307
minniefold,ak2-scenario4_0_unrelaxed_rank_010_alphafold2_multimer_v1_model_2_seed_001.pdb,6.134489059448242
minniefold,ak2-scenario4_0_unrelaxed_rank_011_alphafold2_multimer_v1_model_2_seed_003.pdb,6.211772441864014
minniefold,ak2-scenario4_0_unrelaxed_rank_012_alphafold2_multimer_v1_model_2_seed_002.pdb,6.183081150054932
minniefold,ak2-scenario4_0_unrelaxed_rank_013_alphafold2_multimer_v1_model_1_seed_002.pdb,6.2948102951049805
minniefold,ak2-scenario4_0_unrelaxed_rank_014_alphafold2_multimer_v1_model_4_seed_003.pdb,6.307737350463867
minniefold,ak2-scenario4_0_unrelaxed_rank_015_alphafold2_multimer_v1_model_1_seed_003.pdb,6.359373569488525
minniefold,ak2-scenario4_0_unrelaxed_rank_016_alphafold2_multimer_v1_model_5_seed_000.pdb,6.272514820098877
minniefold,ak2-scenario4_0_unrelaxed_rank_017_alphafold2_multimer_v1_model_1_seed_000.pdb,6.241656303405762
minniefold,ak2-scenario4_0_unrelaxed_rank_018_alphafold2_multimer_v1_model_2_seed_000.pdb,6.119892120361328
minniefold,ak2-scenario4_0_unrelaxed_rank_019_alphafold2_multimer_v1_model_4_seed_002.pdb,6.32929277420044
minniefold,ak2-scenario4_0_unrelaxed_rank_020_alphafold2_multimer_v1_model_4_seed_000.pdb,6.290286064147949
minniefold,ak2-scenario5_0_unrelaxed_rank_001_alphafold2_multimer_v2_model_1_seed_000.pdb,6.22153377532959
minniefold,ak2-scenario5_0_unrelaxed_rank_002_alphafold2_multimer_v2_model_3_seed_000.pdb,6.189770698547363
minniefold,ak2-scenario5_0_unrelaxed_rank_003_alphafold2_multimer_v2_model_4_seed_000.pdb,6.21738862991333
minniefold,ak2-scenario5_0_unrelaxed_rank_004_alphafold2_multimer_v2_model_1_seed_001.pdb,6.116495609283447
minniefold,ak2-scenario5_0_unrelaxed_rank_005_alphafold2_multimer_v2_model_1_seed_003.pdb,6.175783634185791
minniefold,ak2-scenario5_0_unrelaxed_rank_006_alphafold2_multimer_v2_model_2_seed_000.pdb,6.247594833374023
minniefold,ak2-scenario5_0_unrelaxed_rank_007_alphafold2_multimer_v2_model_5_seed_000.pdb,6.265130519866943
minniefold,ak2-scenario5_0_unrelaxed_rank_008_alphafold2_multimer_v2_model_4_seed_001.pdb,6.126057147979736
minniefold,ak2-scenario5_0_unrelaxed_rank_009_alphafold2_multimer_v2_model_3_seed_001.pdb,6.1046462059021
minniefold,ak2-scenario5_0_unrelaxed_rank_010_alphafold2_multimer_v2_model_3_seed_003.pdb,6.198224067687988
minniefold,ak2-scenario5_0_unrelaxed_rank_011_alphafold2_multimer_v2_model_4_seed_003.pdb,6.254046440124512
minniefold,ak2-scenario5_0_unrelaxed_rank_012_alphafold2_multimer_v2_model_2_seed_001.pdb,6.14778995513916
minniefold,ak2-scenario5_0_unrelaxed_rank_013_alphafold2_multimer_v2_model_5_seed_003.pdb,6.237002372741699
minniefold,ak2-scenario5_0_unrelaxed_rank_014_alphafold2_multimer_v2_model_1_seed_002.pdb,6.172182083129883
minniefold,ak2-scenario5_0_unrelaxed_rank_015_alphafold2_multimer_v2_model_2_seed_002.pdb,6.213232517242432
minniefold,ak2-scenario5_0_unrelaxed_rank_016_alphafold2_multimer_v2_model_3_seed_002.pdb,6.137454986572266
minniefold,ak2-scenario5_0_unrelaxed_rank_017_alphafold2_multimer_v2_model_2_seed_003.pdb,6.246859550476074
minniefold,ak2-scenario5_0_unrelaxed_rank_018_alphafold2_multimer_v2_model_5_seed_001.pdb,6.167597770690918
minniefold,ak2-scenario5_0_unrelaxed_rank_019_alphafold2_multimer_v2_model_4_seed_002.pdb,6.136842250823975
minniefold,ak2-scenario5_0_unrelaxed_rank_020_alphafold2_multimer_v2_model_5_seed_002.pdb,6.202664852142334
minniefold,ak2-scenario6_0_unrelaxed_rank_001_alphafold2_multimer_v3_model_5_seed_000.pdb,6.210165500640869
minniefold,ak2-scenario6_0_unrelaxed_rank_002_alphafold2_multimer_v3_model_3_seed_000.pdb,6.14837646484375
minniefold,ak2-scenario6_0_unrelaxed_rank_003_alphafold2_multimer_v3_model_5_seed_003.pdb,6.238992691040039
minniefold,ak2-scenario6_0_unrelaxed_rank_004_alphafold2_multimer_v3_model_1_seed_001.pdb,6.094127178192139
minniefold,ak2-scenario6_0_unrelaxed_rank_005_alphafold2_multimer_v3_model_2_seed_000.pdb,6.2005720138549805
minniefold,ak2-scenario6_0_unrelaxed_rank_006_alphafold2_multimer_v3_model_4_seed_000.pdb,6.252832889556885
minniefold,ak2-scenario6_0_unrelaxed_rank_007_alphafold2_multimer_v3_model_1_seed_000.pdb,6.178699970245361
minniefold,ak2-scenario6_0_unrelaxed_rank_008_alphafold2_multimer_v3_model_1_seed_003.pdb,6.170528411865234
minniefold,ak2-scenario6_0_unrelaxed_rank_009_alphafold2_multimer_v3_model_5_seed_002.pdb,6.161370754241943
minniefold,ak2-scenario6_0_unrelaxed_rank_010_alphafold2_multimer_v3_model_3_seed_003.pdb,6.140574455261231
minniefold,ak2-scenario6_0_unrelaxed_rank_011_alphafold2_multimer_v3_model_1_seed_002.pdb,6.138839244842529
minniefold,ak2-scenario6_0_unrelaxed_rank_012_alphafold2_multimer_v3_model_2_seed_001.pdb,6.143680572509766
minniefold,ak2-scenario6_0_unrelaxed_rank_013_alphafold2_multimer_v3_model_4_seed_001.pdb,6.125179767608643
minniefold,ak2-scenario6_0_unrelaxed_rank_014_alphafold2_multimer_v3_model_3_seed_002.pdb,6.057141304016113
minniefold,ak2-scenario6_0_unrelaxed_rank_015_alphafold2_multimer_v3_model_4_seed_003.pdb,6.237756729125977
minniefold,ak2-scenario6_0_unrelaxed_rank_016_alphafold2_multimer_v3_model_5_seed_001.pdb,6.133153438568115
minniefold,ak2-scenario6_0_unrelaxed_rank_017_alphafold2_multimer_v3_model_3_seed_001.pdb,6.023027896881104
minniefold,ak2-scenario6_0_unrelaxed_rank_018_alphafold2_multimer_v3_model_4_seed_002.pdb,6.137955188751221
minniefold,ak2-scenario6_0_unrelaxed_rank_019_alphafold2_multimer_v3_model_2_seed_003.pdb,6.206007480621338
minniefold,ak2-scenario6_0_unrelaxed_rank_020_alphafold2_multimer_v3_model_2_seed_002.pdb,6.149394035339356
minniefold,ak2-scenario7_0_unrelaxed_rank_001_alphafold2_multimer_v1_model_3_seed_001.pdb,6.164010524749756
minniefold,ak2-scenario7_0_unrelaxed_rank_002_alphafold2_multimer_v1_model_3_seed_003.pdb,6.112097263336182
minniefold,ak2-scenario7_0_unrelaxed_rank_003_alphafold2_multimer_v1_model_3_seed_000.pdb,6.234557628631592
minniefold,ak2-scenario7_0_unrelaxed_rank_004_alphafold2_multimer_v1_model_5_seed_003.pdb,6.252741813659668
minniefold,ak2-scenario7_0_unrelaxed_rank_005_alphafold2_multimer_v1_model_4_seed_003.pdb,6.203300952911377
minniefold,ak2-scenario7_0_unrelaxed_rank_006_alphafold2_multimer_v1_model_5_seed_001.pdb,6.216347694396973
minniefold,ak2-scenario7_0_unrelaxed_rank_007_alphafold2_multimer_v1_model_3_seed_002.pdb,6.245144844055176
minniefold,ak2-scenario7_0_unrelaxed_rank_008_alphafold2_multimer_v1_model_5_seed_000.pdb,6.313541889190674
minniefold,ak2-scenario7_0_unrelaxed_rank_009_alphafold2_multimer_v1_model_2_seed_003.pdb,5.959451675415039
minniefold,ak2-scenario7_0_unrelaxed_rank_010_alphafold2_multimer_v1_model_5_seed_002.pdb,6.266610145568848
minniefold,ak2-scenario7_0_unrelaxed_rank_011_alphafold2_multimer_v1_model_4_seed_001.pdb,6.181889057159424
minniefold,ak2-scenario7_0_unrelaxed_rank_012_alphafold2_multimer_v1_model_1_seed_003.pdb,6.123195171356201
minniefold,ak2-scenario7_0_unrelaxed_rank_013_alphafold2_multimer_v1_model_2_seed_002.pdb,6.086918830871582
minniefold,ak2-scenario7_0_unrelaxed_rank_014_alphafold2_multimer_v1_model_2_seed_000.pdb,6.1409831047058105
minniefold,ak2-scenario7_0_unrelaxed_rank_015_alphafold2_multimer_v1_model_1_seed_002.pdb,6.224950313568115
minniefold,ak2-scenario7_0_unrelaxed_rank_016_alphafold2_multimer_v1_model_1_seed_001.pdb,6.218343257904053
minniefold,ak2-scenario7_0_unrelaxed_rank_017_alphafold2_multimer_v1_model_4_seed_002.pdb,6.285583972930908
minniefold,ak2-scenario7_0_unrelaxed_rank_018_alphafold2_multimer_v1_model_2_seed_001.pdb,6.014455318450928
minniefold,ak2-scenario7_0_unrelaxed_rank_019_alphafold2_multimer_v1_model_4_seed_000.pdb,6.307157039642334
minniefold,ak2-scenario7_0_unrelaxed_rank_020_alphafold2_multimer_v1_model_1_seed_000.pdb,6.312716960906982
minniefold,ak2-scenario8_0_unrelaxed_rank_001_alphafold2_multimer_v1_model_3_seed_003.pdb,6.185704231262207
minniefold,ak2-scenario8_0_unrelaxed_rank_002_alphafold2_multimer_v1_model_5_seed_003.pdb,6.290187358856201
minniefold,ak2-scenario8_0_unrelaxed_rank_003_alphafold2_multimer_v1_model_3_seed_000.pdb,6.24838924407959
minniefold,ak2-scenario8_0_unrelaxed_rank_004_alphafold2_multimer_v1_model_5_seed_000.pdb,6.32352876663208
minniefold,ak2-scenario8_0_unrelaxed_rank_005_alphafold2_multimer_v1_model_3_seed_002.pdb,6.151610851287842
minniefold,ak2-scenario8_0_unrelaxed_rank_006_alphafold2_multimer_v1_model_3_seed_001.pdb,6.207797050476074
minniefold,ak2-scenario8_0_unrelaxed_rank_007_alphafold2_multimer_v1_model_1_seed_003.pdb,6.206960201263428
minniefold,ak2-scenario8_0_unrelaxed_rank_008_alphafold2_multimer_v1_model_4_seed_003.pdb,6.280951023101807
minniefold,ak2-scenario8_0_unrelaxed_rank_009_alphafold2_multimer_v1_model_2_seed_003.pdb,6.064567565917969
minniefold,ak2-scenario8_0_unrelaxed_rank_010_alphafold2_multimer_v1_model_4_seed_000.pdb,6.360888481140137
minniefold,ak2-scenario8_0_unrelaxed_rank_011_alphafold2_multimer_v1_model_5_seed_001.pdb,6.271603107452393
minniefold,ak2-scenario8_0_unrelaxed_rank_012_alphafold2_multimer_v1_model_2_seed_000.pdb,6.140441417694092
minniefold,ak2-scenario8_0_unrelaxed_rank_013_alphafold2_multimer_v1_model_2_seed_001.pdb,6.0078301429748535
minniefold,ak2-scenario8_0_unrelaxed_rank_014_alphafold2_multimer_v1_model_1_seed_000.pdb,6.315647125244141
minniefold,ak2-scenario8_0_unrelaxed_rank_015_alphafold2_multimer_v1_model_5_seed_002.pdb,6.216780185699463
minniefold,ak2-scenario8_0_unrelaxed_rank_016_alphafold2_multimer_v1_model_4_seed_002.pdb,6.247832775115967
minniefold,ak2-scenario8_0_unrelaxed_rank_017_alphafold2_multimer_v1_model_4_seed_001.pdb,6.262586116790772
minniefold,ak2-scenario8_0_unrelaxed_rank_018_alphafold2_multimer_v1_model_1_seed_001.pdb,6.198687553405762
minniefold,ak2-scenario8_0_unrelaxed_rank_019_alphafold2_multimer_v1_model_2_seed_002.pdb,6.001310348510742
minniefold,ak2-scenario8_0_unrelaxed_rank_020_alphafold2_multimer_v1_model_1_seed_002.pdb,6.216720581054688
minniefold,ak2-scenario9_0_unrelaxed_rank_001_alphafold2_multimer_v2_model_1_seed_002.pdb,6.239406108856201
minniefold,ak2-scenario9_0_unrelaxed_rank_002_alphafold2_multimer_v2_model_1_seed_003.pdb,6.159284114837647
minniefold,ak2-scenario9_0_unrelaxed_rank_003_alphafold2_multimer_v2_model_4_seed_002.pdb,6.256133079528809
minniefold,ak2-scenario9_0_unrelaxed_rank_004_alphafold2_multimer_v2_model_3_seed_002.pdb,6.260945796966553
minniefold,ak2-scenario9_0_unrelaxed_rank_005_alphafold2_multimer_v2_model_1_seed_001.pdb,6.226938724517822
minniefold,ak2-scenario9_0_unrelaxed_rank_006_alphafold2_multimer_v2_model_3_seed_001.pdb,6.207999706268311
minniefold,ak2-scenario9_0_unrelaxed_rank_007_alphafold2_multimer_v2_model_4_seed_001.pdb,6.21021842956543
minniefold,ak2-scenario9_0_unrelaxed_rank_008_alphafold2_multimer_v2_model_3_seed_003.pdb,6.185831546783447
minniefold,ak2-scenario9_0_unrelaxed_rank_009_alphafold2_multimer_v2_model_4_seed_003.pdb,6.241806983947754
minniefold,ak2-scenario9_0_unrelaxed_rank_010_alphafold2_multimer_v2_model_5_seed_003.pdb,6.259412288665772
minniefold,ak2-scenario9_0_unrelaxed_rank_011_alphafold2_multimer_v2_model_2_seed_001.pdb,6.239344120025635
minniefold,ak2-scenario9_0_unrelaxed_rank_012_alphafold2_multimer_v2_model_5_seed_001.pdb,6.266538143157959
minniefold,ak2-scenario9_0_unrelaxed_rank_013_alphafold2_multimer_v2_model_2_seed_002.pdb,6.324735641479492
minniefold,ak2-scenario9_0_unrelaxed_rank_014_alphafold2_multimer_v2_model_3_seed_000.pdb,6.2338080406188965
minniefold,ak2-scenario9_0_unrelaxed_rank_015_alphafold2_multimer_v2_model_5_seed_002.pdb,6.307162761688232
minniefold,ak2-scenario9_0_unrelaxed_rank_016_alphafold2_multimer_v2_model_2_seed_003.pdb,6.21678352355957
minniefold,ak2-scenario9_0_unrelaxed_rank_017_alphafold2_multimer_v2_model_4_seed_000.pdb,6.246196269989014
minniefold,ak2-scenario9_0_unrelaxed_rank_018_alphafold2_multimer_v2_model_1_seed_000.pdb,6.25723123550415
minniefold,ak2-scenario9_0_unrelaxed_rank_019_alphafold2_multimer_v2_model_5_seed_000.pdb,6.327394008636475
minniefold,ak2-scenario9_0_unrelaxed_rank_020_alphafold2_multimer_v2_model_2_seed_000.pdb,6.252910137176514
minniefold,ak2-scenario10_0_unrelaxed_rank_001_alphafold2_multimer_v2_model_1_seed_002.pdb,6.224416255950928
minniefold,ak2-scenario10_0_unrelaxed_rank_002_alphafold2_multimer_v2_model_3_seed_000.pdb,6.170927047729492
minniefold,ak2-scenario10_0_unrelaxed_rank_003_alphafold2_multimer_v2_model_3_seed_001.pdb,6.212262153625488
minniefold,ak2-scenario10_0_unrelaxed_rank_004_alphafold2_multimer_v2_model_1_seed_001.pdb,6.158110618591309
minniefold,ak2-scenario10_0_unrelaxed_rank_005_alphafold2_multimer_v2_model_4_seed_000.pdb,6.188766002655029
minniefold,ak2-scenario10_0_unrelaxed_rank_006_alphafold2_multimer_v2_model_1_seed_003.pdb,6.202767848968506
minniefold,ak2-scenario10_0_unrelaxed_rank_007_alphafold2_multimer_v2_model_3_seed_003.pdb,6.205379486083984
minniefold,ak2-scenario10_0_unrelaxed_rank_008_alphafold2_multimer_v2_model_4_seed_002.pdb,6.191188335418701
minniefold,ak2-scenario10_0_unrelaxed_rank_009_alphafold2_multimer_v2_model_3_seed_002.pdb,6.241799354553223
minniefold,ak2-scenario10_0_unrelaxed_rank_010_alphafold2_multimer_v2_model_4_seed_001.pdb,6.234108924865723
minniefold,ak2-scenario10_0_unrelaxed_rank_011_alphafold2_multimer_v2_model_5_seed_001.pdb,6.254912376403809
minniefold,ak2-scenario10_0_unrelaxed_rank_012_alphafold2_multimer_v2_model_4_seed_003.pdb,6.199917316436768
minniefold,ak2-scenario10_0_unrelaxed_rank_013_alphafold2_multimer_v2_model_2_seed_001.pdb,6.225597858428955
minniefold,ak2-scenario10_0_unrelaxed_rank_014_alphafold2_multimer_v2_model_2_seed_000.pdb,6.210699081420898
minniefold,ak2-scenario10_0_unrelaxed_rank_015_alphafold2_multimer_v2_model_5_seed_003.pdb,6.242602825164795
minniefold,ak2-scenario10_0_unrelaxed_rank_016_alphafold2_multimer_v2_model_1_seed_000.pdb,6.180135250091553
minniefold,ak2-scenario10_0_unrelaxed_rank_017_alphafold2_multimer_v2_model_5_seed_002.pdb,6.277676582336426
minniefold,ak2-scenario10_0_unrelaxed_rank_018_alphafold2_multimer_v2_model_2_seed_003.pdb,6.19700813293457
minniefold,ak2-scenario10_0_unrelaxed_rank_019_alphafold2_multimer_v2_model_2_seed_002.pdb,6.232378005981445
minniefold,ak2-scenario10_0_unrelaxed_rank_020_alphafold2_multimer_v2_model_5_seed_000.pdb,6.206762790679932
minniefold,ak2-scenario11_0_unrelaxed_rank_001_alphafold2_multimer_v3_model_5_seed_002.pdb,6.247663021087647
minniefold,ak2-scenario11_0_unrelaxed_rank_002_alphafold2_multimer_v3_model_5_seed_003.pdb,6.229011535644531
minniefold,ak2-scenario11_0_unrelaxed_rank_003_alphafold2_multimer_v3_model_5_seed_001.pdb,6.192640781402588
minniefold,ak2-scenario11_0_unrelaxed_rank_004_alphafold2_multimer_v3_model_3_seed_002.pdb,6.179123401641846
minniefold,ak2-scenario11_0_unrelaxed_rank_005_alphafold2_multimer_v3_model_3_seed_003.pdb,6.15603494644165
minniefold,ak2-scenario11_0_unrelaxed_rank_006_alphafold2_multimer_v3_model_1_seed_002.pdb,6.146935939788818
minniefold,ak2-scenario11_0_unrelaxed_rank_007_alphafold2_multimer_v3_model_3_seed_001.pdb,6.125304698944092
minniefold,ak2-scenario11_0_unrelaxed_rank_008_alphafold2_multimer_v3_model_1_seed_003.pdb,6.190302848815918
minniefold,ak2-scenario11_0_unrelaxed_rank_009_alphafold2_multimer_v3_model_1_seed_001.pdb,6.215837001800537
minniefold,ak2-scenario11_0_unrelaxed_rank_010_alphafold2_multimer_v3_model_5_seed_000.pdb,6.267080307006836
minniefold,ak2-scenario11_0_unrelaxed_rank_011_alphafold2_multimer_v3_model_4_seed_002.pdb,6.228887557983398
minniefold,ak2-scenario11_0_unrelaxed_rank_012_alphafold2_multimer_v3_model_3_seed_000.pdb,6.146316051483154
minniefold,ak2-scenario11_0_unrelaxed_rank_013_alphafold2_multimer_v3_model_4_seed_003.pdb,6.2138190269470215
minniefold,ak2-scenario11_0_unrelaxed_rank_014_alphafold2_multimer_v3_model_4_seed_001.pdb,6.198772430419922
minniefold,ak2-scenario11_0_unrelaxed_rank_015_alphafold2_multimer_v3_model_2_seed_001.pdb,6.240569114685059
minniefold,ak2-scenario11_0_unrelaxed_rank_016_alphafold2_multimer_v3_model_2_seed_003.pdb,6.213349342346191
minniefold,ak2-scenario11_0_unrelaxed_rank_017_alphafold2_multimer_v3_model_1_seed_000.pdb,6.178228855133057
minniefold,ak2-scenario11_0_unrelaxed_rank_018_alphafold2_multimer_v3_model_4_seed_000.pdb,6.235154151916504
minniefold,ak2-scenario11_0_unrelaxed_rank_019_alphafold2_multimer_v3_model_2_seed_002.pdb,6.201449871063232
minniefold,ak2-scenario11_0_unrelaxed_rank_020_alphafold2_multimer_v3_model_2_seed_000.pdb,6.174161911010742
minniefold,ak2-scenario12_0_unrelaxed_rank_001_alphafold2_multimer_v3_model_5_seed_001.pdb,6.237269401550293
minniefold,ak2-scenario12_0_unrelaxed_rank_002_alphafold2_multimer_v3_model_5_seed_002.pdb,6.2213521003723145
minniefold,ak2-scenario12_0_unrelaxed_rank_003_alphafold2_multimer_v3_model_5_seed_003.pdb,6.220739841461182
minniefold,ak2-scenario12_0_unrelaxed_rank_004_alphafold2_multimer_v3_model_3_seed_003.pdb,6.154031276702881
minniefold,ak2-scenario12_0_unrelaxed_rank_005_alphafold2_multimer_v3_model_5_seed_000.pdb,6.2534918785095215
minniefold,ak2-scenario12_0_unrelaxed_rank_006_alphafold2_multimer_v3_model_3_seed_000.pdb,6.123990535736084
minniefold,ak2-scenario12_0_unrelaxed_rank_007_alphafold2_multimer_v3_model_3_seed_002.pdb,6.153791427612305
minniefold,ak2-scenario12_0_unrelaxed_rank_008_alphafold2_multimer_v3_model_1_seed_003.pdb,6.132327556610107
minniefold,ak2-scenario12_0_unrelaxed_rank_009_alphafold2_multimer_v3_model_3_seed_001.pdb,6.148160457611084
minniefold,ak2-scenario12_0_unrelaxed_rank_010_alphafold2_multimer_v3_model_1_seed_002.pdb,6.151169300079346
minniefold,ak2-scenario12_0_unrelaxed_rank_011_alphafold2_multimer_v3_model_1_seed_000.pdb,6.153524398803711
minniefold,ak2-scenario12_0_unrelaxed_rank_012_alphafold2_multimer_v3_model_1_seed_001.pdb,6.159927368164063
minniefold,ak2-scenario12_0_unrelaxed_rank_013_alphafold2_multimer_v3_model_4_seed_003.pdb,6.235397815704346
minniefold,ak2-scenario12_0_unrelaxed_rank_014_alphafold2_multimer_v3_model_4_seed_001.pdb,6.206800937652588
minniefold,ak2-scenario12_0_unrelaxed_rank_015_alphafold2_multimer_v3_model_4_seed_002.pdb,6.269042491912842
minniefold,ak2-scenario12_0_unrelaxed_rank_016_alphafold2_multimer_v3_model_2_seed_003.pdb,6.1928887367248535
minniefold,ak2-scenario12_0_unrelaxed_rank_017_alphafold2_multimer_v3_model_4_seed_000.pdb,6.186775207519531
minniefold,ak2-scenario12_0_unrelaxed_rank_018_alphafold2_multimer_v3_model_2_seed_001.pdb,6.2428131103515625
minniefold,ak2-scenario12_0_unrelaxed_rank_019_alphafold2_multimer_v3_model_2_seed_000.pdb,6.17506217956543
minniefold,ak2-scenario12_0_unrelaxed_rank_020_alphafold2_multimer_v3_model_2_seed_002.pdb,6.236038684844971
minniefold,ak2-scenario13_0_unrelaxed_rank_001_alphafold2_multimer_v1_model_3_seed_001.pdb,6.115487098693848
minniefold,ak2-scenario13_0_unrelaxed_rank_002_alphafold2_multimer_v1_model_4_seed_003.pdb,6.182551383972168
minniefold,ak2-scenario13_0_unrelaxed_rank_003_alphafold2_multimer_v1_model_3_seed_003.pdb,6.060189723968506
minniefold,ak2-scenario13_0_unrelaxed_rank_004_alphafold2_multimer_v1_model_5_seed_001.pdb,6.20030689239502
minniefold,ak2-scenario13_0_unrelaxed_rank_005_alphafold2_multimer_v1_model_5_seed_003.pdb,6.222472667694092
minniefold,ak2-scenario13_0_unrelaxed_rank_006_alphafold2_multimer_v1_model_4_seed_001.pdb,6.193396091461182
minniefold,ak2-scenario13_0_unrelaxed_rank_007_alphafold2_multimer_v1_model_5_seed_000.pdb,6.352234840393066
minniefold,ak2-scenario13_0_unrelaxed_rank_008_alphafold2_multimer_v1_model_3_seed_000.pdb,6.221784114837647
minniefold,ak2-scenario13_0_unrelaxed_rank_009_alphafold2_multimer_v1_model_5_seed_002.pdb,6.254050254821777
minniefold,ak2-scenario13_0_unrelaxed_rank_010_alphafold2_multimer_v1_model_3_seed_002.pdb,6.1994476318359375
minniefold,ak2-scenario13_0_unrelaxed_rank_011_alphafold2_multimer_v1_model_1_seed_003.pdb,6.100433349609375
minniefold,ak2-scenario13_0_unrelaxed_rank_012_alphafold2_multimer_v1_model_2_seed_003.pdb,5.920167446136475
minniefold,ak2-scenario13_0_unrelaxed_rank_013_alphafold2_multimer_v1_model_4_seed_002.pdb,6.276182651519775
minniefold,ak2-scenario13_0_unrelaxed_rank_014_alphafold2_multimer_v1_model_1_seed_001.pdb,6.199815273284912
minniefold,ak2-scenario13_0_unrelaxed_rank_015_alphafold2_multimer_v1_model_4_seed_000.pdb,6.295825958251953
minniefold,ak2-scenario13_0_unrelaxed_rank_016_alphafold2_multimer_v1_model_1_seed_000.pdb,6.288971424102783
minniefold,ak2-scenario13_0_unrelaxed_rank_017_alphafold2_multimer_v1_model_2_seed_002.pdb,6.08315372467041
minniefold,ak2-scenario13_0_unrelaxed_rank_018_alphafold2_multimer_v1_model_2_seed_000.pdb,6.134960651397705
minniefold,ak2-scenario13_0_unrelaxed_rank_019_alphafold2_multimer_v1_model_1_seed_002.pdb,6.235517978668213
minniefold,ak2-scenario13_0_unrelaxed_rank_020_alphafold2_multimer_v1_model_2_seed_001.pdb,5.992441177368164
minniefold,ak2-scenario14_0_unrelaxed_rank_001_alphafold2_multimer_v1_model_5_seed_003.pdb,6.275460720062256
minniefold,ak2-scenario14_0_unrelaxed_rank_002_alphafold2_multimer_v1_model_3_seed_003.pdb,6.163701057434082
minniefold,ak2-scenario14_0_unrelaxed_rank_003_alphafold2_multimer_v1_model_1_seed_003.pdb,6.195586681365967
minniefold,ak2-scenario14_0_unrelaxed_rank_004_alphafold2_multimer_v1_model_5_seed_000.pdb,6.327955722808838
minniefold,ak2-scenario14_0_unrelaxed_rank_005_alphafold2_multimer_v1_model_4_seed_000.pdb,6.360136032104492
minniefold,ak2-scenario14_0_unrelaxed_rank_006_alphafold2_multimer_v1_model_4_seed_003.pdb,6.297421932220459
minniefold,ak2-scenario14_0_unrelaxed_rank_007_alphafold2_multimer_v1_model_5_seed_001.pdb,6.257049560546875
minniefold,ak2-scenario14_0_unrelaxed_rank_008_alphafold2_multimer_v1_model_3_seed_002.pdb,6.135030746459961
minniefold,ak2-scenario14_0_unrelaxed_rank_009_alphafold2_multimer_v1_model_2_seed_003.pdb,6.068491458892822
minniefold,ak2-scenario14_0_unrelaxed_rank_010_alphafold2_multimer_v1_model_3_seed_000.pdb,6.20556640625
minniefold,ak2-scenario14_0_unrelaxed_rank_011_alphafold2_multimer_v1_model_4_seed_002.pdb,6.230489253997803
minniefold,ak2-scenario14_0_unrelaxed_rank_012_alphafold2_multimer_v1_model_4_seed_001.pdb,6.228995323181152
minniefold,ak2-scenario14_0_unrelaxed_rank_013_alphafold2_multimer_v1_model_3_seed_001.pdb,6.158536434173584
minniefold,ak2-scenario14_0_unrelaxed_rank_014_alphafold2_multimer_v1_model_2_seed_001.pdb,5.944260597229004
minniefold,ak2-scenario14_0_unrelaxed_rank_015_alphafold2_multimer_v1_model_2_seed_000.pdb,6.106980323791504
minniefold,ak2-scenario14_0_unrelaxed_rank_016_alphafold2_multimer_v1_model_1_seed_000.pdb,6.32282018661499
minniefold,ak2-scenario14_0_unrelaxed_rank_017_alphafold2_multimer_v1_model_5_seed_002.pdb,6.209509372711182
minniefold,ak2-scenario14_0_unrelaxed_rank_018_alphafold2_multimer_v1_model_1_seed_001.pdb,6.164988517761231
minniefold,ak2-scenario14_0_unrelaxed_rank_019_alphafold2_multimer_v1_model_1_seed_002.pdb,6.177403450012207
minniefold,ak2-scenario14_0_unrelaxed_rank_020_alphafold2_multimer_v1_model_2_seed_002.pdb,5.949752330780029
minniefold,ak2-scenario15_0_unrelaxed_rank_001_alphafold2_multimer_v2_model_1_seed_003.pdb,6.156601428985596
minniefold,ak2-scenario15_0_unrelaxed_rank_002_alphafold2_multimer_v2_model_1_seed_001.pdb,6.218159198760986
minniefold,ak2-scenario15_0_unrelaxed_rank_003_alphafold2_multimer_v2_model_1_seed_002.pdb,6.220623016357422
minniefold,ak2-scenario15_0_unrelaxed_rank_004_alphafold2_multimer_v2_model_4_seed_002.pdb,6.271072864532471
minniefold,ak2-scenario15_0_unrelaxed_rank_005_alphafold2_multimer_v2_model_3_seed_001.pdb,6.206889152526856
minniefold,ak2-scenario15_0_unrelaxed_rank_006_alphafold2_multimer_v2_model_3_seed_002.pdb,6.2784271240234375
minniefold,ak2-scenario15_0_unrelaxed_rank_007_alphafold2_multimer_v2_model_4_seed_001.pdb,6.212932109832764
minniefold,ak2-scenario15_0_unrelaxed_rank_008_alphafold2_multimer_v2_model_3_seed_003.pdb,6.178340435028076
minniefold,ak2-scenario15_0_unrelaxed_rank_009_alphafold2_multimer_v2_model_4_seed_003.pdb,6.230239868164063
minniefold,ak2-scenario15_0_unrelaxed_rank_010_alphafold2_multimer_v2_model_2_seed_001.pdb,6.250535488128662
minniefold,ak2-scenario15_0_unrelaxed_rank_011_alphafold2_multimer_v2_model_5_seed_003.pdb,6.250561714172363
minniefold,ak2-scenario15_0_unrelaxed_rank_012_alphafold2_multimer_v2_model_5_seed_001.pdb,6.262523174285889
minniefold,ak2-scenario15_0_unrelaxed_rank_013_alphafold2_multimer_v2_model_1_seed_000.pdb,6.263269424438477
minniefold,ak2-scenario15_0_unrelaxed_rank_014_alphafold2_multimer_v2_model_2_seed_002.pdb,6.315774440765381
minniefold,ak2-scenario15_0_unrelaxed_rank_015_alphafold2_multimer_v2_model_2_seed_003.pdb,6.232187271118164
minniefold,ak2-scenario15_0_unrelaxed_rank_016_alphafold2_multimer_v2_model_4_seed_000.pdb,6.236971855163574
minniefold,ak2-scenario15_0_unrelaxed_rank_017_alphafold2_multimer_v2_model_3_seed_000.pdb,6.235861301422119
minniefold,ak2-scenario15_0_unrelaxed_rank_018_alphafold2_multimer_v2_model_5_seed_002.pdb,6.326140403747559
minniefold,ak2-scenario15_0_unrelaxed_rank_019_alphafold2_multimer_v2_model_5_seed_000.pdb,6.3197455406188965
minniefold,ak2-scenario15_0_unrelaxed_rank_020_alphafold2_multimer_v2_model_2_seed_000.pdb,6.255972385406494
minniefold,ak2-scenario16_0_unrelaxed_rank_001_alphafold2_multimer_v2_model_1_seed_001.pdb,6.170429229736328
minniefold,ak2-scenario16_0_unrelaxed_rank_002_alphafold2_multimer_v2_model_1_seed_000.pdb,6.161057949066162
minniefold,ak2-scenario16_0_unrelaxed_rank_003_alphafold2_multimer_v2_model_1_seed_003.pdb,6.210244655609131
minniefold,ak2-scenario16_0_unrelaxed_rank_004_alphafold2_multimer_v2_model_3_seed_000.pdb,6.177670478820801
minniefold,ak2-scenario16_0_unrelaxed_rank_005_alphafold2_multimer_v2_model_1_seed_002.pdb,6.224112510681152
minniefold,ak2-scenario16_0_unrelaxed_rank_006_alphafold2_multimer_v2_model_3_seed_001.pdb,6.209481716156006
minniefold,ak2-scenario16_0_unrelaxed_rank_007_alphafold2_multimer_v2_model_4_seed_000.pdb,6.193027496337891
minniefold,ak2-scenario16_0_unrelaxed_rank_008_alphafold2_multimer_v2_model_3_seed_003.pdb,6.183964252471924
minniefold,ak2-scenario16_0_unrelaxed_rank_009_alphafold2_multimer_v2_model_4_seed_002.pdb,6.196146965026856
minniefold,ak2-scenario16_0_unrelaxed_rank_010_alphafold2_multimer_v2_model_3_seed_002.pdb,6.254086017608643
minniefold,ak2-scenario16_0_unrelaxed_rank_011_alphafold2_multimer_v2_model_4_seed_001.pdb,6.220977306365967
minniefold,ak2-scenario16_0_unrelaxed_rank_012_alphafold2_multimer_v2_model_4_seed_003.pdb,6.204071521759033
minniefold,ak2-scenario16_0_unrelaxed_rank_013_alphafold2_multimer_v2_model_2_seed_001.pdb,6.2328619956970215
minniefold,ak2-scenario16_0_unrelaxed_rank_014_alphafold2_multimer_v2_model_2_seed_000.pdb,6.2078776359558105
minniefold,ak2-scenario16_0_unrelaxed_rank_015_alphafold2_multimer_v2_model_5_seed_001.pdb,6.265142917633057
minniefold,ak2-scenario16_0_unrelaxed_rank_016_alphafold2_multimer_v2_model_2_seed_003.pdb,6.199442386627197
minniefold,ak2-scenario16_0_unrelaxed_rank_017_alphafold2_multimer_v2_model_5_seed_003.pdb,6.25702714920044
minniefold,ak2-scenario16_0_unrelaxed_rank_018_alphafold2_multimer_v2_model_5_seed_002.pdb,6.270475387573242
minniefold,ak2-scenario16_0_unrelaxed_rank_019_alphafold2_multimer_v2_model_2_seed_002.pdb,6.242509365081787
minniefold,ak2-scenario16_0_unrelaxed_rank_020_alphafold2_multimer_v2_model_5_seed_000.pdb,6.212013244628906
minniefold,ak2-scenario17_0_unrelaxed_rank_001_alphafold2_multimer_v3_model_5_seed_002.pdb,6.261326313018799
minniefold,ak2-scenario17_0_unrelaxed_rank_002_alphafold2_multimer_v3_model_5_seed_003.pdb,6.219408988952637
minniefold,ak2-scenario17_0_unrelaxed_rank_003_alphafold2_multimer_v3_model_3_seed_001.pdb,6.132004261016846
minniefold,ak2-scenario17_0_unrelaxed_rank_004_alphafold2_multimer_v3_model_5_seed_001.pdb,6.2010416984558105
minniefold,ak2-scenario17_0_unrelaxed_rank_005_alphafold2_multimer_v3_model_3_seed_003.pdb,6.151590347290039
minniefold,ak2-scenario17_0_unrelaxed_rank_006_alphafold2_multimer_v3_model_3_seed_002.pdb,6.186331272125244
minniefold,ak2-scenario17_0_unrelaxed_rank_007_alphafold2_multimer_v3_model_1_seed_002.pdb,6.161702156066895
minniefold,ak2-scenario17_0_unrelaxed_rank_008_alphafold2_multimer_v3_model_5_seed_000.pdb,6.260500431060791
minniefold,ak2-scenario17_0_unrelaxed_rank_009_alphafold2_multimer_v3_model_1_seed_003.pdb,6.168135643005371
minniefold,ak2-scenario17_0_unrelaxed_rank_010_alphafold2_multimer_v3_model_3_seed_000.pdb,6.1606292724609375
minniefold,ak2-scenario17_0_unrelaxed_rank_011_alphafold2_multimer_v3_model_4_seed_003.pdb,6.212186813354492
minniefold,ak2-scenario17_0_unrelaxed_rank_012_alphafold2_multimer_v3_model_4_seed_002.pdb,6.228457927703857
minniefold,ak2-scenario17_0_unrelaxed_rank_013_alphafold2_multimer_v3_model_1_seed_001.pdb,6.211089134216309
minniefold,ak2-scenario17_0_unrelaxed_rank_014_alphafold2_multimer_v3_model_4_seed_001.pdb,6.2050604820251465
minniefold,ak2-scenario17_0_unrelaxed_rank_015_alphafold2_multimer_v3_model_2_seed_003.pdb,6.2064642906188965
minniefold,ak2-scenario17_0_unrelaxed_rank_016_alphafold2_multimer_v3_model_2_seed_002.pdb,6.198482036590576
minniefold,ak2-scenario17_0_unrelaxed_rank_017_alphafold2_multimer_v3_model_2_seed_001.pdb,6.223611831665039
minniefold,ak2-scenario17_0_unrelaxed_rank_018_alphafold2_multimer_v3_model_1_seed_000.pdb,6.173862457275391
minniefold,ak2-scenario17_0_unrelaxed_rank_019_alphafold2_multimer_v3_model_4_seed_000.pdb,6.23934268951416
minniefold,ak2-scenario17_0_unrelaxed_rank_020_alphafold2_multimer_v3_model_2_seed_000.pdb,6.199615478515625
minniefold,ak2-scenario18_0_unrelaxed_rank_001_alphafold2_multimer_v3_model_5_seed_003.pdb,6.215653896331787
minniefold,ak2-scenario18_0_unrelaxed_rank_002_alphafold2_multimer_v3_model_5_seed_002.pdb,6.233116149902344
minniefold,ak2-scenario18_0_unrelaxed_rank_003_alphafold2_multimer_v3_model_5_seed_001.pdb,6.204396724700928
minniefold,ak2-scenario18_0_unrelaxed_rank_004_alphafold2_multimer_v3_model_5_seed_000.pdb,6.252037048339844
minniefold,ak2-scenario18_0_unrelaxed_rank_005_alphafold2_multimer_v3_model_3_seed_003.pdb,6.138128757476807
minniefold,ak2-scenario18_0_unrelaxed_rank_006_alphafold2_multimer_v3_model_3_seed_001.pdb,6.134658336639404
minniefold,ak2-scenario18_0_unrelaxed_rank_007_alphafold2_multimer_v3_model_3_seed_002.pdb,6.142877578735352
minniefold,ak2-scenario18_0_unrelaxed_rank_008_alphafold2_multimer_v3_model_3_seed_000.pdb,6.149231910705566
minniefold,ak2-scenario18_0_unrelaxed_rank_009_alphafold2_multimer_v3_model_1_seed_003.pdb,6.130363941192627
minniefold,ak2-scenario18_0_unrelaxed_rank_010_alphafold2_multimer_v3_model_1_seed_002.pdb,6.163792610168457
minniefold,ak2-scenario18_0_unrelaxed_rank_011_alphafold2_multimer_v3_model_1_seed_000.pdb,6.160834312438965
minniefold,ak2-scenario18_0_unrelaxed_rank_012_alphafold2_multimer_v3_model_4_seed_002.pdb,6.259123802185059
minniefold,ak2-scenario18_0_unrelaxed_rank_013_alphafold2_multimer_v3_model_4_seed_003.pdb,6.23277759552002
minniefold,ak2-scenario18_0_unrelaxed_rank_014_alphafold2_multimer_v3_model_1_seed_001.pdb,6.149379730224609
minniefold,ak2-scenario18_0_unrelaxed_rank_015_alphafold2_multimer_v3_model_2_seed_003.pdb,6.19751501083374
minniefold,ak2-scenario18_0_unrelaxed_rank_016_alphafold2_multimer_v3_model_4_seed_001.pdb,6.204619407653809
minniefold,ak2-scenario18_0_unrelaxed_rank_017_alphafold2_multimer_v3_model_4_seed_000.pdb,6.192541599273682
minniefold,ak2-scenario18_0_unrelaxed_rank_018_alphafold2_multimer_v3_model_2_seed_001.pdb,6.233237266540527
minniefold,ak2-scenario18_0_unrelaxed_rank_019_alphafold2_multimer_v3_model_2_seed_002.pdb,6.201177597045898
minniefold,ak2-scenario18_0_unrelaxed_rank_020_alphafold2_multimer_v3_model_2_seed_000.pdb,6.172398090362549
minniefold,ak2-scenario19_0_unrelaxed_rank_001_alphafold2_ptm_model_3_seed_003.pdb,6.304002285003662
minniefold,ak2-scenario19_0_unrelaxed_rank_002_alphafold2_ptm_model_3_seed_002.pdb,6.705233097076416
minniefold,ak2-scenario19_0_unrelaxed_rank_003_alphafold2_ptm_model_1_seed_003.pdb,6.022772789001465
minniefold,ak2-scenario19_0_unrelaxed_rank_004_alphafold2_ptm_model_1_seed_000.pdb,6.187617301940918
minniefold,ak2-scenario19_0_unrelaxed_rank_005_alphafold2_ptm_model_1_seed_002.pdb,6.39105224609375
minniefold,ak2-scenario19_0_unrelaxed_rank_006_alphafold2_ptm_model_3_seed_000.pdb,6.523633003234863
minniefold,ak2-scenario19_0_unrelaxed_rank_007_alphafold2_ptm_model_3_seed_001.pdb,6.728428840637207
minniefold,ak2-scenario19_0_unrelaxed_rank_008_alphafold2_ptm_model_2_seed_003.pdb,6.190988540649414
minniefold,ak2-scenario19_0_unrelaxed_rank_009_alphafold2_ptm_model_4_seed_000.pdb,6.728679656982422
minniefold,ak2-scenario19_0_unrelaxed_rank_010_alphafold2_ptm_model_4_seed_003.pdb,6.494868278503418
minniefold,ak2-scenario19_0_unrelaxed_rank_011_alphafold2_ptm_model_2_seed_000.pdb,6.260951519012451
minniefold,ak2-scenario19_0_unrelaxed_rank_012_alphafold2_ptm_model_1_seed_001.pdb,6.244503974914551
minniefold,ak2-scenario19_0_unrelaxed_rank_013_alphafold2_ptm_model_4_seed_002.pdb,6.96062707901001
minniefold,ak2-scenario19_0_unrelaxed_rank_014_alphafold2_ptm_model_2_seed_002.pdb,6.508707523345947
minniefold,ak2-scenario19_0_unrelaxed_rank_015_alphafold2_ptm_model_4_seed_001.pdb,7.241626262664795
minniefold,ak2-scenario19_0_unrelaxed_rank_016_alphafold2_ptm_model_5_seed_002.pdb,6.446346759796143
minniefold,ak2-scenario19_0_unrelaxed_rank_017_alphafold2_ptm_model_2_seed_001.pdb,6.341342449188232
minniefold,ak2-scenario19_0_unrelaxed_rank_018_alphafold2_ptm_model_5_seed_000.pdb,6.341335296630859
minniefold,ak2-scenario19_0_unrelaxed_rank_019_alphafold2_ptm_model_5_seed_001.pdb,6.499003410339356
minniefold,ak2-scenario19_0_unrelaxed_rank_020_alphafold2_ptm_model_5_seed_003.pdb,6.159414768218994
minniefold,ak2-scenario20_0_unrelaxed_rank_001_alphafold2_ptm_model_3_seed_002.pdb,6.499966621398926
minniefold,ak2-scenario20_0_unrelaxed_rank_002_alphafold2_ptm_model_3_seed_001.pdb,6.5727972984313965
minniefold,ak2-scenario20_0_unrelaxed_rank_003_alphafold2_ptm_model_4_seed_000.pdb,6.882640838623047
minniefold,ak2-scenario20_0_unrelaxed_rank_004_alphafold2_ptm_model_3_seed_003.pdb,6.4133710861206055
minniefold,ak2-scenario20_0_unrelaxed_rank_005_alphafold2_ptm_model_3_seed_000.pdb,6.573667049407959
minniefold,ak2-scenario20_0_unrelaxed_rank_006_alphafold2_ptm_model_1_seed_000.pdb,6.19577169418335
minniefold,ak2-scenario20_0_unrelaxed_rank_007_alphafold2_ptm_model_1_seed_003.pdb,6.061968803405762
minniefold,ak2-scenario20_0_unrelaxed_rank_008_alphafold2_ptm_model_1_seed_002.pdb,6.413205623626709
minniefold,ak2-scenario20_0_unrelaxed_rank_009_alphafold2_ptm_model_2_seed_000.pdb,6.377390384674072
minniefold,ak2-scenario20_0_unrelaxed_rank_010_alphafold2_ptm_model_4_seed_003.pdb,6.453266620635986
minniefold,ak2-scenario20_0_unrelaxed_rank_011_alphafold2_ptm_model_5_seed_000.pdb,6.512328147888184
minniefold,ak2-scenario20_0_unrelaxed_rank_012_alphafold2_ptm_model_4_seed_001.pdb,6.880522727966309
minniefold,ak2-scenario20_0_unrelaxed_rank_013_alphafold2_ptm_model_1_seed_001.pdb,6.158400535583496
minniefold,ak2-scenario20_0_unrelaxed_rank_014_alphafold2_ptm_model_2_seed_003.pdb,6.239748954772949
minniefold,ak2-scenario20_0_unrelaxed_rank_015_alphafold2_ptm_model_4_seed_002.pdb,6.98818302154541
minniefold,ak2-scenario20_0_unrelaxed_rank_016_alphafold2_ptm_model_2_seed_002.pdb,6.511444091796875
minniefold,ak2-scenario20_0_unrelaxed_rank_017_alphafold2_ptm_model_5_seed_003.pdb,6.218021392822266
minniefold,ak2-scenario20_0_unrelaxed_rank_018_alphafold2_ptm_model_2_seed_001.pdb,6.2576823234558105
minniefold,ak2-scenario20_0_unrelaxed_rank_019_alphafold2_ptm_model_5_seed_002.pdb,6.37829065322876
minniefold,ak2-scenario20_0_unrelaxed_rank_020_alphafold2_ptm_model_5_seed_001.pdb,6.427568435668945
minniefold,ak2-scenario21_0_unrelaxed_rank_001_alphafold2_ptm_model_3_seed_003.pdb,6.553329944610596
minniefold,ak2-scenario21_0_unrelaxed_rank_002_alphafold2_ptm_model_3_seed_000.pdb,6.449891567230225
minniefold,ak2-scenario21_0_unrelaxed_rank_003_alphafold2_ptm_model_1_seed_000.pdb,5.929625988006592
minniefold,ak2-scenario21_0_unrelaxed_rank_004_alphafold2_ptm_model_1_seed_003.pdb,6.228363037109375
minniefold,ak2-scenario21_0_unrelaxed_rank_005_alphafold2_ptm_model_1_seed_001.pdb,5.973430633544922
minniefold,ak2-scenario21_0_unrelaxed_rank_006_alphafold2_ptm_model_3_seed_001.pdb,6.216506004333496
minniefold,ak2-scenario21_0_unrelaxed_rank_007_alphafold2_ptm_model_3_seed_002.pdb,6.552340984344482
minniefold,ak2-scenario21_0_unrelaxed_rank_008_alphafold2_ptm_model_1_seed_002.pdb,6.312941074371338
minniefold,ak2-scenario21_0_unrelaxed_rank_009_alphafold2_ptm_model_4_seed_001.pdb,6.397622585296631
minniefold,ak2-scenario21_0_unrelaxed_rank_010_alphafold2_ptm_model_2_seed_001.pdb,6.207619667053223
minniefold,ak2-scenario21_0_unrelaxed_rank_011_alphafold2_ptm_model_2_seed_000.pdb,6.164291858673096
minniefold,ak2-scenario21_0_unrelaxed_rank_012_alphafold2_ptm_model_4_seed_003.pdb,6.752745628356934
minniefold,ak2-scenario21_0_unrelaxed_rank_013_alphafold2_ptm_model_2_seed_003.pdb,6.270371913909912
minniefold,ak2-scenario21_0_unrelaxed_rank_014_alphafold2_ptm_model_4_seed_000.pdb,6.330044269561768
minniefold,ak2-scenario21_0_unrelaxed_rank_015_alphafold2_ptm_model_4_seed_002.pdb,6.719745635986328
minniefold,ak2-scenario21_0_unrelaxed_rank_016_alphafold2_ptm_model_2_seed_002.pdb,6.401861667633057
minniefold,ak2-scenario21_0_unrelaxed_rank_017_alphafold2_ptm_model_5_seed_001.pdb,6.277120590209961
minniefold,ak2-scenario21_0_unrelaxed_rank_018_alphafold2_ptm_model_5_seed_003.pdb,6.41790771484375
minniefold,ak2-scenario21_0_unrelaxed_rank_019_alphafold2_ptm_model_5_seed_000.pdb,6.30280351638794
minniefold,ak2-scenario21_0_unrelaxed_rank_020_alphafold2_ptm_model_5_seed_002.pdb,6.673567295074463
minniefold,ak2-scenario22_0_unrelaxed_rank_001_alphafold2_ptm_model_3_seed_003.pdb,6.55087423324585
minniefold,ak2-scenario22_0_unrelaxed_rank_002_alphafold2_ptm_model_1_seed_003.pdb,6.157787322998047
minniefold,ak2-scenario22_0_unrelaxed_rank_003_alphafold2_ptm_model_1_seed_002.pdb,6.187841415405273
minniefold,ak2-scenario22_0_unrelaxed_rank_004_alphafold2_ptm_model_3_seed_001.pdb,6.643080234527588
minniefold,ak2-scenario22_0_unrelaxed_rank_005_alphafold2_ptm_model_3_seed_002.pdb,6.613533973693848
minniefold,ak2-scenario22_0_unrelaxed_rank_006_alphafold2_ptm_model_4_seed_002.pdb,6.655039310455322
minniefold,ak2-scenario22_0_unrelaxed_rank_007_alphafold2_ptm_model_4_seed_003.pdb,6.695741653442383
minniefold,ak2-scenario22_0_unrelaxed_rank_008_alphafold2_ptm_model_1_seed_001.pdb,6.244051456451416
minniefold,ak2-scenario22_0_unrelaxed_rank_009_alphafold2_ptm_model_1_seed_000.pdb,6.032925128936768
minniefold,ak2-scenario22_0_unrelaxed_rank_010_alphafold2_ptm_model_2_seed_002.pdb,6.199701309204102
minniefold,ak2-scenario22_0_unrelaxed_rank_011_alphafold2_ptm_model_4_seed_001.pdb,6.767630100250244
minniefold,ak2-scenario22_0_unrelaxed_rank_012_alphafold2_ptm_model_4_seed_000.pdb,6.534635543823242
minniefold,ak2-scenario22_0_unrelaxed_rank_013_alphafold2_ptm_model_3_seed_000.pdb,6.43594217300415
minniefold,ak2-scenario22_0_unrelaxed_rank_014_alphafold2_ptm_model_2_seed_000.pdb,6.19947624206543
minniefold,ak2-scenario22_0_unrelaxed_rank_015_alphafold2_ptm_model_2_seed_003.pdb,6.267718315124512
minniefold,ak2-scenario22_0_unrelaxed_rank_016_alphafold2_ptm_model_2_seed_001.pdb,6.380643367767334
minniefold,ak2-scenario22_0_unrelaxed_rank_017_alphafold2_ptm_model_5_seed_003.pdb,6.424472808837891
minniefold,ak2-scenario22_0_unrelaxed_rank_018_alphafold2_ptm_model_5_seed_002.pdb,6.456273555755615
minniefold,ak2-scenario22_0_unrelaxed_rank_019_alphafold2_ptm_model_5_seed_001.pdb,6.512601375579834
minniefold,ak2-scenario22_0_unrelaxed_rank_020_alphafold2_ptm_model_5_seed_000.pdb,6.307440757751465
minniefold,ak2-scenario23_0_unrelaxed_rank_001_alphafold2_ptm_model_3_seed_001.pdb,6.297962665557861
minniefold,ak2-scenario23_0_unrelaxed_rank_002_alphafold2_ptm_model_3_seed_003.pdb,6.498551368713379
minniefold,ak2-scenario23_0_unrelaxed_rank_003_alphafold2_ptm_model_3_seed_000.pdb,6.537818431854248
minniefold,ak2-scenario23_0_unrelaxed_rank_004_alphafold2_ptm_model_3_seed_002.pdb,6.521472454071045
minniefold,ak2-scenario23_0_unrelaxed_rank_005_alphafold2_ptm_model_1_seed_002.pdb,6.375583648681641
minniefold,ak2-scenario23_0_unrelaxed_rank_006_alphafold2_ptm_model_4_seed_003.pdb,6.771114349365234
minniefold,ak2-scenario23_0_unrelaxed_rank_007_alphafold2_ptm_model_4_seed_000.pdb,6.400710582733154
minniefold,ak2-scenario23_0_unrelaxed_rank_008_alphafold2_ptm_model_1_seed_000.pdb,6.097341060638428
minniefold,ak2-scenario23_0_unrelaxed_rank_009_alphafold2_ptm_model_1_seed_001.pdb,6.130653381347656
minniefold,ak2-scenario23_0_unrelaxed_rank_010_alphafold2_ptm_model_1_seed_003.pdb,6.1781392097473145
minniefold,ak2-scenario23_0_unrelaxed_rank_011_alphafold2_ptm_model_4_seed_002.pdb,6.859644412994385
minniefold,ak2-scenario23_0_unrelaxed_rank_012_alphafold2_ptm_model_2_seed_003.pdb,6.254015922546387
minniefold,ak2-scenario23_0_unrelaxed_rank_013_alphafold2_ptm_model_4_seed_001.pdb,6.4911322593688965
minniefold,ak2-scenario23_0_unrelaxed_rank_014_alphafold2_ptm_model_2_seed_000.pdb,6.277448177337647
minniefold,ak2-scenario23_0_unrelaxed_rank_015_alphafold2_ptm_model_2_seed_002.pdb,6.361576080322266
minniefold,ak2-scenario23_0_unrelaxed_rank_016_alphafold2_ptm_model_2_seed_001.pdb,6.228518486022949
minniefold,ak2-scenario23_0_unrelaxed_rank_017_alphafold2_ptm_model_5_seed_001.pdb,6.388665676116943
minniefold,ak2-scenario23_0_unrelaxed_rank_018_alphafold2_ptm_model_5_seed_000.pdb,6.372735023498535
minniefold,ak2-scenario23_0_unrelaxed_rank_019_alphafold2_ptm_model_5_seed_003.pdb,6.481130599975586
minniefold,ak2-scenario23_0_unrelaxed_rank_020_alphafold2_ptm_model_5_seed_002.pdb,6.6197896003723145
minniefold,ak2-scenario24_0_unrelaxed_rank_001_alphafold2_ptm_model_3_seed_001.pdb,6.667579174041748
minniefold,ak2-scenario24_0_unrelaxed_rank_002_alphafold2_ptm_model_3_seed_003.pdb,6.544366359710693
minniefold,ak2-scenario24_0_unrelaxed_rank_003_alphafold2_ptm_model_4_seed_001.pdb,6.681976318359375
minniefold,ak2-scenario24_0_unrelaxed_rank_004_alphafold2_ptm_model_3_seed_002.pdb,6.592246055603027
minniefold,ak2-scenario24_0_unrelaxed_rank_005_alphafold2_ptm_model_1_seed_001.pdb,6.331937313079834
minniefold,ak2-scenario24_0_unrelaxed_rank_006_alphafold2_ptm_model_1_seed_003.pdb,6.12563419342041
minniefold,ak2-scenario24_0_unrelaxed_rank_007_alphafold2_ptm_model_4_seed_003.pdb,6.643174171447754
minniefold,ak2-scenario24_0_unrelaxed_rank_008_alphafold2_ptm_model_3_seed_000.pdb,6.337499618530273
minniefold,ak2-scenario24_0_unrelaxed_rank_009_alphafold2_ptm_model_1_seed_002.pdb,6.300802230834961
minniefold,ak2-scenario24_0_unrelaxed_rank_010_alphafold2_ptm_model_4_seed_002.pdb,6.75581693649292
minniefold,ak2-scenario24_0_unrelaxed_rank_011_alphafold2_ptm_model_1_seed_000.pdb,6.014459609985352
minniefold,ak2-scenario24_0_unrelaxed_rank_012_alphafold2_ptm_model_2_seed_002.pdb,6.325219631195068
minniefold,ak2-scenario24_0_unrelaxed_rank_013_alphafold2_ptm_model_4_seed_000.pdb,6.530004024505615
minniefold,ak2-scenario24_0_unrelaxed_rank_014_alphafold2_ptm_model_5_seed_003.pdb,6.3588738441467285
minniefold,ak2-scenario24_0_unrelaxed_rank_015_alphafold2_ptm_model_2_seed_003.pdb,6.214758396148682
minniefold,ak2-scenario24_0_unrelaxed_rank_016_alphafold2_ptm_model_5_seed_002.pdb,6.489880561828613
minniefold,ak2-scenario24_0_unrelaxed_rank_017_alphafold2_ptm_model_2_seed_001.pdb,6.399421215057373
minniefold,ak2-scenario24_0_unrelaxed_rank_018_alphafold2_ptm_model_2_seed_000.pdb,6.193624019622803
minniefold,ak2-scenario24_0_unrelaxed_rank_019_alphafold2_ptm_model_5_seed_001.pdb,6.554807662963867
minniefold,ak2-scenario24_0_unrelaxed_rank_020_alphafold2_ptm_model_5_seed_000.pdb,6.215743064880371
