tool,PDB file,Distance
af3-multi,eif2b3-multiseed_seed-0_sample-0_model.pdb,4.68139123916626
af3-multi,eif2b3-multiseed_seed-0_sample-1_model.pdb,4.66832160949707
af3-multi,eif2b3-multiseed_seed-0_sample-2_model.pdb,4.620091438293457
af3-multi,eif2b3-multiseed_seed-0_sample-3_model.pdb,4.787879943847656
af3-multi,eif2b3-multiseed_seed-0_sample-4_model.pdb,4.6543288230896
af3-multi,eif2b3-multiseed_seed-1_sample-0_model.pdb,4.847474575042725
af3-multi,eif2b3-multiseed_seed-1_sample-1_model.pdb,4.928505420684815
af3-multi,eif2b3-multiseed_seed-1_sample-2_model.pdb,4.864786624908447
af3-multi,eif2b3-multiseed_seed-1_sample-3_model.pdb,4.752665996551514
af3-multi,eif2b3-multiseed_seed-1_sample-4_model.pdb,4.679161548614502
af3-multi,eif2b3-multiseed_seed-2_sample-0_model.pdb,4.8530049324035645
af3-multi,eif2b3-multiseed_seed-2_sample-1_model.pdb,5.030403137207031
af3-multi,eif2b3-multiseed_seed-2_sample-2_model.pdb,5.0004472732543945
af3-multi,eif2b3-multiseed_seed-2_sample-3_model.pdb,4.821551322937012
af3-multi,eif2b3-multiseed_seed-2_sample-4_model.pdb,5.720728397369385
af3-multi,eif2b3-multiseed_seed-3_sample-0_model.pdb,4.769018650054932
af3-multi,eif2b3-multiseed_seed-3_sample-1_model.pdb,4.6820807456970215
af3-multi,eif2b3-multiseed_seed-3_sample-2_model.pdb,4.783951282501221
af3-multi,eif2b3-multiseed_seed-3_sample-3_model.pdb,4.74904203414917
af3-multi,eif2b3-multiseed_seed-3_sample-4_model.pdb,4.846574306488037
af3-multi,eif2b3-multiseed_seed-4_sample-0_model.pdb,4.682054042816162
af3-multi,eif2b3-multiseed_seed-4_sample-1_model.pdb,5.380640506744385
af3-multi,eif2b3-multiseed_seed-4_sample-2_model.pdb,4.734509468078613
af3-multi,eif2b3-multiseed_seed-4_sample-3_model.pdb,4.815962314605713
af3-multi,eif2b3-multiseed_seed-4_sample-4_model.pdb,4.77268123626709
af3-multi,eif2b3-multiseed_seed-5_sample-0_model.pdb,5.005284309387207
af3-multi,eif2b3-multiseed_seed-5_sample-1_model.pdb,4.884947299957275
af3-multi,eif2b3-multiseed_seed-5_sample-2_model.pdb,4.765845775604248
af3-multi,eif2b3-multiseed_seed-5_sample-3_model.pdb,4.820291519165039
af3-multi,eif2b3-multiseed_seed-5_sample-4_model.pdb,4.766128540039063
af3-multi,eif2b3-multiseed_seed-6_sample-0_model.pdb,4.746841907501221
af3-multi,eif2b3-multiseed_seed-6_sample-1_model.pdb,4.924886703491211
af3-multi,eif2b3-multiseed_seed-6_sample-2_model.pdb,4.804227828979492
af3-multi,eif2b3-multiseed_seed-6_sample-3_model.pdb,4.8092875480651855
af3-multi,eif2b3-multiseed_seed-6_sample-4_model.pdb,4.92353630065918
af3-multi,eif2b3-multiseed_seed-7_sample-0_model.pdb,5.017723083496094
af3-multi,eif2b3-multiseed_seed-7_sample-1_model.pdb,5.0527191162109375
af3-multi,eif2b3-multiseed_seed-7_sample-2_model.pdb,4.863687515258789
af3-multi,eif2b3-multiseed_seed-7_sample-3_model.pdb,4.856252193450928
af3-multi,eif2b3-multiseed_seed-7_sample-4_model.pdb,4.879761695861816
af3-multi,eif2b3-multiseed_seed-8_sample-0_model.pdb,4.637579441070557
af3-multi,eif2b3-multiseed_seed-8_sample-1_model.pdb,4.753547668457031
af3-multi,eif2b3-multiseed_seed-8_sample-2_model.pdb,4.817907810211182
af3-multi,eif2b3-multiseed_seed-8_sample-3_model.pdb,4.735718250274658
af3-multi,eif2b3-multiseed_seed-8_sample-4_model.pdb,4.758735656738281
af3-multi,eif2b3-multiseed_seed-9_sample-0_model.pdb,4.809391975402832
af3-multi,eif2b3-multiseed_seed-9_sample-1_model.pdb,4.9122185707092285
af3-multi,eif2b3-multiseed_seed-9_sample-2_model.pdb,4.652531147003174
af3-multi,eif2b3-multiseed_seed-9_sample-3_model.pdb,4.756038188934326
af3-multi,eif2b3-multiseed_seed-9_sample-4_model.pdb,5.20184850692749
af3-multi,eif2b3-multiseed_seed-10_sample-0_model.pdb,4.763449192047119
af3-multi,eif2b3-multiseed_seed-10_sample-1_model.pdb,4.776731491088867
af3-multi,eif2b3-multiseed_seed-10_sample-2_model.pdb,5.192411422729492
af3-multi,eif2b3-multiseed_seed-10_sample-3_model.pdb,4.654288768768311
af3-multi,eif2b3-multiseed_seed-10_sample-4_model.pdb,4.830488204956055
af3-multi,eif2b3-multiseed_seed-11_sample-0_model.pdb,4.677526950836182
af3-multi,eif2b3-multiseed_seed-11_sample-1_model.pdb,4.730964183807373
af3-multi,eif2b3-multiseed_seed-11_sample-2_model.pdb,4.849565505981445
af3-multi,eif2b3-multiseed_seed-11_sample-3_model.pdb,4.927173137664795
af3-multi,eif2b3-multiseed_seed-11_sample-4_model.pdb,4.812214374542236
af3-multi,eif2b3-multiseed_seed-12_sample-0_model.pdb,4.741859436035156
af3-multi,eif2b3-multiseed_seed-12_sample-1_model.pdb,5.170093059539795
af3-multi,eif2b3-multiseed_seed-12_sample-2_model.pdb,4.6865081787109375
af3-multi,eif2b3-multiseed_seed-12_sample-3_model.pdb,4.910891056060791
af3-multi,eif2b3-multiseed_seed-12_sample-4_model.pdb,5.079139232635498
af3-multi,eif2b3-multiseed_seed-13_sample-0_model.pdb,4.824714660644531
af3-multi,eif2b3-multiseed_seed-13_sample-1_model.pdb,4.89180326461792
af3-multi,eif2b3-multiseed_seed-13_sample-2_model.pdb,4.615801811218262
af3-multi,eif2b3-multiseed_seed-13_sample-3_model.pdb,4.973300933837891
af3-multi,eif2b3-multiseed_seed-13_sample-4_model.pdb,4.784664630889893
af3-multi,eif2b3-multiseed_seed-14_sample-0_model.pdb,4.774229049682617
af3-multi,eif2b3-multiseed_seed-14_sample-1_model.pdb,4.724381923675537
af3-multi,eif2b3-multiseed_seed-14_sample-2_model.pdb,4.742970943450928
af3-multi,eif2b3-multiseed_seed-14_sample-3_model.pdb,4.655120849609375
af3-multi,eif2b3-multiseed_seed-14_sample-4_model.pdb,4.809255123138428
af3-multi,eif2b3-multiseed_seed-15_sample-0_model.pdb,4.7166523933410645
af3-multi,eif2b3-multiseed_seed-15_sample-1_model.pdb,4.635972023010254
af3-multi,eif2b3-multiseed_seed-15_sample-2_model.pdb,4.629240036010742
af3-multi,eif2b3-multiseed_seed-15_sample-3_model.pdb,4.724233627319336
af3-multi,eif2b3-multiseed_seed-15_sample-4_model.pdb,4.870012283325195
af3-multi,eif2b3-multiseed_seed-16_sample-0_model.pdb,4.829183578491211
af3-multi,eif2b3-multiseed_seed-16_sample-1_model.pdb,4.683297157287598
af3-multi,eif2b3-multiseed_seed-16_sample-2_model.pdb,4.966240406036377
af3-multi,eif2b3-multiseed_seed-16_sample-3_model.pdb,4.859653949737549
af3-multi,eif2b3-multiseed_seed-16_sample-4_model.pdb,4.825146675109863
af3-multi,eif2b3-multiseed_seed-17_sample-0_model.pdb,5.13133716583252
af3-multi,eif2b3-multiseed_seed-17_sample-1_model.pdb,4.753289699554443
af3-multi,eif2b3-multiseed_seed-17_sample-2_model.pdb,4.837470531463623
af3-multi,eif2b3-multiseed_seed-17_sample-3_model.pdb,4.701554298400879
af3-multi,eif2b3-multiseed_seed-17_sample-4_model.pdb,4.708115100860596
af3-multi,eif2b3-multiseed_seed-18_sample-0_model.pdb,5.821203231811523
af3-multi,eif2b3-multiseed_seed-18_sample-1_model.pdb,4.892906188964844
af3-multi,eif2b3-multiseed_seed-18_sample-2_model.pdb,5.385458469390869
af3-multi,eif2b3-multiseed_seed-18_sample-3_model.pdb,4.942950248718262
af3-multi,eif2b3-multiseed_seed-18_sample-4_model.pdb,4.840502262115479
af3-multi,eif2b3-multiseed_seed-19_sample-0_model.pdb,4.891613960266113
af3-multi,eif2b3-multiseed_seed-19_sample-1_model.pdb,4.898558616638184
af3-multi,eif2b3-multiseed_seed-19_sample-2_model.pdb,4.798172950744629
af3-multi,eif2b3-multiseed_seed-19_sample-3_model.pdb,4.697024822235107
af3-multi,eif2b3-multiseed_seed-19_sample-4_model.pdb,5.415478229522705
af3-multi,eif2b3-multiseed_seed-20_sample-0_model.pdb,4.774144649505615
af3-multi,eif2b3-multiseed_seed-20_sample-1_model.pdb,4.810703277587891
af3-multi,eif2b3-multiseed_seed-20_sample-2_model.pdb,4.76994514465332
af3-multi,eif2b3-multiseed_seed-20_sample-3_model.pdb,4.805823802947998
af3-multi,eif2b3-multiseed_seed-20_sample-4_model.pdb,4.620924949645996
af3-multi,eif2b3-multiseed_seed-21_sample-0_model.pdb,4.747312068939209
af3-multi,eif2b3-multiseed_seed-21_sample-1_model.pdb,4.57957124710083
af3-multi,eif2b3-multiseed_seed-21_sample-2_model.pdb,4.623640060424805
af3-multi,eif2b3-multiseed_seed-21_sample-3_model.pdb,4.812004566192627
af3-multi,eif2b3-multiseed_seed-21_sample-4_model.pdb,4.669215202331543
af3-multi,eif2b3-multiseed_seed-22_sample-0_model.pdb,4.883274555206299
af3-multi,eif2b3-multiseed_seed-22_sample-1_model.pdb,4.62251615524292
af3-multi,eif2b3-multiseed_seed-22_sample-2_model.pdb,5.004446983337402
af3-multi,eif2b3-multiseed_seed-22_sample-3_model.pdb,4.843296051025391
af3-multi,eif2b3-multiseed_seed-22_sample-4_model.pdb,5.808805465698242
af3-multi,eif2b3-multiseed_seed-23_sample-0_model.pdb,4.796943187713623
af3-multi,eif2b3-multiseed_seed-23_sample-1_model.pdb,4.996106147766113
af3-multi,eif2b3-multiseed_seed-23_sample-2_model.pdb,4.762440204620361
af3-multi,eif2b3-multiseed_seed-23_sample-3_model.pdb,4.913217067718506
af3-multi,eif2b3-multiseed_seed-23_sample-4_model.pdb,4.731897354125977
af3-multi,eif2b3-multiseed_seed-24_sample-0_model.pdb,4.943093776702881
af3-multi,eif2b3-multiseed_seed-24_sample-1_model.pdb,4.797012805938721
af3-multi,eif2b3-multiseed_seed-24_sample-2_model.pdb,4.737794876098633
af3-multi,eif2b3-multiseed_seed-24_sample-3_model.pdb,5.192237377166748
af3-multi,eif2b3-multiseed_seed-24_sample-4_model.pdb,4.690616130828857
af3-multi,eif2b3-multiseed_seed-25_sample-0_model.pdb,4.834805488586426
af3-multi,eif2b3-multiseed_seed-25_sample-1_model.pdb,4.596787929534912
af3-multi,eif2b3-multiseed_seed-25_sample-2_model.pdb,5.159643650054932
af3-multi,eif2b3-multiseed_seed-25_sample-3_model.pdb,4.819505214691162
af3-multi,eif2b3-multiseed_seed-25_sample-4_model.pdb,4.790907859802246
af3-multi,eif2b3-multiseed_seed-26_sample-0_model.pdb,4.839465618133545
af3-multi,eif2b3-multiseed_seed-26_sample-1_model.pdb,4.817164421081543
af3-multi,eif2b3-multiseed_seed-26_sample-2_model.pdb,4.898951530456543
af3-multi,eif2b3-multiseed_seed-26_sample-3_model.pdb,4.751687526702881
af3-multi,eif2b3-multiseed_seed-26_sample-4_model.pdb,5.154643535614014
af3-multi,eif2b3-multiseed_seed-27_sample-0_model.pdb,4.654903888702393
af3-multi,eif2b3-multiseed_seed-27_sample-1_model.pdb,4.594361305236816
af3-multi,eif2b3-multiseed_seed-27_sample-2_model.pdb,4.916201591491699
af3-multi,eif2b3-multiseed_seed-27_sample-3_model.pdb,4.725975036621094
af3-multi,eif2b3-multiseed_seed-27_sample-4_model.pdb,4.8342366218566895
af3-multi,eif2b3-multiseed_seed-28_sample-0_model.pdb,4.734481334686279
af3-multi,eif2b3-multiseed_seed-28_sample-1_model.pdb,4.750367164611816
af3-multi,eif2b3-multiseed_seed-28_sample-2_model.pdb,5.114535331726074
af3-multi,eif2b3-multiseed_seed-28_sample-3_model.pdb,4.686120510101318
af3-multi,eif2b3-multiseed_seed-28_sample-4_model.pdb,4.906937122344971
af3-multi,eif2b3-multiseed_seed-29_sample-0_model.pdb,4.766746520996094
af3-multi,eif2b3-multiseed_seed-29_sample-1_model.pdb,4.7998948097229
af3-multi,eif2b3-multiseed_seed-29_sample-2_model.pdb,4.845396995544434
af3-multi,eif2b3-multiseed_seed-29_sample-3_model.pdb,5.280978202819824
af3-multi,eif2b3-multiseed_seed-29_sample-4_model.pdb,4.696059226989746
af3-multi,eif2b3-multiseed_seed-30_sample-0_model.pdb,4.933416366577148
af3-multi,eif2b3-multiseed_seed-30_sample-1_model.pdb,4.647351264953613
af3-multi,eif2b3-multiseed_seed-30_sample-2_model.pdb,5.663984298706055
af3-multi,eif2b3-multiseed_seed-30_sample-3_model.pdb,5.010724067687988
af3-multi,eif2b3-multiseed_seed-30_sample-4_model.pdb,5.419480800628662
af3-multi,eif2b3-multiseed_seed-31_sample-0_model.pdb,4.650021076202393
af3-multi,eif2b3-multiseed_seed-31_sample-1_model.pdb,4.738274574279785
af3-multi,eif2b3-multiseed_seed-31_sample-2_model.pdb,5.108319282531738
af3-multi,eif2b3-multiseed_seed-31_sample-3_model.pdb,5.084748268127441
af3-multi,eif2b3-multiseed_seed-31_sample-4_model.pdb,4.769672393798828
af3-multi,eif2b3-multiseed_seed-32_sample-0_model.pdb,4.695705413818359
af3-multi,eif2b3-multiseed_seed-32_sample-1_model.pdb,5.236574172973633
af3-multi,eif2b3-multiseed_seed-32_sample-2_model.pdb,4.658280849456787
af3-multi,eif2b3-multiseed_seed-32_sample-3_model.pdb,4.737608432769775
af3-multi,eif2b3-multiseed_seed-32_sample-4_model.pdb,4.850632190704346
af3-multi,eif2b3-multiseed_seed-33_sample-0_model.pdb,4.790461540222168
af3-multi,eif2b3-multiseed_seed-33_sample-1_model.pdb,4.8563551902771
af3-multi,eif2b3-multiseed_seed-33_sample-2_model.pdb,4.883886337280273
af3-multi,eif2b3-multiseed_seed-33_sample-3_model.pdb,4.765803813934326
af3-multi,eif2b3-multiseed_seed-33_sample-4_model.pdb,4.736299991607666
af3-multi,eif2b3-multiseed_seed-34_sample-0_model.pdb,4.852257251739502
af3-multi,eif2b3-multiseed_seed-34_sample-1_model.pdb,4.652589797973633
af3-multi,eif2b3-multiseed_seed-34_sample-2_model.pdb,5.088677406311035
af3-multi,eif2b3-multiseed_seed-34_sample-3_model.pdb,4.853147506713867
af3-multi,eif2b3-multiseed_seed-34_sample-4_model.pdb,4.695972442626953
af3-multi,eif2b3-multiseed_seed-35_sample-0_model.pdb,4.825353145599365
af3-multi,eif2b3-multiseed_seed-35_sample-1_model.pdb,4.729546070098877
af3-multi,eif2b3-multiseed_seed-35_sample-2_model.pdb,5.022637367248535
af3-multi,eif2b3-multiseed_seed-35_sample-3_model.pdb,4.824921131134033
af3-multi,eif2b3-multiseed_seed-35_sample-4_model.pdb,4.764202117919922
af3-multi,eif2b3-multiseed_seed-36_sample-0_model.pdb,5.015129089355469
af3-multi,eif2b3-multiseed_seed-36_sample-1_model.pdb,4.795372486114502
af3-multi,eif2b3-multiseed_seed-36_sample-2_model.pdb,4.982919692993164
af3-multi,eif2b3-multiseed_seed-36_sample-3_model.pdb,5.011147499084473
af3-multi,eif2b3-multiseed_seed-36_sample-4_model.pdb,4.776579856872559
af3-multi,eif2b3-multiseed_seed-37_sample-0_model.pdb,4.762375354766846
af3-multi,eif2b3-multiseed_seed-37_sample-1_model.pdb,4.672544479370117
af3-multi,eif2b3-multiseed_seed-37_sample-2_model.pdb,4.6316328048706055
af3-multi,eif2b3-multiseed_seed-37_sample-3_model.pdb,4.924280166625977
af3-multi,eif2b3-multiseed_seed-37_sample-4_model.pdb,4.759768009185791
af3-multi,eif2b3-multiseed_seed-38_sample-0_model.pdb,4.761544227600098
af3-multi,eif2b3-multiseed_seed-38_sample-1_model.pdb,4.907205104827881
af3-multi,eif2b3-multiseed_seed-38_sample-2_model.pdb,4.752099514007568
af3-multi,eif2b3-multiseed_seed-38_sample-3_model.pdb,4.717373847961426
af3-multi,eif2b3-multiseed_seed-38_sample-4_model.pdb,4.730621337890625
af3-multi,eif2b3-multiseed_seed-39_sample-0_model.pdb,4.816303730010986
af3-multi,eif2b3-multiseed_seed-39_sample-1_model.pdb,4.9658637046813965
af3-multi,eif2b3-multiseed_seed-39_sample-2_model.pdb,4.807949542999268
af3-multi,eif2b3-multiseed_seed-39_sample-3_model.pdb,4.670183181762695
af3-multi,eif2b3-multiseed_seed-39_sample-4_model.pdb,4.707395553588867
af3-multi,eif2b3-multiseed_seed-40_sample-0_model.pdb,4.688851833343506
af3-multi,eif2b3-multiseed_seed-40_sample-1_model.pdb,4.8723320960998535
af3-multi,eif2b3-multiseed_seed-40_sample-2_model.pdb,4.695444583892822
af3-multi,eif2b3-multiseed_seed-40_sample-3_model.pdb,4.748103141784668
af3-multi,eif2b3-multiseed_seed-40_sample-4_model.pdb,4.698739051818848
af3-multi,eif2b3-multiseed_seed-41_sample-0_model.pdb,4.808074951171875
af3-multi,eif2b3-multiseed_seed-41_sample-1_model.pdb,4.820233345031738
af3-multi,eif2b3-multiseed_seed-41_sample-2_model.pdb,4.673459053039551
af3-multi,eif2b3-multiseed_seed-41_sample-3_model.pdb,5.436508655548096
af3-multi,eif2b3-multiseed_seed-41_sample-4_model.pdb,4.849950313568115
af3-multi,eif2b3-multiseed_seed-42_sample-0_model.pdb,4.854981422424316
af3-multi,eif2b3-multiseed_seed-42_sample-1_model.pdb,4.844164371490479
af3-multi,eif2b3-multiseed_seed-42_sample-2_model.pdb,4.823336124420166
af3-multi,eif2b3-multiseed_seed-42_sample-3_model.pdb,4.915505886077881
af3-multi,eif2b3-multiseed_seed-42_sample-4_model.pdb,4.666445732116699
af3-multi,eif2b3-multiseed_seed-43_sample-0_model.pdb,4.93241548538208
af3-multi,eif2b3-multiseed_seed-43_sample-1_model.pdb,4.852179050445557
af3-multi,eif2b3-multiseed_seed-43_sample-2_model.pdb,4.70024299621582
af3-multi,eif2b3-multiseed_seed-43_sample-3_model.pdb,4.9396491050720215
af3-multi,eif2b3-multiseed_seed-43_sample-4_model.pdb,4.92444372177124
af3-multi,eif2b3-multiseed_seed-44_sample-0_model.pdb,4.717977046966553
af3-multi,eif2b3-multiseed_seed-44_sample-1_model.pdb,4.999756813049316
af3-multi,eif2b3-multiseed_seed-44_sample-2_model.pdb,5.044365406036377
af3-multi,eif2b3-multiseed_seed-44_sample-3_model.pdb,5.062370300292969
af3-multi,eif2b3-multiseed_seed-44_sample-4_model.pdb,5.2390241622924805
af3-multi,eif2b3-multiseed_seed-45_sample-0_model.pdb,4.980569839477539
af3-multi,eif2b3-multiseed_seed-45_sample-1_model.pdb,4.688726425170898
af3-multi,eif2b3-multiseed_seed-45_sample-2_model.pdb,4.742439270019531
af3-multi,eif2b3-multiseed_seed-45_sample-3_model.pdb,4.562255382537842
af3-multi,eif2b3-multiseed_seed-45_sample-4_model.pdb,4.728720664978027
af3-multi,eif2b3-multiseed_seed-46_sample-0_model.pdb,4.599181652069092
af3-multi,eif2b3-multiseed_seed-46_sample-1_model.pdb,4.940982341766357
af3-multi,eif2b3-multiseed_seed-46_sample-2_model.pdb,4.83022403717041
af3-multi,eif2b3-multiseed_seed-46_sample-3_model.pdb,4.680780410766602
af3-multi,eif2b3-multiseed_seed-46_sample-4_model.pdb,4.588765621185303
af3-multi,eif2b3-multiseed_seed-47_sample-0_model.pdb,4.728362560272217
af3-multi,eif2b3-multiseed_seed-47_sample-1_model.pdb,4.625192165374756
af3-multi,eif2b3-multiseed_seed-47_sample-2_model.pdb,4.825766086578369
af3-multi,eif2b3-multiseed_seed-47_sample-3_model.pdb,4.858582496643066
af3-multi,eif2b3-multiseed_seed-47_sample-4_model.pdb,4.992867469787598
af3-multi,eif2b3-multiseed_seed-48_sample-0_model.pdb,4.675987243652344
af3-multi,eif2b3-multiseed_seed-48_sample-1_model.pdb,4.754359245300293
af3-multi,eif2b3-multiseed_seed-48_sample-2_model.pdb,4.971355438232422
af3-multi,eif2b3-multiseed_seed-48_sample-3_model.pdb,4.826553821563721
af3-multi,eif2b3-multiseed_seed-48_sample-4_model.pdb,4.86018180847168
af3-multi,eif2b3-multiseed_seed-49_sample-0_model.pdb,5.17857027053833
af3-multi,eif2b3-multiseed_seed-49_sample-1_model.pdb,4.835582733154297
af3-multi,eif2b3-multiseed_seed-49_sample-2_model.pdb,4.793136119842529
af3-multi,eif2b3-multiseed_seed-49_sample-3_model.pdb,4.708749771118164
af3-multi,eif2b3-multiseed_seed-49_sample-4_model.pdb,5.008177757263184
af3-multi,eif2b3-multiseed_seed-50_sample-0_model.pdb,5.140242099761963
af3-multi,eif2b3-multiseed_seed-50_sample-1_model.pdb,4.821803569793701
af3-multi,eif2b3-multiseed_seed-50_sample-2_model.pdb,4.966396808624268
af3-multi,eif2b3-multiseed_seed-50_sample-3_model.pdb,4.953929424285889
af3-multi,eif2b3-multiseed_seed-50_sample-4_model.pdb,4.834010124206543
af3-multi,eif2b3-multiseed_seed-51_sample-0_model.pdb,5.25332498550415
af3-multi,eif2b3-multiseed_seed-51_sample-1_model.pdb,4.673331737518311
af3-multi,eif2b3-multiseed_seed-51_sample-2_model.pdb,4.788581371307373
af3-multi,eif2b3-multiseed_seed-51_sample-3_model.pdb,4.662037372589111
af3-multi,eif2b3-multiseed_seed-51_sample-4_model.pdb,4.852017879486084
af3-multi,eif2b3-multiseed_seed-52_sample-0_model.pdb,4.777573108673096
af3-multi,eif2b3-multiseed_seed-52_sample-1_model.pdb,4.635796546936035
af3-multi,eif2b3-multiseed_seed-52_sample-2_model.pdb,5.940128326416016
af3-multi,eif2b3-multiseed_seed-52_sample-3_model.pdb,4.701968669891357
af3-multi,eif2b3-multiseed_seed-52_sample-4_model.pdb,4.6600422859191895
af3-multi,eif2b3-multiseed_seed-53_sample-0_model.pdb,4.801295757293701
af3-multi,eif2b3-multiseed_seed-53_sample-1_model.pdb,4.825295448303223
af3-multi,eif2b3-multiseed_seed-53_sample-2_model.pdb,4.743286609649658
af3-multi,eif2b3-multiseed_seed-53_sample-3_model.pdb,4.629015922546387
af3-multi,eif2b3-multiseed_seed-53_sample-4_model.pdb,4.735153675079346
af3-multi,eif2b3-multiseed_seed-54_sample-0_model.pdb,4.644367694854736
af3-multi,eif2b3-multiseed_seed-54_sample-1_model.pdb,4.66846227645874
af3-multi,eif2b3-multiseed_seed-54_sample-2_model.pdb,4.824952125549316
af3-multi,eif2b3-multiseed_seed-54_sample-3_model.pdb,4.767902374267578
af3-multi,eif2b3-multiseed_seed-54_sample-4_model.pdb,4.851790904998779
af3-multi,eif2b3-multiseed_seed-55_sample-0_model.pdb,4.680272579193115
af3-multi,eif2b3-multiseed_seed-55_sample-1_model.pdb,5.012202262878418
af3-multi,eif2b3-multiseed_seed-55_sample-2_model.pdb,5.1089277267456055
af3-multi,eif2b3-multiseed_seed-55_sample-3_model.pdb,4.826373100280762
af3-multi,eif2b3-multiseed_seed-55_sample-4_model.pdb,4.925173759460449
af3-multi,eif2b3-multiseed_seed-56_sample-0_model.pdb,4.747995853424072
af3-multi,eif2b3-multiseed_seed-56_sample-1_model.pdb,4.818328857421875
af3-multi,eif2b3-multiseed_seed-56_sample-2_model.pdb,4.809385776519775
af3-multi,eif2b3-multiseed_seed-56_sample-3_model.pdb,4.961696624755859
af3-multi,eif2b3-multiseed_seed-56_sample-4_model.pdb,4.851589202880859
af3-multi,eif2b3-multiseed_seed-57_sample-0_model.pdb,4.835608005523682
af3-multi,eif2b3-multiseed_seed-57_sample-1_model.pdb,4.611873626708984
af3-multi,eif2b3-multiseed_seed-57_sample-2_model.pdb,4.634889602661133
af3-multi,eif2b3-multiseed_seed-57_sample-3_model.pdb,4.734797477722168
af3-multi,eif2b3-multiseed_seed-57_sample-4_model.pdb,4.808788776397705
af3-multi,eif2b3-multiseed_seed-58_sample-0_model.pdb,4.62644100189209
af3-multi,eif2b3-multiseed_seed-58_sample-1_model.pdb,4.785445213317871
af3-multi,eif2b3-multiseed_seed-58_sample-2_model.pdb,4.966309547424316
af3-multi,eif2b3-multiseed_seed-58_sample-3_model.pdb,4.859968185424805
af3-multi,eif2b3-multiseed_seed-58_sample-4_model.pdb,4.627712249755859
af3-multi,eif2b3-multiseed_seed-59_sample-0_model.pdb,4.904941082000732
af3-multi,eif2b3-multiseed_seed-59_sample-1_model.pdb,4.969505786895752
af3-multi,eif2b3-multiseed_seed-59_sample-2_model.pdb,4.84436559677124
af3-multi,eif2b3-multiseed_seed-59_sample-3_model.pdb,4.801262378692627
af3-multi,eif2b3-multiseed_seed-59_sample-4_model.pdb,4.830326557159424
af3-multi,eif2b3-multiseed_seed-60_sample-0_model.pdb,4.827514171600342
af3-multi,eif2b3-multiseed_seed-60_sample-1_model.pdb,4.665236949920654
af3-multi,eif2b3-multiseed_seed-60_sample-2_model.pdb,4.792019367218018
af3-multi,eif2b3-multiseed_seed-60_sample-3_model.pdb,4.8658623695373535
af3-multi,eif2b3-multiseed_seed-60_sample-4_model.pdb,4.710809707641602
af3-multi,eif2b3-multiseed_seed-61_sample-0_model.pdb,4.782339572906494
af3-multi,eif2b3-multiseed_seed-61_sample-1_model.pdb,4.70776891708374
af3-multi,eif2b3-multiseed_seed-61_sample-2_model.pdb,4.8732500076293945
af3-multi,eif2b3-multiseed_seed-61_sample-3_model.pdb,4.889886856079102
af3-multi,eif2b3-multiseed_seed-61_sample-4_model.pdb,4.932652950286865
af3-multi,eif2b3-multiseed_seed-62_sample-0_model.pdb,5.079869747161865
af3-multi,eif2b3-multiseed_seed-62_sample-1_model.pdb,4.793737888336182
af3-multi,eif2b3-multiseed_seed-62_sample-2_model.pdb,4.968524932861328
af3-multi,eif2b3-multiseed_seed-62_sample-3_model.pdb,4.814765453338623
af3-multi,eif2b3-multiseed_seed-62_sample-4_model.pdb,4.694079875946045
af3-multi,eif2b3-multiseed_seed-63_sample-0_model.pdb,4.809200286865234
af3-multi,eif2b3-multiseed_seed-63_sample-1_model.pdb,4.792893886566162
af3-multi,eif2b3-multiseed_seed-63_sample-2_model.pdb,4.786365032196045
af3-multi,eif2b3-multiseed_seed-63_sample-3_model.pdb,4.858909130096436
af3-multi,eif2b3-multiseed_seed-63_sample-4_model.pdb,5.480307579040527
af3-multi,eif2b3-multiseed_seed-64_sample-0_model.pdb,4.883135795593262
af3-multi,eif2b3-multiseed_seed-64_sample-1_model.pdb,4.853292942047119
af3-multi,eif2b3-multiseed_seed-64_sample-2_model.pdb,4.886467456817627
af3-multi,eif2b3-multiseed_seed-64_sample-3_model.pdb,4.850417137145996
af3-multi,eif2b3-multiseed_seed-64_sample-4_model.pdb,4.894864082336426
af3-multi,eif2b3-multiseed_seed-65_sample-0_model.pdb,4.905777454376221
af3-multi,eif2b3-multiseed_seed-65_sample-1_model.pdb,4.774001121520996
af3-multi,eif2b3-multiseed_seed-65_sample-2_model.pdb,4.740029811859131
af3-multi,eif2b3-multiseed_seed-65_sample-3_model.pdb,4.737067699432373
af3-multi,eif2b3-multiseed_seed-65_sample-4_model.pdb,5.114246368408203
af3-multi,eif2b3-multiseed_seed-66_sample-0_model.pdb,4.796546936035156
af3-multi,eif2b3-multiseed_seed-66_sample-1_model.pdb,4.7014665603637695
af3-multi,eif2b3-multiseed_seed-66_sample-2_model.pdb,4.892850875854492
af3-multi,eif2b3-multiseed_seed-66_sample-3_model.pdb,5.09577226638794
af3-multi,eif2b3-multiseed_seed-66_sample-4_model.pdb,4.746582984924316
af3-multi,eif2b3-multiseed_seed-67_sample-0_model.pdb,4.979471683502197
af3-multi,eif2b3-multiseed_seed-67_sample-1_model.pdb,4.860577583312988
af3-multi,eif2b3-multiseed_seed-67_sample-2_model.pdb,5.466446399688721
af3-multi,eif2b3-multiseed_seed-67_sample-3_model.pdb,4.798428535461426
af3-multi,eif2b3-multiseed_seed-67_sample-4_model.pdb,4.892953872680664
af3-multi,eif2b3-multiseed_seed-68_sample-0_model.pdb,4.704062461853027
af3-multi,eif2b3-multiseed_seed-68_sample-1_model.pdb,4.7523298263549805
af3-multi,eif2b3-multiseed_seed-68_sample-2_model.pdb,4.702603340148926
af3-multi,eif2b3-multiseed_seed-68_sample-3_model.pdb,5.199174404144287
af3-multi,eif2b3-multiseed_seed-68_sample-4_model.pdb,4.899935245513916
af3-multi,eif2b3-multiseed_seed-69_sample-0_model.pdb,5.17297887802124
af3-multi,eif2b3-multiseed_seed-69_sample-1_model.pdb,4.789292335510254
af3-multi,eif2b3-multiseed_seed-69_sample-2_model.pdb,4.813755512237549
af3-multi,eif2b3-multiseed_seed-69_sample-3_model.pdb,4.710130214691162
af3-multi,eif2b3-multiseed_seed-69_sample-4_model.pdb,4.748664855957031
af3-multi,eif2b3-multiseed_seed-70_sample-0_model.pdb,4.839365005493164
af3-multi,eif2b3-multiseed_seed-70_sample-1_model.pdb,4.640640735626221
af3-multi,eif2b3-multiseed_seed-70_sample-2_model.pdb,4.878779888153076
af3-multi,eif2b3-multiseed_seed-70_sample-3_model.pdb,4.992349624633789
af3-multi,eif2b3-multiseed_seed-70_sample-4_model.pdb,4.921399593353272
af3-multi,eif2b3-multiseed_seed-71_sample-0_model.pdb,5.501343250274658
af3-multi,eif2b3-multiseed_seed-71_sample-1_model.pdb,4.827734470367432
af3-multi,eif2b3-multiseed_seed-71_sample-2_model.pdb,5.168055534362793
af3-multi,eif2b3-multiseed_seed-71_sample-3_model.pdb,4.720652580261231
af3-multi,eif2b3-multiseed_seed-71_sample-4_model.pdb,4.89472770690918
af3-multi,eif2b3-multiseed_seed-72_sample-0_model.pdb,5.055389404296875
af3-multi,eif2b3-multiseed_seed-72_sample-1_model.pdb,4.820090770721436
af3-multi,eif2b3-multiseed_seed-72_sample-2_model.pdb,4.832476139068604
af3-multi,eif2b3-multiseed_seed-72_sample-3_model.pdb,5.184347152709961
af3-multi,eif2b3-multiseed_seed-72_sample-4_model.pdb,4.650703430175781
af3-multi,eif2b3-multiseed_seed-73_sample-0_model.pdb,4.801721572875977
af3-multi,eif2b3-multiseed_seed-73_sample-1_model.pdb,4.826837062835693
af3-multi,eif2b3-multiseed_seed-73_sample-2_model.pdb,4.577892303466797
af3-multi,eif2b3-multiseed_seed-73_sample-3_model.pdb,4.814981937408447
af3-multi,eif2b3-multiseed_seed-73_sample-4_model.pdb,4.865126132965088
af3-multi,eif2b3-multiseed_seed-74_sample-0_model.pdb,4.737481117248535
af3-multi,eif2b3-multiseed_seed-74_sample-1_model.pdb,4.910880088806152
af3-multi,eif2b3-multiseed_seed-74_sample-2_model.pdb,4.629371643066406
af3-multi,eif2b3-multiseed_seed-74_sample-3_model.pdb,4.746577739715576
af3-multi,eif2b3-multiseed_seed-74_sample-4_model.pdb,5.148741722106934
af3-multi,eif2b3-multiseed_seed-75_sample-0_model.pdb,5.3417582511901855
af3-multi,eif2b3-multiseed_seed-75_sample-1_model.pdb,5.151158332824707
af3-multi,eif2b3-multiseed_seed-75_sample-2_model.pdb,4.693863391876221
af3-multi,eif2b3-multiseed_seed-75_sample-3_model.pdb,4.823334693908691
af3-multi,eif2b3-multiseed_seed-75_sample-4_model.pdb,4.741240978240967
af3-multi,eif2b3-multiseed_seed-76_sample-0_model.pdb,4.96903133392334
af3-multi,eif2b3-multiseed_seed-76_sample-1_model.pdb,4.775557041168213
af3-multi,eif2b3-multiseed_seed-76_sample-2_model.pdb,4.659322738647461
af3-multi,eif2b3-multiseed_seed-76_sample-3_model.pdb,4.939038276672363
af3-multi,eif2b3-multiseed_seed-76_sample-4_model.pdb,4.888376712799072
af3-multi,eif2b3-multiseed_seed-77_sample-0_model.pdb,5.165822505950928
af3-multi,eif2b3-multiseed_seed-77_sample-1_model.pdb,4.737109184265137
af3-multi,eif2b3-multiseed_seed-77_sample-2_model.pdb,4.582989692687988
af3-multi,eif2b3-multiseed_seed-77_sample-3_model.pdb,5.141671180725098
af3-multi,eif2b3-multiseed_seed-77_sample-4_model.pdb,4.937613487243652
af3-multi,eif2b3-multiseed_seed-78_sample-0_model.pdb,4.793213844299316
af3-multi,eif2b3-multiseed_seed-78_sample-1_model.pdb,4.859176158905029
af3-multi,eif2b3-multiseed_seed-78_sample-2_model.pdb,4.638024806976318
af3-multi,eif2b3-multiseed_seed-78_sample-3_model.pdb,4.745462417602539
af3-multi,eif2b3-multiseed_seed-78_sample-4_model.pdb,4.736084938049316
af3-multi,eif2b3-multiseed_seed-79_sample-0_model.pdb,4.74351167678833
af3-multi,eif2b3-multiseed_seed-79_sample-1_model.pdb,5.822422027587891
af3-multi,eif2b3-multiseed_seed-79_sample-2_model.pdb,4.932616710662842
af3-multi,eif2b3-multiseed_seed-79_sample-3_model.pdb,4.9008402824401855
af3-multi,eif2b3-multiseed_seed-79_sample-4_model.pdb,4.860143184661865
af3-multi,eif2b3-multiseed_seed-80_sample-0_model.pdb,4.938863277435303
af3-multi,eif2b3-multiseed_seed-80_sample-1_model.pdb,4.664840221405029
af3-multi,eif2b3-multiseed_seed-80_sample-2_model.pdb,4.771841526031494
af3-multi,eif2b3-multiseed_seed-80_sample-3_model.pdb,4.75369930267334
af3-multi,eif2b3-multiseed_seed-80_sample-4_model.pdb,4.730082035064697
af3-multi,eif2b3-multiseed_seed-81_sample-0_model.pdb,4.714098930358887
af3-multi,eif2b3-multiseed_seed-81_sample-1_model.pdb,4.580180644989014
af3-multi,eif2b3-multiseed_seed-81_sample-2_model.pdb,4.640900611877441
af3-multi,eif2b3-multiseed_seed-81_sample-3_model.pdb,4.736877918243408
af3-multi,eif2b3-multiseed_seed-81_sample-4_model.pdb,5.140720367431641
af3-multi,eif2b3-multiseed_seed-82_sample-0_model.pdb,4.917485237121582
af3-multi,eif2b3-multiseed_seed-82_sample-1_model.pdb,4.86391019821167
af3-multi,eif2b3-multiseed_seed-82_sample-2_model.pdb,4.801344871520996
af3-multi,eif2b3-multiseed_seed-82_sample-3_model.pdb,4.757792949676514
af3-multi,eif2b3-multiseed_seed-82_sample-4_model.pdb,4.997866153717041
af3-multi,eif2b3-multiseed_seed-83_sample-0_model.pdb,4.842538356781006
af3-multi,eif2b3-multiseed_seed-83_sample-1_model.pdb,4.790525436401367
af3-multi,eif2b3-multiseed_seed-83_sample-2_model.pdb,4.779055118560791
af3-multi,eif2b3-multiseed_seed-83_sample-3_model.pdb,4.923394680023193
af3-multi,eif2b3-multiseed_seed-83_sample-4_model.pdb,4.674546718597412
af3-multi,eif2b3-multiseed_seed-84_sample-0_model.pdb,4.716144561767578
af3-multi,eif2b3-multiseed_seed-84_sample-1_model.pdb,4.9785990715026855
af3-multi,eif2b3-multiseed_seed-84_sample-2_model.pdb,4.750110149383545
af3-multi,eif2b3-multiseed_seed-84_sample-3_model.pdb,4.773369312286377
af3-multi,eif2b3-multiseed_seed-84_sample-4_model.pdb,4.705201148986816
af3-multi,eif2b3-multiseed_seed-85_sample-0_model.pdb,4.682610988616943
af3-multi,eif2b3-multiseed_seed-85_sample-1_model.pdb,4.578339576721191
af3-multi,eif2b3-multiseed_seed-85_sample-2_model.pdb,4.750482559204102
af3-multi,eif2b3-multiseed_seed-85_sample-3_model.pdb,4.961592674255371
af3-multi,eif2b3-multiseed_seed-85_sample-4_model.pdb,5.068185806274414
af3-multi,eif2b3-multiseed_seed-86_sample-0_model.pdb,4.7255964279174805
af3-multi,eif2b3-multiseed_seed-86_sample-1_model.pdb,4.527426719665527
af3-multi,eif2b3-multiseed_seed-86_sample-2_model.pdb,4.722574234008789
af3-multi,eif2b3-multiseed_seed-86_sample-3_model.pdb,4.668330192565918
af3-multi,eif2b3-multiseed_seed-86_sample-4_model.pdb,4.601966381072998
af3-multi,eif2b3-multiseed_seed-87_sample-0_model.pdb,4.902181148529053
af3-multi,eif2b3-multiseed_seed-87_sample-1_model.pdb,5.044401168823242
af3-multi,eif2b3-multiseed_seed-87_sample-2_model.pdb,4.699248790740967
af3-multi,eif2b3-multiseed_seed-87_sample-3_model.pdb,4.712353229522705
af3-multi,eif2b3-multiseed_seed-87_sample-4_model.pdb,4.587569236755371
af3-multi,eif2b3-multiseed_seed-88_sample-0_model.pdb,4.805212020874023
af3-multi,eif2b3-multiseed_seed-88_sample-1_model.pdb,4.845502853393555
af3-multi,eif2b3-multiseed_seed-88_sample-2_model.pdb,5.390464782714844
af3-multi,eif2b3-multiseed_seed-88_sample-3_model.pdb,4.828559398651123
af3-multi,eif2b3-multiseed_seed-88_sample-4_model.pdb,4.793926239013672
af3-multi,eif2b3-multiseed_seed-89_sample-0_model.pdb,4.889684677124023
af3-multi,eif2b3-multiseed_seed-89_sample-1_model.pdb,4.752285957336426
af3-multi,eif2b3-multiseed_seed-89_sample-2_model.pdb,4.914222717285156
af3-multi,eif2b3-multiseed_seed-89_sample-3_model.pdb,4.744235038757324
af3-multi,eif2b3-multiseed_seed-89_sample-4_model.pdb,4.865602016448975
af3-multi,eif2b3-multiseed_seed-90_sample-0_model.pdb,4.746953964233398
af3-multi,eif2b3-multiseed_seed-90_sample-1_model.pdb,4.969021797180176
af3-multi,eif2b3-multiseed_seed-90_sample-2_model.pdb,4.803518772125244
af3-multi,eif2b3-multiseed_seed-90_sample-3_model.pdb,4.563327789306641
af3-multi,eif2b3-multiseed_seed-90_sample-4_model.pdb,4.762334823608398
af3-multi,eif2b3-multiseed_seed-91_sample-0_model.pdb,5.140594959259033
af3-multi,eif2b3-multiseed_seed-91_sample-1_model.pdb,5.062857627868652
af3-multi,eif2b3-multiseed_seed-91_sample-2_model.pdb,5.025465488433838
af3-multi,eif2b3-multiseed_seed-91_sample-3_model.pdb,6.036459445953369
af3-multi,eif2b3-multiseed_seed-91_sample-4_model.pdb,5.107920169830322
af3-multi,eif2b3-multiseed_seed-92_sample-0_model.pdb,4.64809513092041
af3-multi,eif2b3-multiseed_seed-92_sample-1_model.pdb,4.908102512359619
af3-multi,eif2b3-multiseed_seed-92_sample-2_model.pdb,4.87037992477417
af3-multi,eif2b3-multiseed_seed-92_sample-3_model.pdb,4.850143909454346
af3-multi,eif2b3-multiseed_seed-92_sample-4_model.pdb,4.775099277496338
af3-multi,eif2b3-multiseed_seed-93_sample-0_model.pdb,5.267299175262451
af3-multi,eif2b3-multiseed_seed-93_sample-1_model.pdb,4.759346961975098
af3-multi,eif2b3-multiseed_seed-93_sample-2_model.pdb,4.774967670440674
af3-multi,eif2b3-multiseed_seed-93_sample-3_model.pdb,4.729597568511963
af3-multi,eif2b3-multiseed_seed-93_sample-4_model.pdb,4.853301048278809
af3-multi,eif2b3-multiseed_seed-94_sample-0_model.pdb,4.854901313781738
af3-multi,eif2b3-multiseed_seed-94_sample-1_model.pdb,4.752854347229004
af3-multi,eif2b3-multiseed_seed-94_sample-2_model.pdb,4.78657341003418
af3-multi,eif2b3-multiseed_seed-94_sample-3_model.pdb,4.738316059112549
af3-multi,eif2b3-multiseed_seed-94_sample-4_model.pdb,4.858573913574219
af3-multi,eif2b3-multiseed_seed-95_sample-0_model.pdb,4.915789604187012
af3-multi,eif2b3-multiseed_seed-95_sample-1_model.pdb,5.08544921875
af3-multi,eif2b3-multiseed_seed-95_sample-2_model.pdb,4.883692741394043
af3-multi,eif2b3-multiseed_seed-95_sample-3_model.pdb,5.173007011413574
af3-multi,eif2b3-multiseed_seed-95_sample-4_model.pdb,4.747593402862549
af3-multi,eif2b3-multiseed_seed-96_sample-0_model.pdb,4.686855316162109
af3-multi,eif2b3-multiseed_seed-96_sample-1_model.pdb,4.659173011779785
af3-multi,eif2b3-multiseed_seed-96_sample-2_model.pdb,4.656333923339844
af3-multi,eif2b3-multiseed_seed-96_sample-3_model.pdb,4.5920610427856445
af3-multi,eif2b3-multiseed_seed-96_sample-4_model.pdb,9.067978858947754
af3-multi,eif2b3-multiseed_seed-97_sample-0_model.pdb,4.801244735717773
af3-multi,eif2b3-multiseed_seed-97_sample-1_model.pdb,4.811941146850586
af3-multi,eif2b3-multiseed_seed-97_sample-2_model.pdb,4.958984851837158
af3-multi,eif2b3-multiseed_seed-97_sample-3_model.pdb,4.980061054229736
af3-multi,eif2b3-multiseed_seed-97_sample-4_model.pdb,4.704948425292969
af3-multi,eif2b3-multiseed_seed-98_sample-0_model.pdb,4.866572380065918
af3-multi,eif2b3-multiseed_seed-98_sample-1_model.pdb,7.071484088897705
af3-multi,eif2b3-multiseed_seed-98_sample-2_model.pdb,4.829351425170898
af3-multi,eif2b3-multiseed_seed-98_sample-3_model.pdb,4.906723976135254
af3-multi,eif2b3-multiseed_seed-98_sample-4_model.pdb,6.1685791015625
af3-multi,eif2b3-multiseed_seed-99_sample-0_model.pdb,4.730249404907227
af3-multi,eif2b3-multiseed_seed-99_sample-1_model.pdb,4.750545501708984
af3-multi,eif2b3-multiseed_seed-99_sample-2_model.pdb,4.890955448150635
af3-multi,eif2b3-multiseed_seed-99_sample-3_model.pdb,5.33590030670166
af3-multi,eif2b3-multiseed_seed-99_sample-4_model.pdb,4.795285701751709
af3_cluster,eif2b3_clustered_eif2b3_000_seed-0_sample-0_model.pdb,7.147554874420166
af3_cluster,eif2b3_clustered_eif2b3_001_seed-0_sample-0_model.pdb,4.676212310791016
af3_cluster,eif2b3_clustered_eif2b3_002_seed-0_sample-0_model.pdb,4.726767539978027
af3_cluster,eif2b3_clustered_eif2b3_003_seed-0_sample-0_model.pdb,8.685959815979004
af3_cluster,eif2b3_clustered_eif2b3_004_seed-0_sample-0_model.pdb,4.672310829162598
af3_cluster,eif2b3_clustered_eif2b3_005_seed-0_sample-0_model.pdb,9.457014083862305
af3_cluster,eif2b3_clustered_eif2b3_006_seed-0_sample-0_model.pdb,5.350372791290283
af3_cluster,eif2b3_clustered_eif2b3_007_seed-0_sample-0_model.pdb,4.69171142578125
af3_cluster,eif2b3_clustered_eif2b3_008_seed-0_sample-0_model.pdb,4.686367034912109
af3_cluster,eif2b3_clustered_eif2b3_009_seed-0_sample-0_model.pdb,4.978273868560791
af3_cluster,eif2b3_clustered_eif2b3_010_seed-0_sample-0_model.pdb,9.567778587341309
af3_cluster,eif2b3_clustered_eif2b3_011_seed-0_sample-0_model.pdb,9.422316551208496
af3_cluster,eif2b3_clustered_eif2b3_012_seed-0_sample-0_model.pdb,4.754940032958984
af3_cluster,eif2b3_clustered_eif2b3_013_seed-0_sample-0_model.pdb,5.079850196838379
af3_cluster,eif2b3_clustered_eif2b3_014_seed-0_sample-0_model.pdb,5.612250804901123
af3_cluster,eif2b3_clustered_eif2b3_015_seed-0_sample-0_model.pdb,9.26736831665039
af3_cluster,eif2b3_clustered_eif2b3_016_seed-0_sample-0_model.pdb,8.695356369018555
af3_cluster,eif2b3_clustered_eif2b3_017_seed-0_sample-0_model.pdb,6.409515380859375
af3_cluster,eif2b3_clustered_eif2b3_018_seed-0_sample-0_model.pdb,4.937528610229492
af3_cluster,eif2b3_clustered_eif2b3_019_seed-0_sample-0_model.pdb,10.379593849182127
af3_cluster,eif2b3_clustered_eif2b3_020_seed-0_sample-0_model.pdb,4.750708103179932
af3_cluster,eif2b3_clustered_eif2b3_021_seed-0_sample-0_model.pdb,9.46848964691162
af3_cluster,eif2b3_clustered_eif2b3_022_seed-0_sample-0_model.pdb,10.11276626586914
af3_cluster,eif2b3_clustered_eif2b3_023_seed-0_sample-0_model.pdb,6.765068054199219
af3_cluster,eif2b3_clustered_eif2b3_024_seed-0_sample-0_model.pdb,5.247130393981934
af3_cluster,eif2b3_clustered_eif2b3_025_seed-0_sample-0_model.pdb,4.641103267669678
af3_cluster,eif2b3_clustered_eif2b3_026_seed-0_sample-0_model.pdb,9.418167114257812
af3_cluster,eif2b3_clustered_eif2b3_027_seed-0_sample-0_model.pdb,10.751543045043944
af3_cluster,eif2b3_clustered_eif2b3_028_seed-0_sample-0_model.pdb,9.365364074707031
af3_cluster,eif2b3_clustered_eif2b3_029_seed-0_sample-0_model.pdb,9.548978805541992
af3_cluster,eif2b3_clustered_eif2b3_030_seed-0_sample-0_model.pdb,4.798214435577393
af3_cluster,eif2b3_clustered_eif2b3_031_seed-0_sample-0_model.pdb,4.505174160003662
af3_cluster,eif2b3_clustered_eif2b3_032_seed-0_sample-0_model.pdb,10.329668998718262
af3_cluster,eif2b3_clustered_eif2b3_033_seed-0_sample-0_model.pdb,4.324548244476318
af3_cluster,eif2b3_clustered_eif2b3_034_seed-0_sample-0_model.pdb,4.622775554656982
af3_cluster,eif2b3_clustered_eif2b3_035_seed-0_sample-0_model.pdb,9.607389450073242
af3_cluster,eif2b3_clustered_eif2b3_036_seed-0_sample-0_model.pdb,9.724343299865724
af3_cluster,eif2b3_clustered_eif2b3_037_seed-0_sample-0_model.pdb,4.581665992736816
af3_cluster,eif2b3_clustered_eif2b3_038_seed-0_sample-0_model.pdb,8.352814674377441
af3_cluster,eif2b3_clustered_eif2b3_039_seed-0_sample-0_model.pdb,9.755062103271484
af3_cluster,eif2b3_clustered_eif2b3_040_seed-0_sample-0_model.pdb,9.801433563232422
af3_cluster,eif2b3_clustered_eif2b3_041_seed-0_sample-0_model.pdb,7.555702209472656
af3_cluster,eif2b3_clustered_eif2b3_042_seed-0_sample-0_model.pdb,5.083573818206787
af3_cluster,eif2b3_clustered_eif2b3_043_seed-0_sample-0_model.pdb,9.701543807983398
af3_cluster,eif2b3_clustered_eif2b3_044_seed-0_sample-0_model.pdb,9.578280448913574
af3_cluster,eif2b3_clustered_eif2b3_045_seed-0_sample-0_model.pdb,9.315224647521973
af3_cluster,eif2b3_clustered_eif2b3_046_seed-0_sample-0_model.pdb,8.33267879486084
af3_cluster,eif2b3_clustered_eif2b3_047_seed-0_sample-0_model.pdb,5.049643516540527
af3_cluster,eif2b3_clustered_eif2b3_048_seed-0_sample-0_model.pdb,4.683699131011963
af3_cluster,eif2b3_clustered_eif2b3_049_seed-0_sample-0_model.pdb,9.671165466308594
af3_cluster,eif2b3_clustered_eif2b3_050_seed-0_sample-0_model.pdb,4.78269624710083
af3_cluster,eif2b3_clustered_eif2b3_051_seed-0_sample-0_model.pdb,4.844389915466309
af3_cluster,eif2b3_clustered_eif2b3_052_seed-0_sample-0_model.pdb,9.4253568649292
af3_cluster,eif2b3_clustered_eif2b3_053_seed-0_sample-0_model.pdb,4.624852180480957
af3_cluster,eif2b3_clustered_eif2b3_054_seed-0_sample-0_model.pdb,5.911801338195801
af3_cluster,eif2b3_clustered_eif2b3_055_seed-0_sample-0_model.pdb,4.590452194213867
af3_cluster,eif2b3_clustered_eif2b3_u10-000_seed-0_sample-0_model.pdb,4.928633213043213
af3_cluster,eif2b3_clustered_eif2b3_u10-001_seed-0_sample-0_model.pdb,4.710366249084473
af3_cluster,eif2b3_clustered_eif2b3_u10-002_seed-0_sample-0_model.pdb,5.381147384643555
af3_cluster,eif2b3_clustered_eif2b3_u10-003_seed-0_sample-0_model.pdb,6.425239562988281
af3_cluster,eif2b3_clustered_eif2b3_u10-004_seed-0_sample-0_model.pdb,4.658221244812012
af3_cluster,eif2b3_clustered_eif2b3_u10-005_seed-0_sample-0_model.pdb,4.710364818572998
af3_cluster,eif2b3_clustered_eif2b3_u10-006_seed-0_sample-0_model.pdb,7.170455932617188
af3_cluster,eif2b3_clustered_eif2b3_u10-007_seed-0_sample-0_model.pdb,4.803638458251953
af3_cluster,eif2b3_clustered_eif2b3_u10-008_seed-0_sample-0_model.pdb,7.447506904602051
af3_cluster,eif2b3_clustered_eif2b3_u10-009_seed-0_sample-0_model.pdb,4.647264003753662
af3_cluster,eif2b3_clustered_eif2b3_u100-000_seed-0_sample-0_model.pdb,4.707519054412842
af3_cluster,eif2b3_clustered_eif2b3_u100-001_seed-0_sample-0_model.pdb,4.709733486175537
af3_cluster,eif2b3_clustered_eif2b3_u100-002_seed-0_sample-0_model.pdb,4.741830348968506
af3_cluster,eif2b3_clustered_eif2b3_u100-003_seed-0_sample-0_model.pdb,4.793059825897217
af3_cluster,eif2b3_clustered_eif2b3_u100-004_seed-0_sample-0_model.pdb,4.898215293884277
af3_cluster,eif2b3_clustered_eif2b3_u100-005_seed-0_sample-0_model.pdb,4.718278884887695
af3_cluster,eif2b3_clustered_eif2b3_u100-006_seed-0_sample-0_model.pdb,4.862721920013428
af3_cluster,eif2b3_clustered_eif2b3_u100-007_seed-0_sample-0_model.pdb,4.682917594909668
af3_cluster,eif2b3_clustered_eif2b3_u100-008_seed-0_sample-0_model.pdb,4.890158653259277
af3_cluster,eif2b3_clustered_eif2b3_u100-009_seed-0_sample-0_model.pdb,5.073513031005859
af3sample2,eif2b3_perturbed_result_model_1_pred_1_nodropout_perturbed_msa_seed-0_sample-0_model.pdb,4.926021575927734
af3sample2,eif2b3_perturbed_result_model_1_pred_2_nodropout_perturbed_msa_seed-0_sample-0_model.pdb,4.83009672164917
af3sample2,eif2b3_perturbed_result_model_1_pred_3_nodropout_perturbed_msa_seed-0_sample-0_model.pdb,4.712967395782471
af3sample2,eif2b3_perturbed_result_model_1_pred_4_nodropout_perturbed_msa_seed-0_sample-0_model.pdb,4.682626247406006
af3sample2,eif2b3_perturbed_result_model_1_pred_5_nodropout_perturbed_msa_seed-0_sample-0_model.pdb,7.214344024658203
af3sample2,eif2b3_perturbed_result_model_1_pred_6_nodropout_perturbed_msa_seed-0_sample-0_model.pdb,4.7279372215271
af3sample2,eif2b3_perturbed_result_model_1_pred_7_nodropout_perturbed_msa_seed-0_sample-0_model.pdb,4.884922027587891
af3sample2,eif2b3_perturbed_result_model_1_pred_8_nodropout_perturbed_msa_seed-0_sample-0_model.pdb,4.772035121917725
af3sample2,eif2b3_perturbed_result_model_1_pred_9_nodropout_perturbed_msa_seed-0_sample-0_model.pdb,4.728275299072266
af3sample2,eif2b3_perturbed_result_model_1_pred_10_nodropout_perturbed_msa_seed-0_sample-0_model.pdb,4.86171293258667
af3sample2,eif2b3_perturbed_result_model_1_pred_11_nodropout_perturbed_msa_seed-0_sample-0_model.pdb,7.4911603927612305
af3sample2,eif2b3_perturbed_result_model_1_pred_12_nodropout_perturbed_msa_seed-0_sample-0_model.pdb,4.742012977600098
af3sample2,eif2b3_perturbed_result_model_1_pred_13_nodropout_perturbed_msa_seed-0_sample-0_model.pdb,4.791078090667725
af3sample2,eif2b3_perturbed_result_model_1_pred_14_nodropout_perturbed_msa_seed-0_sample-0_model.pdb,4.777231693267822
af3sample2,eif2b3_perturbed_result_model_1_pred_15_nodropout_perturbed_msa_seed-0_sample-0_model.pdb,4.694409370422363
af3sample2,eif2b3_perturbed_result_model_1_pred_16_nodropout_perturbed_msa_seed-0_sample-0_model.pdb,4.761757850646973
af3sample2,eif2b3_perturbed_result_model_1_pred_17_nodropout_perturbed_msa_seed-0_sample-0_model.pdb,4.694845199584961
af3sample2,eif2b3_perturbed_result_model_1_pred_18_nodropout_perturbed_msa_seed-0_sample-0_model.pdb,4.72288179397583
af3sample2,eif2b3_perturbed_result_model_1_pred_19_nodropout_perturbed_msa_seed-0_sample-0_model.pdb,4.752365589141846
af3sample2,eif2b3_perturbed_result_model_1_pred_20_nodropout_perturbed_msa_seed-0_sample-0_model.pdb,4.704549789428711
af3sample2,eif2b3_perturbed_result_model_1_pred_21_nodropout_perturbed_msa_seed-0_sample-0_model.pdb,4.68237829208374
af3sample2,eif2b3_perturbed_result_model_1_pred_22_nodropout_perturbed_msa_seed-0_sample-0_model.pdb,4.69498872756958
af3sample2,eif2b3_perturbed_result_model_1_pred_23_nodropout_perturbed_msa_seed-0_sample-0_model.pdb,4.701622009277344
af3sample2,eif2b3_perturbed_result_model_1_pred_24_nodropout_perturbed_msa_seed-0_sample-0_model.pdb,4.749796390533447
af3sample2,eif2b3_perturbed_result_model_1_pred_25_nodropout_perturbed_msa_seed-0_sample-0_model.pdb,4.707352161407471
af3sample2,eif2b3_perturbed_result_model_1_pred_26_nodropout_perturbed_msa_seed-0_sample-0_model.pdb,4.706782817840576
af3sample2,eif2b3_perturbed_result_model_1_pred_27_nodropout_perturbed_msa_seed-0_sample-0_model.pdb,4.670502662658691
af3sample2,eif2b3_perturbed_result_model_1_pred_28_nodropout_perturbed_msa_seed-0_sample-0_model.pdb,4.6732587814331055
af3sample2,eif2b3_perturbed_result_model_1_pred_29_nodropout_perturbed_msa_seed-0_sample-0_model.pdb,4.707383155822754
af3sample2,eif2b3_perturbed_result_model_1_pred_30_nodropout_perturbed_msa_seed-0_sample-0_model.pdb,4.7730584144592285
af3sample2,eif2b3_perturbed_result_model_1_pred_31_nodropout_perturbed_msa_seed-0_sample-0_model.pdb,4.686664581298828
af3sample2,eif2b3_perturbed_result_model_1_pred_32_nodropout_perturbed_msa_seed-0_sample-0_model.pdb,4.754522800445557
af3sample2,eif2b3_perturbed_result_model_1_pred_33_nodropout_perturbed_msa_seed-0_sample-0_model.pdb,4.7675323486328125
af3sample2,eif2b3_perturbed_result_model_1_pred_34_nodropout_perturbed_msa_seed-0_sample-0_model.pdb,4.873414039611816
af3sample2,eif2b3_perturbed_result_model_1_pred_35_nodropout_perturbed_msa_seed-0_sample-0_model.pdb,4.690953731536865
af3sample2,eif2b3_perturbed_result_model_1_pred_36_nodropout_perturbed_msa_seed-0_sample-0_model.pdb,4.699880599975586
af3sample2,eif2b3_perturbed_result_model_1_pred_37_nodropout_perturbed_msa_seed-0_sample-0_model.pdb,5.024997234344482
af3sample2,eif2b3_perturbed_result_model_1_pred_38_nodropout_perturbed_msa_seed-0_sample-0_model.pdb,4.76934289932251
af3sample2,eif2b3_perturbed_result_model_1_pred_39_nodropout_perturbed_msa_seed-0_sample-0_model.pdb,4.680735111236572
af3sample2,eif2b3_perturbed_result_model_1_pred_40_nodropout_perturbed_msa_seed-0_sample-0_model.pdb,4.7731451988220215
af3sample2,eif2b3_perturbed_result_model_1_pred_41_nodropout_perturbed_msa_seed-0_sample-0_model.pdb,4.727763652801514
af3sample2,eif2b3_perturbed_result_model_1_pred_42_nodropout_perturbed_msa_seed-0_sample-0_model.pdb,4.728521823883057
af3sample2,eif2b3_perturbed_result_model_1_pred_43_nodropout_perturbed_msa_seed-0_sample-0_model.pdb,4.7079758644104
af3sample2,eif2b3_perturbed_result_model_1_pred_44_nodropout_perturbed_msa_seed-0_sample-0_model.pdb,4.662236213684082
af3sample2,eif2b3_perturbed_result_model_1_pred_45_nodropout_perturbed_msa_seed-0_sample-0_model.pdb,4.979775905609131
af3sample2,eif2b3_perturbed_result_model_1_pred_46_nodropout_perturbed_msa_seed-0_sample-0_model.pdb,4.828492641448975
af3sample2,eif2b3_perturbed_result_model_1_pred_47_nodropout_perturbed_msa_seed-0_sample-0_model.pdb,4.724899291992188
af3sample2,eif2b3_perturbed_result_model_1_pred_48_nodropout_perturbed_msa_seed-0_sample-0_model.pdb,4.837414741516113
af3sample2,eif2b3_perturbed_result_model_1_pred_49_nodropout_perturbed_msa_seed-0_sample-0_model.pdb,4.699124813079834
af3sample2,eif2b3_perturbed_result_model_1_pred_50_nodropout_perturbed_msa_seed-0_sample-0_model.pdb,4.706087589263916
af3sample2,eif2b3_perturbed_result_model_1_pred_51_nodropout_perturbed_msa_seed-0_sample-0_model.pdb,4.802318572998047
af3sample2,eif2b3_perturbed_result_model_1_pred_52_nodropout_perturbed_msa_seed-0_sample-0_model.pdb,4.694788932800293
af3sample2,eif2b3_perturbed_result_model_1_pred_53_nodropout_perturbed_msa_seed-0_sample-0_model.pdb,4.74247932434082
af3sample2,eif2b3_perturbed_result_model_1_pred_54_nodropout_perturbed_msa_seed-0_sample-0_model.pdb,4.694423198699951
af3sample2,eif2b3_perturbed_result_model_1_pred_55_nodropout_perturbed_msa_seed-0_sample-0_model.pdb,4.675629615783691
af3sample2,eif2b3_perturbed_result_model_1_pred_56_nodropout_perturbed_msa_seed-0_sample-0_model.pdb,4.810573577880859
af3sample2,eif2b3_perturbed_result_model_1_pred_57_nodropout_perturbed_msa_seed-0_sample-0_model.pdb,4.713267803192139
af3sample2,eif2b3_perturbed_result_model_1_pred_58_nodropout_perturbed_msa_seed-0_sample-0_model.pdb,4.721126079559326
af3sample2,eif2b3_perturbed_result_model_1_pred_59_nodropout_perturbed_msa_seed-0_sample-0_model.pdb,4.708884716033936
af3sample2,eif2b3_perturbed_result_model_1_pred_60_nodropout_perturbed_msa_seed-0_sample-0_model.pdb,4.711389064788818
af3sample2,eif2b3_perturbed_result_model_1_pred_61_nodropout_perturbed_msa_seed-0_sample-0_model.pdb,4.699809551239014
af3sample2,eif2b3_perturbed_result_model_1_pred_62_nodropout_perturbed_msa_seed-0_sample-0_model.pdb,4.749439239501953
af3sample2,eif2b3_perturbed_result_model_1_pred_63_nodropout_perturbed_msa_seed-0_sample-0_model.pdb,4.659070014953613
af3sample2,eif2b3_perturbed_result_model_1_pred_64_nodropout_perturbed_msa_seed-0_sample-0_model.pdb,4.884432315826416
af3sample2,eif2b3_perturbed_result_model_1_pred_65_nodropout_perturbed_msa_seed-0_sample-0_model.pdb,4.732813358306885
af3sample2,eif2b3_perturbed_result_model_1_pred_66_nodropout_perturbed_msa_seed-0_sample-0_model.pdb,4.713387966156006
af3sample2,eif2b3_perturbed_result_model_1_pred_67_nodropout_perturbed_msa_seed-0_sample-0_model.pdb,4.808871746063232
af3sample2,eif2b3_perturbed_result_model_1_pred_68_nodropout_perturbed_msa_seed-0_sample-0_model.pdb,4.728881359100342
af3sample2,eif2b3_perturbed_result_model_1_pred_69_nodropout_perturbed_msa_seed-0_sample-0_model.pdb,4.712752819061279
af3sample2,eif2b3_perturbed_result_model_1_pred_70_nodropout_perturbed_msa_seed-0_sample-0_model.pdb,4.764026641845703
af3sample2,eif2b3_perturbed_result_model_1_pred_71_nodropout_perturbed_msa_seed-0_sample-0_model.pdb,4.722830295562744
af3sample2,eif2b3_perturbed_result_model_1_pred_72_nodropout_perturbed_msa_seed-0_sample-0_model.pdb,4.973401546478272
af3sample2,eif2b3_perturbed_result_model_1_pred_73_nodropout_perturbed_msa_seed-0_sample-0_model.pdb,4.742928504943848
af3sample2,eif2b3_perturbed_result_model_1_pred_74_nodropout_perturbed_msa_seed-0_sample-0_model.pdb,4.7373151779174805
af3sample2,eif2b3_perturbed_result_model_1_pred_75_nodropout_perturbed_msa_seed-0_sample-0_model.pdb,4.727022171020508
af3sample2,eif2b3_perturbed_result_model_1_pred_76_nodropout_perturbed_msa_seed-0_sample-0_model.pdb,4.7210693359375
af3sample2,eif2b3_perturbed_result_model_1_pred_77_nodropout_perturbed_msa_seed-0_sample-0_model.pdb,4.718830585479736
af3sample2,eif2b3_perturbed_result_model_1_pred_78_nodropout_perturbed_msa_seed-0_sample-0_model.pdb,4.721316337585449
af3sample2,eif2b3_perturbed_result_model_1_pred_79_nodropout_perturbed_msa_seed-0_sample-0_model.pdb,4.791374683380127
af3sample2,eif2b3_perturbed_result_model_1_pred_80_nodropout_perturbed_msa_seed-0_sample-0_model.pdb,4.677597522735596
af3sample2,eif2b3_perturbed_result_model_1_pred_81_nodropout_perturbed_msa_seed-0_sample-0_model.pdb,4.84443998336792
af3sample2,eif2b3_perturbed_result_model_1_pred_82_nodropout_perturbed_msa_seed-0_sample-0_model.pdb,4.816610336303711
af3sample2,eif2b3_perturbed_result_model_1_pred_83_nodropout_perturbed_msa_seed-0_sample-0_model.pdb,4.708817958831787
af3sample2,eif2b3_perturbed_result_model_1_pred_84_nodropout_perturbed_msa_seed-0_sample-0_model.pdb,4.6937360763549805
af3sample2,eif2b3_perturbed_result_model_1_pred_85_nodropout_perturbed_msa_seed-0_sample-0_model.pdb,4.6301374435424805
af3sample2,eif2b3_perturbed_result_model_1_pred_86_nodropout_perturbed_msa_seed-0_sample-0_model.pdb,4.717722892761231
af3sample2,eif2b3_perturbed_result_model_1_pred_87_nodropout_perturbed_msa_seed-0_sample-0_model.pdb,4.843468189239502
af3sample2,eif2b3_perturbed_result_model_1_pred_88_nodropout_perturbed_msa_seed-0_sample-0_model.pdb,4.774697303771973
af3sample2,eif2b3_perturbed_result_model_1_pred_89_nodropout_perturbed_msa_seed-0_sample-0_model.pdb,4.731595993041992
af3sample2,eif2b3_perturbed_result_model_1_pred_90_nodropout_perturbed_msa_seed-0_sample-0_model.pdb,4.656644344329834
af3sample2,eif2b3_perturbed_result_model_1_pred_91_nodropout_perturbed_msa_seed-0_sample-0_model.pdb,4.863968372344971
af3sample2,eif2b3_perturbed_result_model_1_pred_92_nodropout_perturbed_msa_seed-0_sample-0_model.pdb,4.816221714019775
af3sample2,eif2b3_perturbed_result_model_1_pred_93_nodropout_perturbed_msa_seed-0_sample-0_model.pdb,4.6763763427734375
af3sample2,eif2b3_perturbed_result_model_1_pred_94_nodropout_perturbed_msa_seed-0_sample-0_model.pdb,4.928388595581055
af3sample2,eif2b3_perturbed_result_model_1_pred_95_nodropout_perturbed_msa_seed-0_sample-0_model.pdb,4.7079291343688965
af3sample2,eif2b3_perturbed_result_model_1_pred_96_nodropout_perturbed_msa_seed-0_sample-0_model.pdb,4.801673889160156
af3sample2,eif2b3_perturbed_result_model_1_pred_97_nodropout_perturbed_msa_seed-0_sample-0_model.pdb,4.840328216552734
af3sample2,eif2b3_perturbed_result_model_1_pred_98_nodropout_perturbed_msa_seed-0_sample-0_model.pdb,4.722280025482178
af3sample2,eif2b3_perturbed_result_model_1_pred_99_nodropout_perturbed_msa_seed-0_sample-0_model.pdb,5.01955509185791
af3sample2,eif2b3_perturbed_result_model_1_pred_100_nodropout_perturbed_msa_seed-0_sample-0_model.pdb,4.700082302093506
af3sample2,eif2b3_perturbed_result_model_2_pred_1_nodropout_perturbed_msa_seed-0_sample-0_model.pdb,4.703680038452148
af3sample2,eif2b3_perturbed_result_model_2_pred_2_nodropout_perturbed_msa_seed-0_sample-0_model.pdb,4.714121341705322
af3sample2,eif2b3_perturbed_result_model_2_pred_3_nodropout_perturbed_msa_seed-0_sample-0_model.pdb,4.764132499694824
af3sample2,eif2b3_perturbed_result_model_2_pred_4_nodropout_perturbed_msa_seed-0_sample-0_model.pdb,4.744673728942871
af3sample2,eif2b3_perturbed_result_model_2_pred_5_nodropout_perturbed_msa_seed-0_sample-0_model.pdb,4.662135601043701
af3sample2,eif2b3_perturbed_result_model_2_pred_6_nodropout_perturbed_msa_seed-0_sample-0_model.pdb,4.860696792602539
af3sample2,eif2b3_perturbed_result_model_2_pred_7_nodropout_perturbed_msa_seed-0_sample-0_model.pdb,4.763684749603272
af3sample2,eif2b3_perturbed_result_model_2_pred_8_nodropout_perturbed_msa_seed-0_sample-0_model.pdb,4.800149440765381
af3sample2,eif2b3_perturbed_result_model_2_pred_9_nodropout_perturbed_msa_seed-0_sample-0_model.pdb,4.743319511413574
af3sample2,eif2b3_perturbed_result_model_2_pred_10_nodropout_perturbed_msa_seed-0_sample-0_model.pdb,4.733907222747803
af3sample2,eif2b3_perturbed_result_model_2_pred_11_nodropout_perturbed_msa_seed-0_sample-0_model.pdb,4.7108964920043945
af3sample2,eif2b3_perturbed_result_model_2_pred_12_nodropout_perturbed_msa_seed-0_sample-0_model.pdb,4.6983323097229
af3sample2,eif2b3_perturbed_result_model_2_pred_13_nodropout_perturbed_msa_seed-0_sample-0_model.pdb,4.802995681762695
af3sample2,eif2b3_perturbed_result_model_2_pred_14_nodropout_perturbed_msa_seed-0_sample-0_model.pdb,4.718076705932617
af3sample2,eif2b3_perturbed_result_model_2_pred_15_nodropout_perturbed_msa_seed-0_sample-0_model.pdb,4.702638149261475
af3sample2,eif2b3_perturbed_result_model_2_pred_16_nodropout_perturbed_msa_seed-0_sample-0_model.pdb,4.771659851074219
af3sample2,eif2b3_perturbed_result_model_2_pred_17_nodropout_perturbed_msa_seed-0_sample-0_model.pdb,4.798616409301758
af3sample2,eif2b3_perturbed_result_model_2_pred_18_nodropout_perturbed_msa_seed-0_sample-0_model.pdb,4.786701202392578
af3sample2,eif2b3_perturbed_result_model_2_pred_19_nodropout_perturbed_msa_seed-0_sample-0_model.pdb,5.401445388793945
af3sample2,eif2b3_perturbed_result_model_2_pred_20_nodropout_perturbed_msa_seed-0_sample-0_model.pdb,4.64484167098999
af3sample2,eif2b3_perturbed_result_model_2_pred_21_nodropout_perturbed_msa_seed-0_sample-0_model.pdb,4.6702561378479
af3sample2,eif2b3_perturbed_result_model_2_pred_22_nodropout_perturbed_msa_seed-0_sample-0_model.pdb,4.72086763381958
af3sample2,eif2b3_perturbed_result_model_2_pred_23_nodropout_perturbed_msa_seed-0_sample-0_model.pdb,5.223940849304199
af3sample2,eif2b3_perturbed_result_model_2_pred_24_nodropout_perturbed_msa_seed-0_sample-0_model.pdb,6.942511081695557
af3sample2,eif2b3_perturbed_result_model_2_pred_25_nodropout_perturbed_msa_seed-0_sample-0_model.pdb,4.7640061378479
af3sample2,eif2b3_perturbed_result_model_2_pred_26_nodropout_perturbed_msa_seed-0_sample-0_model.pdb,4.926373481750488
af3sample2,eif2b3_perturbed_result_model_2_pred_27_nodropout_perturbed_msa_seed-0_sample-0_model.pdb,4.769828796386719
af3sample2,eif2b3_perturbed_result_model_2_pred_28_nodropout_perturbed_msa_seed-0_sample-0_model.pdb,4.746169567108154
af3sample2,eif2b3_perturbed_result_model_2_pred_29_nodropout_perturbed_msa_seed-0_sample-0_model.pdb,4.842244625091553
af3sample2,eif2b3_perturbed_result_model_2_pred_30_nodropout_perturbed_msa_seed-0_sample-0_model.pdb,4.692991256713867
af3sample2,eif2b3_perturbed_result_model_2_pred_31_nodropout_perturbed_msa_seed-0_sample-0_model.pdb,4.866167545318604
af3sample2,eif2b3_perturbed_result_model_2_pred_32_nodropout_perturbed_msa_seed-0_sample-0_model.pdb,4.818233966827393
af3sample2,eif2b3_perturbed_result_model_2_pred_33_nodropout_perturbed_msa_seed-0_sample-0_model.pdb,4.769396781921387
af3sample2,eif2b3_perturbed_result_model_2_pred_34_nodropout_perturbed_msa_seed-0_sample-0_model.pdb,4.670814514160156
af3sample2,eif2b3_perturbed_result_model_2_pred_35_nodropout_perturbed_msa_seed-0_sample-0_model.pdb,4.738008975982666
af3sample2,eif2b3_perturbed_result_model_2_pred_36_nodropout_perturbed_msa_seed-0_sample-0_model.pdb,4.717623233795166
af3sample2,eif2b3_perturbed_result_model_2_pred_37_nodropout_perturbed_msa_seed-0_sample-0_model.pdb,4.703269958496094
af3sample2,eif2b3_perturbed_result_model_2_pred_38_nodropout_perturbed_msa_seed-0_sample-0_model.pdb,4.745098114013672
af3sample2,eif2b3_perturbed_result_model_2_pred_39_nodropout_perturbed_msa_seed-0_sample-0_model.pdb,4.679473876953125
af3sample2,eif2b3_perturbed_result_model_2_pred_40_nodropout_perturbed_msa_seed-0_sample-0_model.pdb,4.681633949279785
af3sample2,eif2b3_perturbed_result_model_2_pred_41_nodropout_perturbed_msa_seed-0_sample-0_model.pdb,4.7335205078125
af3sample2,eif2b3_perturbed_result_model_2_pred_42_nodropout_perturbed_msa_seed-0_sample-0_model.pdb,4.761214256286621
af3sample2,eif2b3_perturbed_result_model_2_pred_43_nodropout_perturbed_msa_seed-0_sample-0_model.pdb,4.7357611656188965
af3sample2,eif2b3_perturbed_result_model_2_pred_44_nodropout_perturbed_msa_seed-0_sample-0_model.pdb,4.65957498550415
af3sample2,eif2b3_perturbed_result_model_2_pred_45_nodropout_perturbed_msa_seed-0_sample-0_model.pdb,4.707592964172363
af3sample2,eif2b3_perturbed_result_model_2_pred_46_nodropout_perturbed_msa_seed-0_sample-0_model.pdb,4.8930745124816895
af3sample2,eif2b3_perturbed_result_model_2_pred_47_nodropout_perturbed_msa_seed-0_sample-0_model.pdb,4.680047035217285
af3sample2,eif2b3_perturbed_result_model_2_pred_48_nodropout_perturbed_msa_seed-0_sample-0_model.pdb,4.751347541809082
af3sample2,eif2b3_perturbed_result_model_2_pred_49_nodropout_perturbed_msa_seed-0_sample-0_model.pdb,4.81419563293457
af3sample2,eif2b3_perturbed_result_model_2_pred_50_nodropout_perturbed_msa_seed-0_sample-0_model.pdb,4.705107688903809
af3sample2,eif2b3_perturbed_result_model_2_pred_51_nodropout_perturbed_msa_seed-0_sample-0_model.pdb,4.721784591674805
af3sample2,eif2b3_perturbed_result_model_2_pred_52_nodropout_perturbed_msa_seed-0_sample-0_model.pdb,4.832807540893555
af3sample2,eif2b3_perturbed_result_model_2_pred_53_nodropout_perturbed_msa_seed-0_sample-0_model.pdb,4.735010147094727
af3sample2,eif2b3_perturbed_result_model_2_pred_54_nodropout_perturbed_msa_seed-0_sample-0_model.pdb,4.728920936584473
af3sample2,eif2b3_perturbed_result_model_2_pred_55_nodropout_perturbed_msa_seed-0_sample-0_model.pdb,5.134720802307129
af3sample2,eif2b3_perturbed_result_model_2_pred_56_nodropout_perturbed_msa_seed-0_sample-0_model.pdb,4.706757545471191
af3sample2,eif2b3_perturbed_result_model_2_pred_57_nodropout_perturbed_msa_seed-0_sample-0_model.pdb,7.504804134368896
af3sample2,eif2b3_perturbed_result_model_2_pred_58_nodropout_perturbed_msa_seed-0_sample-0_model.pdb,4.839506149291992
af3sample2,eif2b3_perturbed_result_model_2_pred_59_nodropout_perturbed_msa_seed-0_sample-0_model.pdb,4.879644393920898
af3sample2,eif2b3_perturbed_result_model_2_pred_60_nodropout_perturbed_msa_seed-0_sample-0_model.pdb,4.788506507873535
af3sample2,eif2b3_perturbed_result_model_2_pred_61_nodropout_perturbed_msa_seed-0_sample-0_model.pdb,4.8228631019592285
af3sample2,eif2b3_perturbed_result_model_2_pred_62_nodropout_perturbed_msa_seed-0_sample-0_model.pdb,4.739017963409424
af3sample2,eif2b3_perturbed_result_model_2_pred_63_nodropout_perturbed_msa_seed-0_sample-0_model.pdb,4.691403865814209
af3sample2,eif2b3_perturbed_result_model_2_pred_64_nodropout_perturbed_msa_seed-0_sample-0_model.pdb,4.702572822570801
af3sample2,eif2b3_perturbed_result_model_2_pred_65_nodropout_perturbed_msa_seed-0_sample-0_model.pdb,4.741710186004639
af3sample2,eif2b3_perturbed_result_model_2_pred_66_nodropout_perturbed_msa_seed-0_sample-0_model.pdb,4.678430080413818
af3sample2,eif2b3_perturbed_result_model_2_pred_67_nodropout_perturbed_msa_seed-0_sample-0_model.pdb,4.9765944480896
af3sample2,eif2b3_perturbed_result_model_2_pred_68_nodropout_perturbed_msa_seed-0_sample-0_model.pdb,4.677639961242676
af3sample2,eif2b3_perturbed_result_model_2_pred_69_nodropout_perturbed_msa_seed-0_sample-0_model.pdb,4.761484146118164
af3sample2,eif2b3_perturbed_result_model_2_pred_70_nodropout_perturbed_msa_seed-0_sample-0_model.pdb,4.715047836303711
af3sample2,eif2b3_perturbed_result_model_2_pred_71_nodropout_perturbed_msa_seed-0_sample-0_model.pdb,4.700671672821045
af3sample2,eif2b3_perturbed_result_model_2_pred_72_nodropout_perturbed_msa_seed-0_sample-0_model.pdb,4.719778537750244
af3sample2,eif2b3_perturbed_result_model_2_pred_73_nodropout_perturbed_msa_seed-0_sample-0_model.pdb,4.710679531097412
af3sample2,eif2b3_perturbed_result_model_2_pred_74_nodropout_perturbed_msa_seed-0_sample-0_model.pdb,4.741227149963379
af3sample2,eif2b3_perturbed_result_model_2_pred_75_nodropout_perturbed_msa_seed-0_sample-0_model.pdb,4.725189208984375
af3sample2,eif2b3_perturbed_result_model_2_pred_76_nodropout_perturbed_msa_seed-0_sample-0_model.pdb,4.837490558624268
af3sample2,eif2b3_perturbed_result_model_2_pred_77_nodropout_perturbed_msa_seed-0_sample-0_model.pdb,4.818174362182617
af3sample2,eif2b3_perturbed_result_model_2_pred_78_nodropout_perturbed_msa_seed-0_sample-0_model.pdb,4.778534412384033
af3sample2,eif2b3_perturbed_result_model_2_pred_79_nodropout_perturbed_msa_seed-0_sample-0_model.pdb,4.7293701171875
af3sample2,eif2b3_perturbed_result_model_2_pred_80_nodropout_perturbed_msa_seed-0_sample-0_model.pdb,4.68519926071167
af3sample2,eif2b3_perturbed_result_model_2_pred_81_nodropout_perturbed_msa_seed-0_sample-0_model.pdb,4.810797691345215
af3sample2,eif2b3_perturbed_result_model_2_pred_82_nodropout_perturbed_msa_seed-0_sample-0_model.pdb,4.700365543365479
af3sample2,eif2b3_perturbed_result_model_2_pred_83_nodropout_perturbed_msa_seed-0_sample-0_model.pdb,4.802123069763184
af3sample2,eif2b3_perturbed_result_model_2_pred_84_nodropout_perturbed_msa_seed-0_sample-0_model.pdb,4.6888508796691895
af3sample2,eif2b3_perturbed_result_model_2_pred_85_nodropout_perturbed_msa_seed-0_sample-0_model.pdb,4.797883033752441
af3sample2,eif2b3_perturbed_result_model_2_pred_86_nodropout_perturbed_msa_seed-0_sample-0_model.pdb,4.965664863586426
af3sample2,eif2b3_perturbed_result_model_2_pred_87_nodropout_perturbed_msa_seed-0_sample-0_model.pdb,4.680539608001709
af3sample2,eif2b3_perturbed_result_model_2_pred_88_nodropout_perturbed_msa_seed-0_sample-0_model.pdb,4.925599098205566
af3sample2,eif2b3_perturbed_result_model_2_pred_89_nodropout_perturbed_msa_seed-0_sample-0_model.pdb,4.702621936798096
af3sample2,eif2b3_perturbed_result_model_2_pred_90_nodropout_perturbed_msa_seed-0_sample-0_model.pdb,4.704646110534668
af3sample2,eif2b3_perturbed_result_model_2_pred_91_nodropout_perturbed_msa_seed-0_sample-0_model.pdb,4.732092380523682
af3sample2,eif2b3_perturbed_result_model_2_pred_92_nodropout_perturbed_msa_seed-0_sample-0_model.pdb,4.673510551452637
af3sample2,eif2b3_perturbed_result_model_2_pred_93_nodropout_perturbed_msa_seed-0_sample-0_model.pdb,4.704385757446289
af3sample2,eif2b3_perturbed_result_model_2_pred_94_nodropout_perturbed_msa_seed-0_sample-0_model.pdb,4.718177318572998
af3sample2,eif2b3_perturbed_result_model_2_pred_95_nodropout_perturbed_msa_seed-0_sample-0_model.pdb,4.679759979248047
af3sample2,eif2b3_perturbed_result_model_2_pred_96_nodropout_perturbed_msa_seed-0_sample-0_model.pdb,4.824337959289551
af3sample2,eif2b3_perturbed_result_model_2_pred_97_nodropout_perturbed_msa_seed-0_sample-0_model.pdb,4.696382999420166
af3sample2,eif2b3_perturbed_result_model_2_pred_98_nodropout_perturbed_msa_seed-0_sample-0_model.pdb,4.713649749755859
af3sample2,eif2b3_perturbed_result_model_2_pred_99_nodropout_perturbed_msa_seed-0_sample-0_model.pdb,4.716123104095459
af3sample2,eif2b3_perturbed_result_model_2_pred_100_nodropout_perturbed_msa_seed-0_sample-0_model.pdb,4.775537967681885
af3sample2,eif2b3_perturbed_result_model_3_pred_1_nodropout_perturbed_msa_seed-0_sample-0_model.pdb,4.725762844085693
af3sample2,eif2b3_perturbed_result_model_3_pred_2_nodropout_perturbed_msa_seed-0_sample-0_model.pdb,4.748364448547363
af3sample2,eif2b3_perturbed_result_model_3_pred_3_nodropout_perturbed_msa_seed-0_sample-0_model.pdb,4.710596084594727
af3sample2,eif2b3_perturbed_result_model_3_pred_4_nodropout_perturbed_msa_seed-0_sample-0_model.pdb,4.868400096893311
af3sample2,eif2b3_perturbed_result_model_3_pred_5_nodropout_perturbed_msa_seed-0_sample-0_model.pdb,4.746586322784424
af3sample2,eif2b3_perturbed_result_model_3_pred_6_nodropout_perturbed_msa_seed-0_sample-0_model.pdb,4.771132946014404
af3sample2,eif2b3_perturbed_result_model_3_pred_7_nodropout_perturbed_msa_seed-0_sample-0_model.pdb,4.742345333099365
af3sample2,eif2b3_perturbed_result_model_3_pred_8_nodropout_perturbed_msa_seed-0_sample-0_model.pdb,4.811880588531494
af3sample2,eif2b3_perturbed_result_model_3_pred_9_nodropout_perturbed_msa_seed-0_sample-0_model.pdb,5.022022724151611
af3sample2,eif2b3_perturbed_result_model_3_pred_10_nodropout_perturbed_msa_seed-0_sample-0_model.pdb,4.752976894378662
af3sample2,eif2b3_perturbed_result_model_3_pred_11_nodropout_perturbed_msa_seed-0_sample-0_model.pdb,4.692835807800293
af3sample2,eif2b3_perturbed_result_model_3_pred_12_nodropout_perturbed_msa_seed-0_sample-0_model.pdb,4.82493257522583
af3sample2,eif2b3_perturbed_result_model_3_pred_13_nodropout_perturbed_msa_seed-0_sample-0_model.pdb,5.213416576385498
af3sample2,eif2b3_perturbed_result_model_3_pred_14_nodropout_perturbed_msa_seed-0_sample-0_model.pdb,4.724344253540039
af3sample2,eif2b3_perturbed_result_model_3_pred_15_nodropout_perturbed_msa_seed-0_sample-0_model.pdb,6.986000061035156
af3sample2,eif2b3_perturbed_result_model_3_pred_16_nodropout_perturbed_msa_seed-0_sample-0_model.pdb,4.850196838378906
af3sample2,eif2b3_perturbed_result_model_3_pred_17_nodropout_perturbed_msa_seed-0_sample-0_model.pdb,7.24095344543457
af3sample2,eif2b3_perturbed_result_model_3_pred_18_nodropout_perturbed_msa_seed-0_sample-0_model.pdb,4.725011825561523
af3sample2,eif2b3_perturbed_result_model_3_pred_19_nodropout_perturbed_msa_seed-0_sample-0_model.pdb,4.689800262451172
af3sample2,eif2b3_perturbed_result_model_3_pred_20_nodropout_perturbed_msa_seed-0_sample-0_model.pdb,4.733739376068115
af3sample2,eif2b3_perturbed_result_model_3_pred_21_nodropout_perturbed_msa_seed-0_sample-0_model.pdb,4.750753879547119
af3sample2,eif2b3_perturbed_result_model_3_pred_22_nodropout_perturbed_msa_seed-0_sample-0_model.pdb,4.852091312408447
af3sample2,eif2b3_perturbed_result_model_3_pred_23_nodropout_perturbed_msa_seed-0_sample-0_model.pdb,4.733659744262695
af3sample2,eif2b3_perturbed_result_model_3_pred_24_nodropout_perturbed_msa_seed-0_sample-0_model.pdb,4.6895928382873535
af3sample2,eif2b3_perturbed_result_model_3_pred_25_nodropout_perturbed_msa_seed-0_sample-0_model.pdb,4.702946662902832
af3sample2,eif2b3_perturbed_result_model_3_pred_26_nodropout_perturbed_msa_seed-0_sample-0_model.pdb,4.719466686248779
af3sample2,eif2b3_perturbed_result_model_3_pred_27_nodropout_perturbed_msa_seed-0_sample-0_model.pdb,4.684457778930664
af3sample2,eif2b3_perturbed_result_model_3_pred_28_nodropout_perturbed_msa_seed-0_sample-0_model.pdb,4.712902545928955
af3sample2,eif2b3_perturbed_result_model_3_pred_29_nodropout_perturbed_msa_seed-0_sample-0_model.pdb,4.888113498687744
af3sample2,eif2b3_perturbed_result_model_3_pred_30_nodropout_perturbed_msa_seed-0_sample-0_model.pdb,7.295744895935059
af3sample2,eif2b3_perturbed_result_model_3_pred_31_nodropout_perturbed_msa_seed-0_sample-0_model.pdb,4.709860801696777
af3sample2,eif2b3_perturbed_result_model_3_pred_32_nodropout_perturbed_msa_seed-0_sample-0_model.pdb,5.479379653930664
af3sample2,eif2b3_perturbed_result_model_3_pred_33_nodropout_perturbed_msa_seed-0_sample-0_model.pdb,4.715473651885986
af3sample2,eif2b3_perturbed_result_model_3_pred_34_nodropout_perturbed_msa_seed-0_sample-0_model.pdb,4.728427410125732
af3sample2,eif2b3_perturbed_result_model_3_pred_35_nodropout_perturbed_msa_seed-0_sample-0_model.pdb,4.717133522033691
af3sample2,eif2b3_perturbed_result_model_3_pred_36_nodropout_perturbed_msa_seed-0_sample-0_model.pdb,4.689579486846924
af3sample2,eif2b3_perturbed_result_model_3_pred_37_nodropout_perturbed_msa_seed-0_sample-0_model.pdb,4.695518493652344
af3sample2,eif2b3_perturbed_result_model_3_pred_38_nodropout_perturbed_msa_seed-0_sample-0_model.pdb,4.801422119140625
af3sample2,eif2b3_perturbed_result_model_3_pred_39_nodropout_perturbed_msa_seed-0_sample-0_model.pdb,4.693821907043457
af3sample2,eif2b3_perturbed_result_model_3_pred_40_nodropout_perturbed_msa_seed-0_sample-0_model.pdb,5.406308174133301
af3sample2,eif2b3_perturbed_result_model_3_pred_41_nodropout_perturbed_msa_seed-0_sample-0_model.pdb,4.622732162475586
af3sample2,eif2b3_perturbed_result_model_3_pred_42_nodropout_perturbed_msa_seed-0_sample-0_model.pdb,4.725960731506348
af3sample2,eif2b3_perturbed_result_model_3_pred_43_nodropout_perturbed_msa_seed-0_sample-0_model.pdb,4.7379536628723145
af3sample2,eif2b3_perturbed_result_model_3_pred_44_nodropout_perturbed_msa_seed-0_sample-0_model.pdb,4.716914653778076
af3sample2,eif2b3_perturbed_result_model_3_pred_45_nodropout_perturbed_msa_seed-0_sample-0_model.pdb,4.661075592041016
af3sample2,eif2b3_perturbed_result_model_3_pred_46_nodropout_perturbed_msa_seed-0_sample-0_model.pdb,4.68025016784668
af3sample2,eif2b3_perturbed_result_model_3_pred_47_nodropout_perturbed_msa_seed-0_sample-0_model.pdb,4.754319190979004
af3sample2,eif2b3_perturbed_result_model_3_pred_48_nodropout_perturbed_msa_seed-0_sample-0_model.pdb,4.669416904449463
af3sample2,eif2b3_perturbed_result_model_3_pred_49_nodropout_perturbed_msa_seed-0_sample-0_model.pdb,4.709293365478516
af3sample2,eif2b3_perturbed_result_model_3_pred_50_nodropout_perturbed_msa_seed-0_sample-0_model.pdb,4.780764102935791
af3sample2,eif2b3_perturbed_result_model_3_pred_51_nodropout_perturbed_msa_seed-0_sample-0_model.pdb,4.718030452728272
af3sample2,eif2b3_perturbed_result_model_3_pred_52_nodropout_perturbed_msa_seed-0_sample-0_model.pdb,4.740078449249268
af3sample2,eif2b3_perturbed_result_model_3_pred_53_nodropout_perturbed_msa_seed-0_sample-0_model.pdb,4.817498207092285
af3sample2,eif2b3_perturbed_result_model_3_pred_54_nodropout_perturbed_msa_seed-0_sample-0_model.pdb,4.689859390258789
af3sample2,eif2b3_perturbed_result_model_3_pred_55_nodropout_perturbed_msa_seed-0_sample-0_model.pdb,4.743395805358887
af3sample2,eif2b3_perturbed_result_model_3_pred_56_nodropout_perturbed_msa_seed-0_sample-0_model.pdb,5.901962757110596
af3sample2,eif2b3_perturbed_result_model_3_pred_57_nodropout_perturbed_msa_seed-0_sample-0_model.pdb,4.732145309448242
af3sample2,eif2b3_perturbed_result_model_3_pred_58_nodropout_perturbed_msa_seed-0_sample-0_model.pdb,4.754061698913574
af3sample2,eif2b3_perturbed_result_model_3_pred_59_nodropout_perturbed_msa_seed-0_sample-0_model.pdb,4.725296497344971
af3sample2,eif2b3_perturbed_result_model_3_pred_60_nodropout_perturbed_msa_seed-0_sample-0_model.pdb,4.800194263458252
af3sample2,eif2b3_perturbed_result_model_3_pred_61_nodropout_perturbed_msa_seed-0_sample-0_model.pdb,4.810190677642822
af3sample2,eif2b3_perturbed_result_model_3_pred_62_nodropout_perturbed_msa_seed-0_sample-0_model.pdb,4.874743461608887
af3sample2,eif2b3_perturbed_result_model_3_pred_63_nodropout_perturbed_msa_seed-0_sample-0_model.pdb,4.702313423156738
af3sample2,eif2b3_perturbed_result_model_3_pred_64_nodropout_perturbed_msa_seed-0_sample-0_model.pdb,4.721423625946045
af3sample2,eif2b3_perturbed_result_model_3_pred_65_nodropout_perturbed_msa_seed-0_sample-0_model.pdb,4.7070159912109375
af3sample2,eif2b3_perturbed_result_model_3_pred_66_nodropout_perturbed_msa_seed-0_sample-0_model.pdb,4.794224739074707
af3sample2,eif2b3_perturbed_result_model_3_pred_67_nodropout_perturbed_msa_seed-0_sample-0_model.pdb,4.844335556030273
af3sample2,eif2b3_perturbed_result_model_3_pred_68_nodropout_perturbed_msa_seed-0_sample-0_model.pdb,4.778916835784912
af3sample2,eif2b3_perturbed_result_model_3_pred_69_nodropout_perturbed_msa_seed-0_sample-0_model.pdb,4.720877170562744
af3sample2,eif2b3_perturbed_result_model_3_pred_70_nodropout_perturbed_msa_seed-0_sample-0_model.pdb,4.703743934631348
af3sample2,eif2b3_perturbed_result_model_3_pred_71_nodropout_perturbed_msa_seed-0_sample-0_model.pdb,4.778842926025391
af3sample2,eif2b3_perturbed_result_model_3_pred_72_nodropout_perturbed_msa_seed-0_sample-0_model.pdb,4.749448299407959
af3sample2,eif2b3_perturbed_result_model_3_pred_73_nodropout_perturbed_msa_seed-0_sample-0_model.pdb,4.760360240936279
af3sample2,eif2b3_perturbed_result_model_3_pred_74_nodropout_perturbed_msa_seed-0_sample-0_model.pdb,4.758897304534912
af3sample2,eif2b3_perturbed_result_model_3_pred_75_nodropout_perturbed_msa_seed-0_sample-0_model.pdb,4.745323181152344
af3sample2,eif2b3_perturbed_result_model_3_pred_76_nodropout_perturbed_msa_seed-0_sample-0_model.pdb,4.766871452331543
af3sample2,eif2b3_perturbed_result_model_3_pred_77_nodropout_perturbed_msa_seed-0_sample-0_model.pdb,4.692924499511719
af3sample2,eif2b3_perturbed_result_model_3_pred_78_nodropout_perturbed_msa_seed-0_sample-0_model.pdb,4.855204582214356
af3sample2,eif2b3_perturbed_result_model_3_pred_79_nodropout_perturbed_msa_seed-0_sample-0_model.pdb,6.006485939025879
af3sample2,eif2b3_perturbed_result_model_3_pred_80_nodropout_perturbed_msa_seed-0_sample-0_model.pdb,4.886352062225342
af3sample2,eif2b3_perturbed_result_model_3_pred_81_nodropout_perturbed_msa_seed-0_sample-0_model.pdb,4.766270160675049
af3sample2,eif2b3_perturbed_result_model_3_pred_82_nodropout_perturbed_msa_seed-0_sample-0_model.pdb,4.847290992736816
af3sample2,eif2b3_perturbed_result_model_3_pred_83_nodropout_perturbed_msa_seed-0_sample-0_model.pdb,4.758288383483887
af3sample2,eif2b3_perturbed_result_model_3_pred_84_nodropout_perturbed_msa_seed-0_sample-0_model.pdb,4.72735595703125
af3sample2,eif2b3_perturbed_result_model_3_pred_85_nodropout_perturbed_msa_seed-0_sample-0_model.pdb,4.730676174163818
af3sample2,eif2b3_perturbed_result_model_3_pred_86_nodropout_perturbed_msa_seed-0_sample-0_model.pdb,4.704238414764404
af3sample2,eif2b3_perturbed_result_model_3_pred_87_nodropout_perturbed_msa_seed-0_sample-0_model.pdb,4.712643146514893
af3sample2,eif2b3_perturbed_result_model_3_pred_88_nodropout_perturbed_msa_seed-0_sample-0_model.pdb,4.70360803604126
af3sample2,eif2b3_perturbed_result_model_3_pred_89_nodropout_perturbed_msa_seed-0_sample-0_model.pdb,4.717505931854248
af3sample2,eif2b3_perturbed_result_model_3_pred_90_nodropout_perturbed_msa_seed-0_sample-0_model.pdb,4.768413066864014
af3sample2,eif2b3_perturbed_result_model_3_pred_91_nodropout_perturbed_msa_seed-0_sample-0_model.pdb,4.851520538330078
af3sample2,eif2b3_perturbed_result_model_3_pred_92_nodropout_perturbed_msa_seed-0_sample-0_model.pdb,4.814416885375977
af3sample2,eif2b3_perturbed_result_model_3_pred_93_nodropout_perturbed_msa_seed-0_sample-0_model.pdb,4.741988182067871
af3sample2,eif2b3_perturbed_result_model_3_pred_94_nodropout_perturbed_msa_seed-0_sample-0_model.pdb,4.708905220031738
af3sample2,eif2b3_perturbed_result_model_3_pred_95_nodropout_perturbed_msa_seed-0_sample-0_model.pdb,4.66946268081665
af3sample2,eif2b3_perturbed_result_model_3_pred_96_nodropout_perturbed_msa_seed-0_sample-0_model.pdb,4.719440460205078
af3sample2,eif2b3_perturbed_result_model_3_pred_97_nodropout_perturbed_msa_seed-0_sample-0_model.pdb,4.801097393035889
af3sample2,eif2b3_perturbed_result_model_3_pred_98_nodropout_perturbed_msa_seed-0_sample-0_model.pdb,4.704647064208984
af3sample2,eif2b3_perturbed_result_model_3_pred_99_nodropout_perturbed_msa_seed-0_sample-0_model.pdb,4.741976261138916
af3sample2,eif2b3_perturbed_result_model_3_pred_100_nodropout_perturbed_msa_seed-0_sample-0_model.pdb,4.638230800628662
af3sample2,eif2b3_perturbed_result_model_4_pred_1_nodropout_perturbed_msa_seed-0_sample-0_model.pdb,4.865573883056641
af3sample2,eif2b3_perturbed_result_model_4_pred_2_nodropout_perturbed_msa_seed-0_sample-0_model.pdb,4.757723331451416
af3sample2,eif2b3_perturbed_result_model_4_pred_3_nodropout_perturbed_msa_seed-0_sample-0_model.pdb,4.723142147064209
af3sample2,eif2b3_perturbed_result_model_4_pred_4_nodropout_perturbed_msa_seed-0_sample-0_model.pdb,4.722970008850098
af3sample2,eif2b3_perturbed_result_model_4_pred_5_nodropout_perturbed_msa_seed-0_sample-0_model.pdb,6.998758316040039
af3sample2,eif2b3_perturbed_result_model_4_pred_6_nodropout_perturbed_msa_seed-0_sample-0_model.pdb,4.651782512664795
af3sample2,eif2b3_perturbed_result_model_4_pred_7_nodropout_perturbed_msa_seed-0_sample-0_model.pdb,4.64442253112793
af3sample2,eif2b3_perturbed_result_model_4_pred_8_nodropout_perturbed_msa_seed-0_sample-0_model.pdb,4.759005546569824
af3sample2,eif2b3_perturbed_result_model_4_pred_9_nodropout_perturbed_msa_seed-0_sample-0_model.pdb,4.940727710723877
af3sample2,eif2b3_perturbed_result_model_4_pred_10_nodropout_perturbed_msa_seed-0_sample-0_model.pdb,4.722797870635986
af3sample2,eif2b3_perturbed_result_model_4_pred_11_nodropout_perturbed_msa_seed-0_sample-0_model.pdb,4.685479640960693
af3sample2,eif2b3_perturbed_result_model_4_pred_12_nodropout_perturbed_msa_seed-0_sample-0_model.pdb,4.746413230895996
af3sample2,eif2b3_perturbed_result_model_4_pred_13_nodropout_perturbed_msa_seed-0_sample-0_model.pdb,4.786903858184815
af3sample2,eif2b3_perturbed_result_model_4_pred_14_nodropout_perturbed_msa_seed-0_sample-0_model.pdb,4.755112171173096
af3sample2,eif2b3_perturbed_result_model_4_pred_15_nodropout_perturbed_msa_seed-0_sample-0_model.pdb,4.727636814117432
af3sample2,eif2b3_perturbed_result_model_4_pred_16_nodropout_perturbed_msa_seed-0_sample-0_model.pdb,4.849478721618652
af3sample2,eif2b3_perturbed_result_model_4_pred_17_nodropout_perturbed_msa_seed-0_sample-0_model.pdb,4.713993072509766
af3sample2,eif2b3_perturbed_result_model_4_pred_18_nodropout_perturbed_msa_seed-0_sample-0_model.pdb,4.738464832305908
af3sample2,eif2b3_perturbed_result_model_4_pred_19_nodropout_perturbed_msa_seed-0_sample-0_model.pdb,4.733792304992676
af3sample2,eif2b3_perturbed_result_model_4_pred_20_nodropout_perturbed_msa_seed-0_sample-0_model.pdb,4.746430397033691
af3sample2,eif2b3_perturbed_result_model_4_pred_21_nodropout_perturbed_msa_seed-0_sample-0_model.pdb,4.817643642425537
af3sample2,eif2b3_perturbed_result_model_4_pred_22_nodropout_perturbed_msa_seed-0_sample-0_model.pdb,4.6918559074401855
af3sample2,eif2b3_perturbed_result_model_4_pred_23_nodropout_perturbed_msa_seed-0_sample-0_model.pdb,4.68752908706665
af3sample2,eif2b3_perturbed_result_model_4_pred_24_nodropout_perturbed_msa_seed-0_sample-0_model.pdb,4.728715419769287
af3sample2,eif2b3_perturbed_result_model_4_pred_25_nodropout_perturbed_msa_seed-0_sample-0_model.pdb,4.767155170440674
af3sample2,eif2b3_perturbed_result_model_4_pred_26_nodropout_perturbed_msa_seed-0_sample-0_model.pdb,4.749773025512695
af3sample2,eif2b3_perturbed_result_model_4_pred_27_nodropout_perturbed_msa_seed-0_sample-0_model.pdb,4.76992654800415
af3sample2,eif2b3_perturbed_result_model_4_pred_28_nodropout_perturbed_msa_seed-0_sample-0_model.pdb,4.770650386810303
af3sample2,eif2b3_perturbed_result_model_4_pred_29_nodropout_perturbed_msa_seed-0_sample-0_model.pdb,4.741247177124023
af3sample2,eif2b3_perturbed_result_model_4_pred_30_nodropout_perturbed_msa_seed-0_sample-0_model.pdb,4.720087051391602
af3sample2,eif2b3_perturbed_result_model_4_pred_31_nodropout_perturbed_msa_seed-0_sample-0_model.pdb,7.029930114746094
af3sample2,eif2b3_perturbed_result_model_4_pred_32_nodropout_perturbed_msa_seed-0_sample-0_model.pdb,4.742465496063232
af3sample2,eif2b3_perturbed_result_model_4_pred_33_nodropout_perturbed_msa_seed-0_sample-0_model.pdb,4.7699785232543945
af3sample2,eif2b3_perturbed_result_model_4_pred_34_nodropout_perturbed_msa_seed-0_sample-0_model.pdb,5.086750984191895
af3sample2,eif2b3_perturbed_result_model_4_pred_35_nodropout_perturbed_msa_seed-0_sample-0_model.pdb,7.282784461975098
af3sample2,eif2b3_perturbed_result_model_4_pred_36_nodropout_perturbed_msa_seed-0_sample-0_model.pdb,4.686087608337402
af3sample2,eif2b3_perturbed_result_model_4_pred_37_nodropout_perturbed_msa_seed-0_sample-0_model.pdb,4.702090263366699
af3sample2,eif2b3_perturbed_result_model_4_pred_38_nodropout_perturbed_msa_seed-0_sample-0_model.pdb,4.790403842926025
af3sample2,eif2b3_perturbed_result_model_4_pred_39_nodropout_perturbed_msa_seed-0_sample-0_model.pdb,4.734091758728027
af3sample2,eif2b3_perturbed_result_model_4_pred_40_nodropout_perturbed_msa_seed-0_sample-0_model.pdb,4.714700698852539
af3sample2,eif2b3_perturbed_result_model_4_pred_41_nodropout_perturbed_msa_seed-0_sample-0_model.pdb,4.678780555725098
af3sample2,eif2b3_perturbed_result_model_4_pred_42_nodropout_perturbed_msa_seed-0_sample-0_model.pdb,4.698326110839844
af3sample2,eif2b3_perturbed_result_model_4_pred_43_nodropout_perturbed_msa_seed-0_sample-0_model.pdb,5.976235389709473
af3sample2,eif2b3_perturbed_result_model_4_pred_44_nodropout_perturbed_msa_seed-0_sample-0_model.pdb,4.695234298706055
af3sample2,eif2b3_perturbed_result_model_4_pred_45_nodropout_perturbed_msa_seed-0_sample-0_model.pdb,4.766284465789795
af3sample2,eif2b3_perturbed_result_model_4_pred_46_nodropout_perturbed_msa_seed-0_sample-0_model.pdb,4.743809223175049
af3sample2,eif2b3_perturbed_result_model_4_pred_47_nodropout_perturbed_msa_seed-0_sample-0_model.pdb,4.855329513549805
af3sample2,eif2b3_perturbed_result_model_4_pred_48_nodropout_perturbed_msa_seed-0_sample-0_model.pdb,4.800045490264893
af3sample2,eif2b3_perturbed_result_model_4_pred_49_nodropout_perturbed_msa_seed-0_sample-0_model.pdb,4.791314125061035
af3sample2,eif2b3_perturbed_result_model_4_pred_50_nodropout_perturbed_msa_seed-0_sample-0_model.pdb,4.788063049316406
af3sample2,eif2b3_perturbed_result_model_4_pred_51_nodropout_perturbed_msa_seed-0_sample-0_model.pdb,4.705477237701416
af3sample2,eif2b3_perturbed_result_model_4_pred_52_nodropout_perturbed_msa_seed-0_sample-0_model.pdb,4.735968112945557
af3sample2,eif2b3_perturbed_result_model_4_pred_53_nodropout_perturbed_msa_seed-0_sample-0_model.pdb,4.766922950744629
af3sample2,eif2b3_perturbed_result_model_4_pred_54_nodropout_perturbed_msa_seed-0_sample-0_model.pdb,4.751284599304199
af3sample2,eif2b3_perturbed_result_model_4_pred_55_nodropout_perturbed_msa_seed-0_sample-0_model.pdb,4.722722053527832
af3sample2,eif2b3_perturbed_result_model_4_pred_56_nodropout_perturbed_msa_seed-0_sample-0_model.pdb,4.768044948577881
af3sample2,eif2b3_perturbed_result_model_4_pred_57_nodropout_perturbed_msa_seed-0_sample-0_model.pdb,4.721006870269775
af3sample2,eif2b3_perturbed_result_model_4_pred_58_nodropout_perturbed_msa_seed-0_sample-0_model.pdb,4.750247001647949
af3sample2,eif2b3_perturbed_result_model_4_pred_59_nodropout_perturbed_msa_seed-0_sample-0_model.pdb,4.85122537612915
af3sample2,eif2b3_perturbed_result_model_4_pred_60_nodropout_perturbed_msa_seed-0_sample-0_model.pdb,4.698323249816895
af3sample2,eif2b3_perturbed_result_model_4_pred_61_nodropout_perturbed_msa_seed-0_sample-0_model.pdb,4.69385290145874
af3sample2,eif2b3_perturbed_result_model_4_pred_62_nodropout_perturbed_msa_seed-0_sample-0_model.pdb,4.690037727355957
af3sample2,eif2b3_perturbed_result_model_4_pred_63_nodropout_perturbed_msa_seed-0_sample-0_model.pdb,7.136551380157471
af3sample2,eif2b3_perturbed_result_model_4_pred_64_nodropout_perturbed_msa_seed-0_sample-0_model.pdb,4.726658344268799
af3sample2,eif2b3_perturbed_result_model_4_pred_65_nodropout_perturbed_msa_seed-0_sample-0_model.pdb,4.7707719802856445
af3sample2,eif2b3_perturbed_result_model_4_pred_66_nodropout_perturbed_msa_seed-0_sample-0_model.pdb,4.697282314300537
af3sample2,eif2b3_perturbed_result_model_4_pred_67_nodropout_perturbed_msa_seed-0_sample-0_model.pdb,4.7093119621276855
af3sample2,eif2b3_perturbed_result_model_4_pred_68_nodropout_perturbed_msa_seed-0_sample-0_model.pdb,6.953482627868652
af3sample2,eif2b3_perturbed_result_model_4_pred_69_nodropout_perturbed_msa_seed-0_sample-0_model.pdb,4.6586995124816895
af3sample2,eif2b3_perturbed_result_model_4_pred_70_nodropout_perturbed_msa_seed-0_sample-0_model.pdb,4.7179856300354
af3sample2,eif2b3_perturbed_result_model_4_pred_71_nodropout_perturbed_msa_seed-0_sample-0_model.pdb,4.7200927734375
af3sample2,eif2b3_perturbed_result_model_4_pred_72_nodropout_perturbed_msa_seed-0_sample-0_model.pdb,4.803472518920898
af3sample2,eif2b3_perturbed_result_model_4_pred_73_nodropout_perturbed_msa_seed-0_sample-0_model.pdb,4.7554030418396
af3sample2,eif2b3_perturbed_result_model_4_pred_75_nodropout_perturbed_msa_seed-0_sample-0_model.pdb,4.737172603607178
af3sample2,eif2b3_perturbed_result_model_4_pred_76_nodropout_perturbed_msa_seed-0_sample-0_model.pdb,4.733242511749268
af3sample2,eif2b3_perturbed_result_model_4_pred_77_nodropout_perturbed_msa_seed-0_sample-0_model.pdb,4.83917760848999
af3sample2,eif2b3_perturbed_result_model_4_pred_78_nodropout_perturbed_msa_seed-0_sample-0_model.pdb,4.716789245605469
af3sample2,eif2b3_perturbed_result_model_4_pred_79_nodropout_perturbed_msa_seed-0_sample-0_model.pdb,4.680473327636719
af3sample2,eif2b3_perturbed_result_model_4_pred_80_nodropout_perturbed_msa_seed-0_sample-0_model.pdb,4.722731590270996
af3sample2,eif2b3_perturbed_result_model_4_pred_81_nodropout_perturbed_msa_seed-0_sample-0_model.pdb,4.773043632507324
af3sample2,eif2b3_perturbed_result_model_4_pred_82_nodropout_perturbed_msa_seed-0_sample-0_model.pdb,4.853281497955322
af3sample2,eif2b3_perturbed_result_model_4_pred_83_nodropout_perturbed_msa_seed-0_sample-0_model.pdb,4.682450294494629
af3sample2,eif2b3_perturbed_result_model_4_pred_84_nodropout_perturbed_msa_seed-0_sample-0_model.pdb,4.647554397583008
af3sample2,eif2b3_perturbed_result_model_4_pred_84_nodropout_perturbed_msa_seed-0_sample-0_model.pdb,4.647554397583008
af3sample2,eif2b3_perturbed_result_model_4_pred_85_nodropout_perturbed_msa_seed-0_sample-0_model.pdb,4.788230895996094
af3sample2,eif2b3_perturbed_result_model_4_pred_86_nodropout_perturbed_msa_seed-0_sample-0_model.pdb,4.821042537689209
af3sample2,eif2b3_perturbed_result_model_4_pred_87_nodropout_perturbed_msa_seed-0_sample-0_model.pdb,4.825401782989502
af3sample2,eif2b3_perturbed_result_model_4_pred_88_nodropout_perturbed_msa_seed-0_sample-0_model.pdb,4.783816337585449
af3sample2,eif2b3_perturbed_result_model_4_pred_89_nodropout_perturbed_msa_seed-0_sample-0_model.pdb,4.719606399536133
af3sample2,eif2b3_perturbed_result_model_4_pred_90_nodropout_perturbed_msa_seed-0_sample-0_model.pdb,4.745275497436523
af3sample2,eif2b3_perturbed_result_model_4_pred_91_nodropout_perturbed_msa_seed-0_sample-0_model.pdb,4.749826431274414
af3sample2,eif2b3_perturbed_result_model_4_pred_92_nodropout_perturbed_msa_seed-0_sample-0_model.pdb,4.773301601409912
af3sample2,eif2b3_perturbed_result_model_4_pred_93_nodropout_perturbed_msa_seed-0_sample-0_model.pdb,4.723817825317383
af3sample2,eif2b3_perturbed_result_model_4_pred_94_nodropout_perturbed_msa_seed-0_sample-0_model.pdb,4.760080337524414
af3sample2,eif2b3_perturbed_result_model_4_pred_95_nodropout_perturbed_msa_seed-0_sample-0_model.pdb,4.711257457733154
af3sample2,eif2b3_perturbed_result_model_4_pred_96_nodropout_perturbed_msa_seed-0_sample-0_model.pdb,4.706932067871094
af3sample2,eif2b3_perturbed_result_model_4_pred_97_nodropout_perturbed_msa_seed-0_sample-0_model.pdb,5.790156364440918
af3sample2,eif2b3_perturbed_result_model_4_pred_98_nodropout_perturbed_msa_seed-0_sample-0_model.pdb,4.696834564208984
af3sample2,eif2b3_perturbed_result_model_4_pred_99_nodropout_perturbed_msa_seed-0_sample-0_model.pdb,4.734317779541016
af3sample2,eif2b3_perturbed_result_model_4_pred_100_nodropout_perturbed_msa_seed-0_sample-0_model.pdb,4.790834903717041
af3sample2,eif2b3_perturbed_result_model_5_pred_1_nodropout_perturbed_msa_seed-0_sample-0_model.pdb,4.903840065002441
af3sample2,eif2b3_perturbed_result_model_5_pred_2_nodropout_perturbed_msa_seed-0_sample-0_model.pdb,5.056217193603516
af3sample2,eif2b3_perturbed_result_model_5_pred_3_nodropout_perturbed_msa_seed-0_sample-0_model.pdb,4.855915546417236
af3sample2,eif2b3_perturbed_result_model_5_pred_4_nodropout_perturbed_msa_seed-0_sample-0_model.pdb,4.696462631225586
af3sample2,eif2b3_perturbed_result_model_5_pred_5_nodropout_perturbed_msa_seed-0_sample-0_model.pdb,4.730637073516846
af3sample2,eif2b3_perturbed_result_model_5_pred_6_nodropout_perturbed_msa_seed-0_sample-0_model.pdb,4.691797733306885
af3sample2,eif2b3_perturbed_result_model_5_pred_7_nodropout_perturbed_msa_seed-0_sample-0_model.pdb,4.745829582214356
af3sample2,eif2b3_perturbed_result_model_5_pred_8_nodropout_perturbed_msa_seed-0_sample-0_model.pdb,4.689190864562988
af3sample2,eif2b3_perturbed_result_model_5_pred_9_nodropout_perturbed_msa_seed-0_sample-0_model.pdb,4.685941219329834
af3sample2,eif2b3_perturbed_result_model_5_pred_10_nodropout_perturbed_msa_seed-0_sample-0_model.pdb,4.734158992767334
af3sample2,eif2b3_perturbed_result_model_5_pred_11_nodropout_perturbed_msa_seed-0_sample-0_model.pdb,4.714102745056152
af3sample2,eif2b3_perturbed_result_model_5_pred_12_nodropout_perturbed_msa_seed-0_sample-0_model.pdb,4.756095886230469
af3sample2,eif2b3_perturbed_result_model_5_pred_13_nodropout_perturbed_msa_seed-0_sample-0_model.pdb,4.7506513595581055
af3sample2,eif2b3_perturbed_result_model_5_pred_14_nodropout_perturbed_msa_seed-0_sample-0_model.pdb,4.735550880432129
af3sample2,eif2b3_perturbed_result_model_5_pred_15_nodropout_perturbed_msa_seed-0_sample-0_model.pdb,4.7210774421691895
af3sample2,eif2b3_perturbed_result_model_5_pred_16_nodropout_perturbed_msa_seed-0_sample-0_model.pdb,4.749016761779785
af3sample2,eif2b3_perturbed_result_model_5_pred_17_nodropout_perturbed_msa_seed-0_sample-0_model.pdb,4.8327813148498535
af3sample2,eif2b3_perturbed_result_model_5_pred_18_nodropout_perturbed_msa_seed-0_sample-0_model.pdb,5.045934200286865
af3sample2,eif2b3_perturbed_result_model_5_pred_19_nodropout_perturbed_msa_seed-0_sample-0_model.pdb,4.748092651367188
af3sample2,eif2b3_perturbed_result_model_5_pred_20_nodropout_perturbed_msa_seed-0_sample-0_model.pdb,4.764876365661621
af3sample2,eif2b3_perturbed_result_model_5_pred_21_nodropout_perturbed_msa_seed-0_sample-0_model.pdb,4.889224052429199
af3sample2,eif2b3_perturbed_result_model_5_pred_22_nodropout_perturbed_msa_seed-0_sample-0_model.pdb,4.768391132354736
af3sample2,eif2b3_perturbed_result_model_5_pred_23_nodropout_perturbed_msa_seed-0_sample-0_model.pdb,4.63994836807251
af3sample2,eif2b3_perturbed_result_model_5_pred_24_nodropout_perturbed_msa_seed-0_sample-0_model.pdb,4.676199436187744
af3sample2,eif2b3_perturbed_result_model_5_pred_25_nodropout_perturbed_msa_seed-0_sample-0_model.pdb,4.832385063171387
af3sample2,eif2b3_perturbed_result_model_5_pred_26_nodropout_perturbed_msa_seed-0_sample-0_model.pdb,4.687197208404541
af3sample2,eif2b3_perturbed_result_model_5_pred_27_nodropout_perturbed_msa_seed-0_sample-0_model.pdb,4.700749397277832
af3sample2,eif2b3_perturbed_result_model_5_pred_28_nodropout_perturbed_msa_seed-0_sample-0_model.pdb,4.718185901641846
af3sample2,eif2b3_perturbed_result_model_5_pred_29_nodropout_perturbed_msa_seed-0_sample-0_model.pdb,4.85151481628418
af3sample2,eif2b3_perturbed_result_model_5_pred_30_nodropout_perturbed_msa_seed-0_sample-0_model.pdb,4.667716979980469
af3sample2,eif2b3_perturbed_result_model_5_pred_31_nodropout_perturbed_msa_seed-0_sample-0_model.pdb,4.68707799911499
af3sample2,eif2b3_perturbed_result_model_5_pred_32_nodropout_perturbed_msa_seed-0_sample-0_model.pdb,4.801411151885986
af3sample2,eif2b3_perturbed_result_model_5_pred_33_nodropout_perturbed_msa_seed-0_sample-0_model.pdb,4.8647637367248535
af3sample2,eif2b3_perturbed_result_model_5_pred_34_nodropout_perturbed_msa_seed-0_sample-0_model.pdb,4.75139856338501
af3sample2,eif2b3_perturbed_result_model_5_pred_35_nodropout_perturbed_msa_seed-0_sample-0_model.pdb,4.833367824554443
af3sample2,eif2b3_perturbed_result_model_5_pred_36_nodropout_perturbed_msa_seed-0_sample-0_model.pdb,4.964685916900635
af3sample2,eif2b3_perturbed_result_model_5_pred_37_nodropout_perturbed_msa_seed-0_sample-0_model.pdb,4.705929279327393
af3sample2,eif2b3_perturbed_result_model_5_pred_38_nodropout_perturbed_msa_seed-0_sample-0_model.pdb,4.682003021240234
af3sample2,eif2b3_perturbed_result_model_5_pred_39_nodropout_perturbed_msa_seed-0_sample-0_model.pdb,4.706340789794922
af3sample2,eif2b3_perturbed_result_model_5_pred_40_nodropout_perturbed_msa_seed-0_sample-0_model.pdb,4.734990119934082
af3sample2,eif2b3_perturbed_result_model_5_pred_41_nodropout_perturbed_msa_seed-0_sample-0_model.pdb,4.764190196990967
af3sample2,eif2b3_perturbed_result_model_5_pred_42_nodropout_perturbed_msa_seed-0_sample-0_model.pdb,4.740171909332275
af3sample2,eif2b3_perturbed_result_model_5_pred_43_nodropout_perturbed_msa_seed-0_sample-0_model.pdb,4.7156596183776855
af3sample2,eif2b3_perturbed_result_model_5_pred_44_nodropout_perturbed_msa_seed-0_sample-0_model.pdb,4.7344489097595215
af3sample2,eif2b3_perturbed_result_model_5_pred_45_nodropout_perturbed_msa_seed-0_sample-0_model.pdb,4.697998046875
af3sample2,eif2b3_perturbed_result_model_5_pred_46_nodropout_perturbed_msa_seed-0_sample-0_model.pdb,4.719420909881592
af3sample2,eif2b3_perturbed_result_model_5_pred_47_nodropout_perturbed_msa_seed-0_sample-0_model.pdb,4.683556079864502
af3sample2,eif2b3_perturbed_result_model_5_pred_48_nodropout_perturbed_msa_seed-0_sample-0_model.pdb,4.673897743225098
af3sample2,eif2b3_perturbed_result_model_5_pred_49_nodropout_perturbed_msa_seed-0_sample-0_model.pdb,4.694675922393799
af3sample2,eif2b3_perturbed_result_model_5_pred_50_nodropout_perturbed_msa_seed-0_sample-0_model.pdb,4.781486511230469
af3sample2,eif2b3_perturbed_result_model_5_pred_51_nodropout_perturbed_msa_seed-0_sample-0_model.pdb,4.662016868591309
af3sample2,eif2b3_perturbed_result_model_5_pred_52_nodropout_perturbed_msa_seed-0_sample-0_model.pdb,4.7301025390625
af3sample2,eif2b3_perturbed_result_model_5_pred_53_nodropout_perturbed_msa_seed-0_sample-0_model.pdb,4.779006481170654
af3sample2,eif2b3_perturbed_result_model_5_pred_54_nodropout_perturbed_msa_seed-0_sample-0_model.pdb,4.757655143737793
af3sample2,eif2b3_perturbed_result_model_5_pred_55_nodropout_perturbed_msa_seed-0_sample-0_model.pdb,4.820553779602051
af3sample2,eif2b3_perturbed_result_model_5_pred_56_nodropout_perturbed_msa_seed-0_sample-0_model.pdb,4.787487983703613
af3sample2,eif2b3_perturbed_result_model_5_pred_57_nodropout_perturbed_msa_seed-0_sample-0_model.pdb,4.741156101226807
af3sample2,eif2b3_perturbed_result_model_5_pred_58_nodropout_perturbed_msa_seed-0_sample-0_model.pdb,4.671689033508301
af3sample2,eif2b3_perturbed_result_model_5_pred_59_nodropout_perturbed_msa_seed-0_sample-0_model.pdb,5.153282642364502
af3sample2,eif2b3_perturbed_result_model_5_pred_60_nodropout_perturbed_msa_seed-0_sample-0_model.pdb,4.733267784118652
af3sample2,eif2b3_perturbed_result_model_5_pred_61_nodropout_perturbed_msa_seed-0_sample-0_model.pdb,4.778006076812744
af3sample2,eif2b3_perturbed_result_model_5_pred_62_nodropout_perturbed_msa_seed-0_sample-0_model.pdb,4.850480079650879
af3sample2,eif2b3_perturbed_result_model_5_pred_63_nodropout_perturbed_msa_seed-0_sample-0_model.pdb,4.787179470062256
af3sample2,eif2b3_perturbed_result_model_5_pred_64_nodropout_perturbed_msa_seed-0_sample-0_model.pdb,4.753332614898682
af3sample2,eif2b3_perturbed_result_model_5_pred_65_nodropout_perturbed_msa_seed-0_sample-0_model.pdb,4.686028480529785
af3sample2,eif2b3_perturbed_result_model_5_pred_66_nodropout_perturbed_msa_seed-0_sample-0_model.pdb,4.693851947784424
af3sample2,eif2b3_perturbed_result_model_5_pred_67_nodropout_perturbed_msa_seed-0_sample-0_model.pdb,4.7154541015625
af3sample2,eif2b3_perturbed_result_model_5_pred_68_nodropout_perturbed_msa_seed-0_sample-0_model.pdb,4.644893646240234
af3sample2,eif2b3_perturbed_result_model_5_pred_69_nodropout_perturbed_msa_seed-0_sample-0_model.pdb,4.762627124786377
af3sample2,eif2b3_perturbed_result_model_5_pred_70_nodropout_perturbed_msa_seed-0_sample-0_model.pdb,4.685763359069824
af3sample2,eif2b3_perturbed_result_model_5_pred_71_nodropout_perturbed_msa_seed-0_sample-0_model.pdb,4.756587505340576
af3sample2,eif2b3_perturbed_result_model_5_pred_72_nodropout_perturbed_msa_seed-0_sample-0_model.pdb,4.679541110992432
af3sample2,eif2b3_perturbed_result_model_5_pred_73_nodropout_perturbed_msa_seed-0_sample-0_model.pdb,4.667171955108643
af3sample2,eif2b3_perturbed_result_model_5_pred_74_nodropout_perturbed_msa_seed-0_sample-0_model.pdb,4.787311553955078
af3sample2,eif2b3_perturbed_result_model_5_pred_75_nodropout_perturbed_msa_seed-0_sample-0_model.pdb,4.807475566864014
af3sample2,eif2b3_perturbed_result_model_5_pred_76_nodropout_perturbed_msa_seed-0_sample-0_model.pdb,4.742592811584473
af3sample2,eif2b3_perturbed_result_model_5_pred_77_nodropout_perturbed_msa_seed-0_sample-0_model.pdb,6.739253997802734
af3sample2,eif2b3_perturbed_result_model_5_pred_78_nodropout_perturbed_msa_seed-0_sample-0_model.pdb,4.807094097137451
af3sample2,eif2b3_perturbed_result_model_5_pred_79_nodropout_perturbed_msa_seed-0_sample-0_model.pdb,4.829122066497803
af3sample2,eif2b3_perturbed_result_model_5_pred_80_nodropout_perturbed_msa_seed-0_sample-0_model.pdb,4.77918815612793
af3sample2,eif2b3_perturbed_result_model_5_pred_81_nodropout_perturbed_msa_seed-0_sample-0_model.pdb,4.749161243438721
af3sample2,eif2b3_perturbed_result_model_5_pred_82_nodropout_perturbed_msa_seed-0_sample-0_model.pdb,4.756277561187744
af3sample2,eif2b3_perturbed_result_model_5_pred_83_nodropout_perturbed_msa_seed-0_sample-0_model.pdb,4.736868381500244
af3sample2,eif2b3_perturbed_result_model_5_pred_84_nodropout_perturbed_msa_seed-0_sample-0_model.pdb,4.971499443054199
af3sample2,eif2b3_perturbed_result_model_5_pred_85_nodropout_perturbed_msa_seed-0_sample-0_model.pdb,4.7903265953063965
af3sample2,eif2b3_perturbed_result_model_5_pred_86_nodropout_perturbed_msa_seed-0_sample-0_model.pdb,4.740101337432861
af3sample2,eif2b3_perturbed_result_model_5_pred_87_nodropout_perturbed_msa_seed-0_sample-0_model.pdb,4.684083938598633
af3sample2,eif2b3_perturbed_result_model_5_pred_88_nodropout_perturbed_msa_seed-0_sample-0_model.pdb,5.533872127532959
af3sample2,eif2b3_perturbed_result_model_5_pred_89_nodropout_perturbed_msa_seed-0_sample-0_model.pdb,4.706306457519531
af3sample2,eif2b3_perturbed_result_model_5_pred_90_nodropout_perturbed_msa_seed-0_sample-0_model.pdb,4.70363187789917
af3sample2,eif2b3_perturbed_result_model_5_pred_91_nodropout_perturbed_msa_seed-0_sample-0_model.pdb,4.653561115264893
af3sample2,eif2b3_perturbed_result_model_5_pred_92_nodropout_perturbed_msa_seed-0_sample-0_model.pdb,4.694499969482422
af3sample2,eif2b3_perturbed_result_model_5_pred_93_nodropout_perturbed_msa_seed-0_sample-0_model.pdb,4.688867568969727
af3sample2,eif2b3_perturbed_result_model_5_pred_94_nodropout_perturbed_msa_seed-0_sample-0_model.pdb,4.828708171844482
af3sample2,eif2b3_perturbed_result_model_5_pred_95_nodropout_perturbed_msa_seed-0_sample-0_model.pdb,4.661855220794678
af3sample2,eif2b3_perturbed_result_model_5_pred_96_nodropout_perturbed_msa_seed-0_sample-0_model.pdb,4.710903644561768
af3sample2,eif2b3_perturbed_result_model_5_pred_97_nodropout_perturbed_msa_seed-0_sample-0_model.pdb,4.689655303955078
af3sample2,eif2b3_perturbed_result_model_5_pred_98_nodropout_perturbed_msa_seed-0_sample-0_model.pdb,4.75453519821167
af3sample2,eif2b3_perturbed_result_model_5_pred_99_nodropout_perturbed_msa_seed-0_sample-0_model.pdb,4.720964431762695
af3sample2,eif2b3_perturbed_result_model_5_pred_100_nodropout_perturbed_msa_seed-0_sample-0_model.pdb,4.790447235107422
af_cluster,eif2b3-clustered_eif2b3_000.a3m_0_unrelaxed_rank_001_alphafold2_ptm_model_1_seed_000.pdb,8.933279991149902
af_cluster,eif2b3-clustered_eif2b3_001.a3m_0_unrelaxed_rank_001_alphafold2_ptm_model_1_seed_000.pdb,4.673845291137695
af_cluster,eif2b3-clustered_eif2b3_002.a3m_0_unrelaxed_rank_001_alphafold2_ptm_model_1_seed_000.pdb,7.51514196395874
af_cluster,eif2b3-clustered_eif2b3_003.a3m_0_unrelaxed_rank_001_alphafold2_ptm_model_1_seed_000.pdb,7.433019161224365
af_cluster,eif2b3-clustered_eif2b3_004.a3m_0_unrelaxed_rank_001_alphafold2_ptm_model_1_seed_000.pdb,4.444849014282227
af_cluster,eif2b3-clustered_eif2b3_005.a3m_0_unrelaxed_rank_001_alphafold2_ptm_model_1_seed_000.pdb,10.410491943359377
af_cluster,eif2b3-clustered_eif2b3_006.a3m_0_unrelaxed_rank_001_alphafold2_ptm_model_1_seed_000.pdb,9.18423843383789
af_cluster,eif2b3-clustered_eif2b3_007.a3m_0_unrelaxed_rank_001_alphafold2_ptm_model_1_seed_000.pdb,7.361368179321289
af_cluster,eif2b3-clustered_eif2b3_008.a3m_0_unrelaxed_rank_001_alphafold2_ptm_model_1_seed_000.pdb,7.011468410491943
af_cluster,eif2b3-clustered_eif2b3_009.a3m_0_unrelaxed_rank_001_alphafold2_ptm_model_1_seed_000.pdb,5.359277248382568
af_cluster,eif2b3-clustered_eif2b3_010.a3m_0_unrelaxed_rank_001_alphafold2_ptm_model_1_seed_000.pdb,9.36398983001709
af_cluster,eif2b3-clustered_eif2b3_011.a3m_0_unrelaxed_rank_001_alphafold2_ptm_model_1_seed_000.pdb,11.013054847717283
af_cluster,eif2b3-clustered_eif2b3_012.a3m_0_unrelaxed_rank_001_alphafold2_ptm_model_1_seed_000.pdb,6.415358066558838
af_cluster,eif2b3-clustered_eif2b3_013.a3m_0_unrelaxed_rank_001_alphafold2_ptm_model_1_seed_000.pdb,4.603180885314941
af_cluster,eif2b3-clustered_eif2b3_014.a3m_0_unrelaxed_rank_001_alphafold2_ptm_model_1_seed_000.pdb,4.92201042175293
af_cluster,eif2b3-clustered_eif2b3_015.a3m_0_unrelaxed_rank_001_alphafold2_ptm_model_1_seed_000.pdb,5.042725086212158
af_cluster,eif2b3-clustered_eif2b3_016.a3m_0_unrelaxed_rank_001_alphafold2_ptm_model_1_seed_000.pdb,7.885692596435547
af_cluster,eif2b3-clustered_eif2b3_017.a3m_0_unrelaxed_rank_001_alphafold2_ptm_model_1_seed_000.pdb,5.187788009643555
af_cluster,eif2b3-clustered_eif2b3_018.a3m_0_unrelaxed_rank_001_alphafold2_ptm_model_1_seed_000.pdb,6.039272785186768
af_cluster,eif2b3-clustered_eif2b3_019.a3m_0_unrelaxed_rank_001_alphafold2_ptm_model_1_seed_000.pdb,6.202795028686523
af_cluster,eif2b3-clustered_eif2b3_020.a3m_0_unrelaxed_rank_001_alphafold2_ptm_model_1_seed_000.pdb,7.378612518310547
af_cluster,eif2b3-clustered_eif2b3_021.a3m_0_unrelaxed_rank_001_alphafold2_ptm_model_1_seed_000.pdb,7.054888248443604
af_cluster,eif2b3-clustered_eif2b3_022.a3m_0_unrelaxed_rank_001_alphafold2_ptm_model_1_seed_000.pdb,10.116776466369627
af_cluster,eif2b3-clustered_eif2b3_023.a3m_0_unrelaxed_rank_001_alphafold2_ptm_model_1_seed_000.pdb,7.651960849761963
af_cluster,eif2b3-clustered_eif2b3_024.a3m_0_unrelaxed_rank_001_alphafold2_ptm_model_1_seed_000.pdb,11.214129447937012
af_cluster,eif2b3-clustered_eif2b3_025.a3m_0_unrelaxed_rank_001_alphafold2_ptm_model_1_seed_000.pdb,9.049373626708984
af_cluster,eif2b3-clustered_eif2b3_026.a3m_0_unrelaxed_rank_001_alphafold2_ptm_model_1_seed_000.pdb,10.168764114379885
af_cluster,eif2b3-clustered_eif2b3_027.a3m_0_unrelaxed_rank_001_alphafold2_ptm_model_1_seed_000.pdb,4.918200969696045
af_cluster,eif2b3-clustered_eif2b3_028.a3m_0_unrelaxed_rank_001_alphafold2_ptm_model_1_seed_000.pdb,10.504420280456545
af_cluster,eif2b3-clustered_eif2b3_029.a3m_0_unrelaxed_rank_001_alphafold2_ptm_model_1_seed_000.pdb,9.541067123413086
af_cluster,eif2b3-clustered_eif2b3_030.a3m_0_unrelaxed_rank_001_alphafold2_ptm_model_1_seed_000.pdb,5.827857494354248
af_cluster,eif2b3-clustered_eif2b3_031.a3m_0_unrelaxed_rank_001_alphafold2_ptm_model_1_seed_000.pdb,4.6949005126953125
af_cluster,eif2b3-clustered_eif2b3_032.a3m_0_unrelaxed_rank_001_alphafold2_ptm_model_1_seed_000.pdb,8.122396469116211
af_cluster,eif2b3-clustered_eif2b3_033.a3m_0_unrelaxed_rank_001_alphafold2_ptm_model_1_seed_000.pdb,8.3252592086792
af_cluster,eif2b3-clustered_eif2b3_034.a3m_0_unrelaxed_rank_001_alphafold2_ptm_model_1_seed_000.pdb,7.457244396209717
af_cluster,eif2b3-clustered_eif2b3_035.a3m_0_unrelaxed_rank_001_alphafold2_ptm_model_1_seed_000.pdb,9.806694984436035
af_cluster,eif2b3-clustered_eif2b3_036.a3m_0_unrelaxed_rank_001_alphafold2_ptm_model_1_seed_000.pdb,10.113686561584473
af_cluster,eif2b3-clustered_eif2b3_037.a3m_0_unrelaxed_rank_001_alphafold2_ptm_model_1_seed_000.pdb,4.76201057434082
af_cluster,eif2b3-clustered_eif2b3_038.a3m_0_unrelaxed_rank_001_alphafold2_ptm_model_1_seed_000.pdb,8.75261402130127
af_cluster,eif2b3-clustered_eif2b3_039.a3m_0_unrelaxed_rank_001_alphafold2_ptm_model_1_seed_000.pdb,7.910923004150391
af_cluster,eif2b3-clustered_eif2b3_040.a3m_0_unrelaxed_rank_001_alphafold2_ptm_model_1_seed_000.pdb,8.397889137268066
af_cluster,eif2b3-clustered_eif2b3_041.a3m_0_unrelaxed_rank_001_alphafold2_ptm_model_1_seed_000.pdb,9.826502799987791
af_cluster,eif2b3-clustered_eif2b3_042.a3m_0_unrelaxed_rank_001_alphafold2_ptm_model_1_seed_000.pdb,9.647700309753418
af_cluster,eif2b3-clustered_eif2b3_043.a3m_0_unrelaxed_rank_001_alphafold2_ptm_model_1_seed_000.pdb,10.098013877868652
af_cluster,eif2b3-clustered_eif2b3_044.a3m_0_unrelaxed_rank_001_alphafold2_ptm_model_1_seed_000.pdb,9.25472927093506
af_cluster,eif2b3-clustered_eif2b3_045.a3m_0_unrelaxed_rank_001_alphafold2_ptm_model_1_seed_000.pdb,8.803157806396484
af_cluster,eif2b3-clustered_eif2b3_046.a3m_0_unrelaxed_rank_001_alphafold2_ptm_model_1_seed_000.pdb,9.132935523986816
af_cluster,eif2b3-clustered_eif2b3_047.a3m_0_unrelaxed_rank_001_alphafold2_ptm_model_1_seed_000.pdb,8.2637300491333
af_cluster,eif2b3-clustered_eif2b3_048.a3m_0_unrelaxed_rank_001_alphafold2_ptm_model_1_seed_000.pdb,8.272470474243164
af_cluster,eif2b3-clustered_eif2b3_049.a3m_0_unrelaxed_rank_001_alphafold2_ptm_model_1_seed_000.pdb,9.893994331359863
af_cluster,eif2b3-clustered_eif2b3_050.a3m_0_unrelaxed_rank_001_alphafold2_ptm_model_1_seed_000.pdb,8.67458724975586
af_cluster,eif2b3-clustered_eif2b3_051.a3m_0_unrelaxed_rank_001_alphafold2_ptm_model_1_seed_000.pdb,4.648016929626465
af_cluster,eif2b3-clustered_eif2b3_052.a3m_0_unrelaxed_rank_001_alphafold2_ptm_model_1_seed_000.pdb,9.47553253173828
af_cluster,eif2b3-clustered_eif2b3_053.a3m_0_unrelaxed_rank_001_alphafold2_ptm_model_1_seed_000.pdb,10.379369735717772
af_cluster,eif2b3-clustered_eif2b3_054.a3m_0_unrelaxed_rank_001_alphafold2_ptm_model_1_seed_000.pdb,7.130736351013184
af_cluster,eif2b3-clustered_eif2b3_055.a3m_0_unrelaxed_rank_001_alphafold2_ptm_model_1_seed_000.pdb,7.667866706848144
af_cluster,eif2b3-clustered_eif2b3_U10-000.a3m_0_unrelaxed_rank_001_alphafold2_ptm_model_1_seed_000.pdb,7.098987102508545
af_cluster,eif2b3-clustered_eif2b3_U10-001.a3m_0_unrelaxed_rank_001_alphafold2_ptm_model_1_seed_000.pdb,5.606536388397217
af_cluster,eif2b3-clustered_eif2b3_U10-002.a3m_0_unrelaxed_rank_001_alphafold2_ptm_model_1_seed_000.pdb,4.845033168792725
af_cluster,eif2b3-clustered_eif2b3_U10-003.a3m_0_unrelaxed_rank_001_alphafold2_ptm_model_1_seed_000.pdb,4.073881149291992
af_cluster,eif2b3-clustered_eif2b3_U10-004.a3m_0_unrelaxed_rank_001_alphafold2_ptm_model_1_seed_000.pdb,5.160351276397705
af_cluster,eif2b3-clustered_eif2b3_U10-005.a3m_0_unrelaxed_rank_001_alphafold2_ptm_model_1_seed_000.pdb,4.574657440185547
af_cluster,eif2b3-clustered_eif2b3_U10-006.a3m_0_unrelaxed_rank_001_alphafold2_ptm_model_1_seed_000.pdb,4.553067684173584
af_cluster,eif2b3-clustered_eif2b3_U10-007.a3m_0_unrelaxed_rank_001_alphafold2_ptm_model_1_seed_000.pdb,10.514187812805176
af_cluster,eif2b3-clustered_eif2b3_U10-008.a3m_0_unrelaxed_rank_001_alphafold2_ptm_model_1_seed_000.pdb,4.455710411071777
af_cluster,eif2b3-clustered_eif2b3_U10-009.a3m_0_unrelaxed_rank_001_alphafold2_ptm_model_1_seed_000.pdb,4.694552421569824
af_cluster,eif2b3-clustered_eif2b3_U100-000.a3m_0_unrelaxed_rank_001_alphafold2_ptm_model_1_seed_000.pdb,5.890336513519287
af_cluster,eif2b3-clustered_eif2b3_U100-001.a3m_0_unrelaxed_rank_001_alphafold2_ptm_model_1_seed_000.pdb,5.193314075469971
af_cluster,eif2b3-clustered_eif2b3_U100-002.a3m_0_unrelaxed_rank_001_alphafold2_ptm_model_1_seed_000.pdb,7.4112548828125
af_cluster,eif2b3-clustered_eif2b3_U100-003.a3m_0_unrelaxed_rank_001_alphafold2_ptm_model_1_seed_000.pdb,5.617534160614014
af_cluster,eif2b3-clustered_eif2b3_U100-004.a3m_0_unrelaxed_rank_001_alphafold2_ptm_model_1_seed_000.pdb,6.296635627746582
af_cluster,eif2b3-clustered_eif2b3_U100-005.a3m_0_unrelaxed_rank_001_alphafold2_ptm_model_1_seed_000.pdb,5.523027896881104
af_cluster,eif2b3-clustered_eif2b3_U100-006.a3m_0_unrelaxed_rank_001_alphafold2_ptm_model_1_seed_000.pdb,6.371261119842529
af_cluster,eif2b3-clustered_eif2b3_U100-007.a3m_0_unrelaxed_rank_001_alphafold2_ptm_model_1_seed_000.pdb,5.265483856201172
af_cluster,eif2b3-clustered_eif2b3_U100-008.a3m_0_unrelaxed_rank_001_alphafold2_ptm_model_1_seed_000.pdb,9.465656280517578
af_cluster,eif2b3-clustered_eif2b3_U100-009.a3m_0_unrelaxed_rank_001_alphafold2_ptm_model_1_seed_000.pdb,6.437522411346436
afsample2,unrelaxed_model_1_pred_1_rand0.15_nodropout.pdb,8.858170509338379
afsample2,unrelaxed_model_1_pred_2_rand0.15_nodropout.pdb,7.5915021896362305
afsample2,unrelaxed_model_1_pred_3_rand0.15_nodropout.pdb,5.53814697265625
afsample2,unrelaxed_model_1_pred_4_rand0.15_nodropout.pdb,6.20181131362915
afsample2,unrelaxed_model_1_pred_5_rand0.15_nodropout.pdb,9.566975593566896
afsample2,unrelaxed_model_1_pred_6_rand0.15_nodropout.pdb,5.420792102813721
afsample2,unrelaxed_model_1_pred_7_rand0.15_nodropout.pdb,6.914628982543945
afsample2,unrelaxed_model_1_pred_8_rand0.15_nodropout.pdb,9.220909118652344
afsample2,unrelaxed_model_1_pred_9_rand0.15_nodropout.pdb,5.307216644287109
afsample2,unrelaxed_model_1_pred_10_rand0.15_nodropout.pdb,7.256807327270508
afsample2,unrelaxed_model_1_pred_11_rand0.15_nodropout.pdb,9.152373313903809
afsample2,unrelaxed_model_1_pred_12_rand0.15_nodropout.pdb,6.774440765380859
afsample2,unrelaxed_model_1_pred_13_rand0.15_nodropout.pdb,5.139736652374268
afsample2,unrelaxed_model_1_pred_14_rand0.15_nodropout.pdb,5.475410461425781
afsample2,unrelaxed_model_1_pred_15_rand0.15_nodropout.pdb,4.798468589782715
afsample2,unrelaxed_model_1_pred_16_rand0.15_nodropout.pdb,8.612218856811523
afsample2,unrelaxed_model_1_pred_17_rand0.15_nodropout.pdb,5.151421546936035
afsample2,unrelaxed_model_1_pred_18_rand0.15_nodropout.pdb,4.974630832672119
afsample2,unrelaxed_model_1_pred_19_rand0.15_nodropout.pdb,6.79815673828125
afsample2,unrelaxed_model_1_pred_20_rand0.15_nodropout.pdb,7.182308197021484
afsample2,unrelaxed_model_1_pred_21_rand0.15_nodropout.pdb,5.22801685333252
afsample2,unrelaxed_model_1_pred_22_rand0.15_nodropout.pdb,5.0779805183410645
afsample2,unrelaxed_model_1_pred_23_rand0.15_nodropout.pdb,5.49099588394165
afsample2,unrelaxed_model_1_pred_24_rand0.15_nodropout.pdb,6.197540760040283
afsample2,unrelaxed_model_1_pred_25_rand0.15_nodropout.pdb,5.66025447845459
afsample2,unrelaxed_model_1_pred_26_rand0.15_nodropout.pdb,5.2703704833984375
afsample2,unrelaxed_model_1_pred_27_rand0.15_nodropout.pdb,5.337502479553223
afsample2,unrelaxed_model_1_pred_28_rand0.15_nodropout.pdb,5.154136657714844
afsample2,unrelaxed_model_1_pred_29_rand0.15_nodropout.pdb,5.723482608795166
afsample2,unrelaxed_model_1_pred_30_rand0.15_nodropout.pdb,7.292624950408935
afsample2,unrelaxed_model_1_pred_31_rand0.15_nodropout.pdb,5.147739410400391
afsample2,unrelaxed_model_1_pred_32_rand0.15_nodropout.pdb,8.972756385803223
afsample2,unrelaxed_model_1_pred_33_rand0.15_nodropout.pdb,6.155092716217041
afsample2,unrelaxed_model_1_pred_34_rand0.15_nodropout.pdb,6.025506973266602
afsample2,unrelaxed_model_1_pred_35_rand0.15_nodropout.pdb,5.259346961975098
afsample2,unrelaxed_model_1_pred_36_rand0.15_nodropout.pdb,4.990756034851074
afsample2,unrelaxed_model_1_pred_37_rand0.15_nodropout.pdb,9.322287559509276
afsample2,unrelaxed_model_1_pred_38_rand0.15_nodropout.pdb,9.11608600616455
afsample2,unrelaxed_model_1_pred_39_rand0.15_nodropout.pdb,8.578116416931152
afsample2,unrelaxed_model_1_pred_40_rand0.15_nodropout.pdb,9.743894577026367
afsample2,unrelaxed_model_1_pred_41_rand0.15_nodropout.pdb,6.186906337738037
afsample2,unrelaxed_model_1_pred_42_rand0.15_nodropout.pdb,6.412318706512451
afsample2,unrelaxed_model_1_pred_43_rand0.15_nodropout.pdb,5.763726234436035
afsample2,unrelaxed_model_1_pred_44_rand0.15_nodropout.pdb,6.398231029510498
afsample2,unrelaxed_model_1_pred_45_rand0.15_nodropout.pdb,5.983212947845459
afsample2,unrelaxed_model_1_pred_46_rand0.15_nodropout.pdb,5.184886455535889
afsample2,unrelaxed_model_1_pred_47_rand0.15_nodropout.pdb,7.354733943939209
afsample2,unrelaxed_model_1_pred_48_rand0.15_nodropout.pdb,7.994776248931885
afsample2,unrelaxed_model_1_pred_49_rand0.15_nodropout.pdb,5.130577564239502
afsample2,unrelaxed_model_1_pred_50_rand0.15_nodropout.pdb,7.234203338623047
afsample2,unrelaxed_model_1_pred_51_rand0.15_nodropout.pdb,5.169718265533447
afsample2,unrelaxed_model_1_pred_52_rand0.15_nodropout.pdb,5.128105163574219
afsample2,unrelaxed_model_1_pred_53_rand0.15_nodropout.pdb,6.357744216918945
afsample2,unrelaxed_model_1_pred_54_rand0.15_nodropout.pdb,5.770153522491455
afsample2,unrelaxed_model_1_pred_55_rand0.15_nodropout.pdb,5.602987766265869
afsample2,unrelaxed_model_1_pred_56_rand0.15_nodropout.pdb,5.129454135894775
afsample2,unrelaxed_model_1_pred_57_rand0.15_nodropout.pdb,5.003864288330078
afsample2,unrelaxed_model_1_pred_58_rand0.15_nodropout.pdb,7.504074096679687
afsample2,unrelaxed_model_1_pred_59_rand0.15_nodropout.pdb,7.193505764007568
afsample2,unrelaxed_model_1_pred_60_rand0.15_nodropout.pdb,6.219675540924072
afsample2,unrelaxed_model_1_pred_61_rand0.15_nodropout.pdb,6.525600433349609
afsample2,unrelaxed_model_1_pred_62_rand0.15_nodropout.pdb,9.028865814208984
afsample2,unrelaxed_model_1_pred_63_rand0.15_nodropout.pdb,5.8851318359375
afsample2,unrelaxed_model_1_pred_64_rand0.15_nodropout.pdb,6.91126012802124
afsample2,unrelaxed_model_1_pred_65_rand0.15_nodropout.pdb,6.418871402740479
afsample2,unrelaxed_model_1_pred_66_rand0.15_nodropout.pdb,7.095464706420898
afsample2,unrelaxed_model_1_pred_67_rand0.15_nodropout.pdb,6.740582942962647
afsample2,unrelaxed_model_1_pred_68_rand0.15_nodropout.pdb,7.826690196990967
afsample2,unrelaxed_model_1_pred_69_rand0.15_nodropout.pdb,5.2303853034973145
afsample2,unrelaxed_model_1_pred_70_rand0.15_nodropout.pdb,6.653151988983154
afsample2,unrelaxed_model_1_pred_71_rand0.15_nodropout.pdb,5.146989345550537
afsample2,unrelaxed_model_1_pred_72_rand0.15_nodropout.pdb,4.945894718170166
afsample2,unrelaxed_model_1_pred_73_rand0.15_nodropout.pdb,8.325529098510742
afsample2,unrelaxed_model_1_pred_74_rand0.15_nodropout.pdb,5.280098915100098
afsample2,unrelaxed_model_1_pred_75_rand0.15_nodropout.pdb,7.666189193725586
afsample2,unrelaxed_model_1_pred_76_rand0.15_nodropout.pdb,6.300374031066895
afsample2,unrelaxed_model_1_pred_77_rand0.15_nodropout.pdb,7.654319763183594
afsample2,unrelaxed_model_1_pred_78_rand0.15_nodropout.pdb,5.418124675750732
afsample2,unrelaxed_model_1_pred_79_rand0.15_nodropout.pdb,5.139546871185303
afsample2,unrelaxed_model_1_pred_80_rand0.15_nodropout.pdb,7.466260433197021
afsample2,unrelaxed_model_1_pred_81_rand0.15_nodropout.pdb,8.896371841430664
afsample2,unrelaxed_model_1_pred_82_rand0.15_nodropout.pdb,6.364267349243164
afsample2,unrelaxed_model_1_pred_83_rand0.15_nodropout.pdb,7.623508453369141
afsample2,unrelaxed_model_1_pred_84_rand0.15_nodropout.pdb,5.541077613830566
afsample2,unrelaxed_model_1_pred_85_rand0.15_nodropout.pdb,4.904942035675049
afsample2,unrelaxed_model_1_pred_86_rand0.15_nodropout.pdb,6.329931735992432
afsample2,unrelaxed_model_1_pred_87_rand0.15_nodropout.pdb,6.781161308288574
afsample2,unrelaxed_model_1_pred_88_rand0.15_nodropout.pdb,5.385997295379639
afsample2,unrelaxed_model_1_pred_89_rand0.15_nodropout.pdb,6.107907295227051
afsample2,unrelaxed_model_1_pred_90_rand0.15_nodropout.pdb,5.100061893463135
afsample2,unrelaxed_model_1_pred_91_rand0.15_nodropout.pdb,7.70076322555542
afsample2,unrelaxed_model_1_pred_92_rand0.15_nodropout.pdb,5.375206470489502
afsample2,unrelaxed_model_1_pred_93_rand0.15_nodropout.pdb,4.999082565307617
afsample2,unrelaxed_model_1_pred_94_rand0.15_nodropout.pdb,7.955589771270752
afsample2,unrelaxed_model_1_pred_95_rand0.15_nodropout.pdb,9.025385856628418
afsample2,unrelaxed_model_1_pred_96_rand0.15_nodropout.pdb,5.102048397064209
afsample2,unrelaxed_model_1_pred_97_rand0.15_nodropout.pdb,6.9705986976623535
afsample2,unrelaxed_model_1_pred_98_rand0.15_nodropout.pdb,7.860276699066162
afsample2,unrelaxed_model_1_pred_99_rand0.15_nodropout.pdb,8.41156005859375
afsample2,unrelaxed_model_1_pred_100_rand0.15_nodropout.pdb,5.062372207641602
afsample2,unrelaxed_model_2_pred_1_rand0.15_nodropout.pdb,5.735691547393799
afsample2,unrelaxed_model_2_pred_2_rand0.15_nodropout.pdb,4.95919942855835
afsample2,unrelaxed_model_2_pred_3_rand0.15_nodropout.pdb,5.051896095275879
afsample2,unrelaxed_model_2_pred_4_rand0.15_nodropout.pdb,7.310141086578369
afsample2,unrelaxed_model_2_pred_5_rand0.15_nodropout.pdb,5.1106038093566895
afsample2,unrelaxed_model_2_pred_6_rand0.15_nodropout.pdb,5.071652889251709
afsample2,unrelaxed_model_2_pred_7_rand0.15_nodropout.pdb,5.010719299316406
afsample2,unrelaxed_model_2_pred_8_rand0.15_nodropout.pdb,6.599778652191162
afsample2,unrelaxed_model_2_pred_9_rand0.15_nodropout.pdb,6.7715325355529785
afsample2,unrelaxed_model_2_pred_10_rand0.15_nodropout.pdb,5.169440269470215
afsample2,unrelaxed_model_2_pred_11_rand0.15_nodropout.pdb,5.39492130279541
afsample2,unrelaxed_model_2_pred_12_rand0.15_nodropout.pdb,5.146371364593506
afsample2,unrelaxed_model_2_pred_13_rand0.15_nodropout.pdb,5.164702892303467
afsample2,unrelaxed_model_2_pred_14_rand0.15_nodropout.pdb,5.304136753082275
afsample2,unrelaxed_model_2_pred_15_rand0.15_nodropout.pdb,5.4322028160095215
afsample2,unrelaxed_model_2_pred_16_rand0.15_nodropout.pdb,5.199409008026123
afsample2,unrelaxed_model_2_pred_17_rand0.15_nodropout.pdb,7.615682125091553
afsample2,unrelaxed_model_2_pred_18_rand0.15_nodropout.pdb,5.491580009460449
afsample2,unrelaxed_model_2_pred_19_rand0.15_nodropout.pdb,5.556249618530273
afsample2,unrelaxed_model_2_pred_20_rand0.15_nodropout.pdb,5.186031341552734
afsample2,unrelaxed_model_2_pred_21_rand0.15_nodropout.pdb,5.139658451080322
afsample2,unrelaxed_model_2_pred_22_rand0.15_nodropout.pdb,4.877658843994141
afsample2,unrelaxed_model_2_pred_23_rand0.15_nodropout.pdb,6.751013278961182
afsample2,unrelaxed_model_2_pred_24_rand0.15_nodropout.pdb,7.525563716888428
afsample2,unrelaxed_model_2_pred_25_rand0.15_nodropout.pdb,9.17900276184082
afsample2,unrelaxed_model_2_pred_26_rand0.15_nodropout.pdb,5.470319271087647
afsample2,unrelaxed_model_2_pred_27_rand0.15_nodropout.pdb,5.18996000289917
afsample2,unrelaxed_model_2_pred_28_rand0.15_nodropout.pdb,5.243097305297852
afsample2,unrelaxed_model_2_pred_29_rand0.15_nodropout.pdb,5.452643871307373
afsample2,unrelaxed_model_2_pred_30_rand0.15_nodropout.pdb,5.341245651245117
afsample2,unrelaxed_model_2_pred_31_rand0.15_nodropout.pdb,9.16872501373291
afsample2,unrelaxed_model_2_pred_32_rand0.15_nodropout.pdb,6.487247943878174
afsample2,unrelaxed_model_2_pred_33_rand0.15_nodropout.pdb,6.503880023956299
afsample2,unrelaxed_model_2_pred_34_rand0.15_nodropout.pdb,5.203217029571533
afsample2,unrelaxed_model_2_pred_35_rand0.15_nodropout.pdb,5.098410129547119
afsample2,unrelaxed_model_2_pred_36_rand0.15_nodropout.pdb,5.391659259796143
afsample2,unrelaxed_model_2_pred_37_rand0.15_nodropout.pdb,5.134900093078613
afsample2,unrelaxed_model_2_pred_38_rand0.15_nodropout.pdb,5.382042407989502
afsample2,unrelaxed_model_2_pred_39_rand0.15_nodropout.pdb,8.071235656738281
afsample2,unrelaxed_model_2_pred_40_rand0.15_nodropout.pdb,5.19705867767334
afsample2,unrelaxed_model_2_pred_41_rand0.15_nodropout.pdb,5.511915683746338
afsample2,unrelaxed_model_2_pred_42_rand0.15_nodropout.pdb,9.541513442993164
afsample2,unrelaxed_model_2_pred_43_rand0.15_nodropout.pdb,5.1081414222717285
afsample2,unrelaxed_model_2_pred_44_rand0.15_nodropout.pdb,6.370048522949219
afsample2,unrelaxed_model_2_pred_45_rand0.15_nodropout.pdb,5.422777652740479
afsample2,unrelaxed_model_2_pred_46_rand0.15_nodropout.pdb,5.296994209289551
afsample2,unrelaxed_model_2_pred_47_rand0.15_nodropout.pdb,5.267515659332275
afsample2,unrelaxed_model_2_pred_48_rand0.15_nodropout.pdb,5.477426052093506
afsample2,unrelaxed_model_2_pred_49_rand0.15_nodropout.pdb,4.956550598144531
afsample2,unrelaxed_model_2_pred_50_rand0.15_nodropout.pdb,5.015296936035156
afsample2,unrelaxed_model_2_pred_51_rand0.15_nodropout.pdb,5.7590155601501465
afsample2,unrelaxed_model_2_pred_52_rand0.15_nodropout.pdb,8.752092361450195
afsample2,unrelaxed_model_2_pred_53_rand0.15_nodropout.pdb,5.587402820587158
afsample2,unrelaxed_model_2_pred_54_rand0.15_nodropout.pdb,4.905673027038574
afsample2,unrelaxed_model_2_pred_55_rand0.15_nodropout.pdb,9.101288795471191
afsample2,unrelaxed_model_2_pred_56_rand0.15_nodropout.pdb,6.96220064163208
afsample2,unrelaxed_model_2_pred_57_rand0.15_nodropout.pdb,7.865958213806152
afsample2,unrelaxed_model_2_pred_58_rand0.15_nodropout.pdb,6.331534862518311
afsample2,unrelaxed_model_2_pred_59_rand0.15_nodropout.pdb,8.45091438293457
afsample2,unrelaxed_model_2_pred_60_rand0.15_nodropout.pdb,5.077683925628662
afsample2,unrelaxed_model_2_pred_61_rand0.15_nodropout.pdb,5.134451866149902
afsample2,unrelaxed_model_2_pred_62_rand0.15_nodropout.pdb,5.711245059967041
afsample2,unrelaxed_model_2_pred_63_rand0.15_nodropout.pdb,5.900101661682129
afsample2,unrelaxed_model_2_pred_64_rand0.15_nodropout.pdb,6.126995086669922
afsample2,unrelaxed_model_2_pred_65_rand0.15_nodropout.pdb,5.397944927215576
afsample2,unrelaxed_model_2_pred_66_rand0.15_nodropout.pdb,5.021890640258789
afsample2,unrelaxed_model_2_pred_67_rand0.15_nodropout.pdb,7.34934663772583
afsample2,unrelaxed_model_2_pred_68_rand0.15_nodropout.pdb,5.989403247833252
afsample2,unrelaxed_model_2_pred_69_rand0.15_nodropout.pdb,5.3911848068237305
afsample2,unrelaxed_model_2_pred_70_rand0.15_nodropout.pdb,5.127388000488281
afsample2,unrelaxed_model_2_pred_71_rand0.15_nodropout.pdb,5.321655750274658
afsample2,unrelaxed_model_2_pred_72_rand0.15_nodropout.pdb,5.366299152374268
afsample2,unrelaxed_model_2_pred_73_rand0.15_nodropout.pdb,5.4867353439331055
afsample2,unrelaxed_model_2_pred_74_rand0.15_nodropout.pdb,5.337975978851318
afsample2,unrelaxed_model_2_pred_75_rand0.15_nodropout.pdb,5.676919937133789
afsample2,unrelaxed_model_2_pred_76_rand0.15_nodropout.pdb,5.46996545791626
afsample2,unrelaxed_model_2_pred_77_rand0.15_nodropout.pdb,5.740438461303711
afsample2,unrelaxed_model_2_pred_78_rand0.15_nodropout.pdb,8.628355979919434
afsample2,unrelaxed_model_2_pred_79_rand0.15_nodropout.pdb,4.998536109924316
afsample2,unrelaxed_model_2_pred_80_rand0.15_nodropout.pdb,4.895788669586182
afsample2,unrelaxed_model_2_pred_81_rand0.15_nodropout.pdb,7.975460529327393
afsample2,unrelaxed_model_2_pred_82_rand0.15_nodropout.pdb,5.4324493408203125
afsample2,unrelaxed_model_2_pred_83_rand0.15_nodropout.pdb,5.3333845138549805
afsample2,unrelaxed_model_2_pred_84_rand0.15_nodropout.pdb,5.650160312652588
afsample2,unrelaxed_model_2_pred_85_rand0.15_nodropout.pdb,5.309906482696533
afsample2,unrelaxed_model_2_pred_86_rand0.15_nodropout.pdb,5.6230669021606445
afsample2,unrelaxed_model_2_pred_87_rand0.15_nodropout.pdb,6.346950054168701
afsample2,unrelaxed_model_2_pred_88_rand0.15_nodropout.pdb,4.916430473327637
afsample2,unrelaxed_model_2_pred_89_rand0.15_nodropout.pdb,5.40713357925415
afsample2,unrelaxed_model_2_pred_90_rand0.15_nodropout.pdb,5.18952751159668
afsample2,unrelaxed_model_2_pred_91_rand0.15_nodropout.pdb,4.964036464691162
afsample2,unrelaxed_model_2_pred_92_rand0.15_nodropout.pdb,5.067111492156982
afsample2,unrelaxed_model_2_pred_93_rand0.15_nodropout.pdb,5.216392517089844
afsample2,unrelaxed_model_2_pred_94_rand0.15_nodropout.pdb,8.54546070098877
afsample2,unrelaxed_model_2_pred_95_rand0.15_nodropout.pdb,5.2457685470581055
afsample2,unrelaxed_model_2_pred_96_rand0.15_nodropout.pdb,8.526131629943848
afsample2,unrelaxed_model_2_pred_97_rand0.15_nodropout.pdb,5.352126121520996
afsample2,unrelaxed_model_2_pred_98_rand0.15_nodropout.pdb,5.356896877288818
afsample2,unrelaxed_model_2_pred_99_rand0.15_nodropout.pdb,5.529438018798828
afsample2,unrelaxed_model_2_pred_100_rand0.15_nodropout.pdb,4.944943904876709
afsample2,unrelaxed_model_3_pred_1_rand0.15_nodropout.pdb,5.554125785827637
afsample2,unrelaxed_model_3_pred_2_rand0.15_nodropout.pdb,8.77529239654541
afsample2,unrelaxed_model_3_pred_3_rand0.15_nodropout.pdb,5.071599960327148
afsample2,unrelaxed_model_3_pred_4_rand0.15_nodropout.pdb,5.192439079284668
afsample2,unrelaxed_model_3_pred_5_rand0.15_nodropout.pdb,8.865396499633789
afsample2,unrelaxed_model_3_pred_6_rand0.15_nodropout.pdb,6.465240478515625
afsample2,unrelaxed_model_3_pred_7_rand0.15_nodropout.pdb,6.090769767761231
afsample2,unrelaxed_model_3_pred_8_rand0.15_nodropout.pdb,5.664984703063965
afsample2,unrelaxed_model_3_pred_9_rand0.15_nodropout.pdb,5.792333126068115
afsample2,unrelaxed_model_3_pred_10_rand0.15_nodropout.pdb,5.224067687988281
afsample2,unrelaxed_model_3_pred_11_rand0.15_nodropout.pdb,5.498702526092529
afsample2,unrelaxed_model_3_pred_12_rand0.15_nodropout.pdb,5.168249130249023
afsample2,unrelaxed_model_3_pred_13_rand0.15_nodropout.pdb,5.3013529777526855
afsample2,unrelaxed_model_3_pred_14_rand0.15_nodropout.pdb,5.267343044281006
afsample2,unrelaxed_model_3_pred_15_rand0.15_nodropout.pdb,9.316001892089844
afsample2,unrelaxed_model_3_pred_16_rand0.15_nodropout.pdb,6.648960590362549
afsample2,unrelaxed_model_3_pred_17_rand0.15_nodropout.pdb,9.188742637634276
afsample2,unrelaxed_model_3_pred_18_rand0.15_nodropout.pdb,6.003632068634033
afsample2,unrelaxed_model_3_pred_19_rand0.15_nodropout.pdb,5.298778533935547
afsample2,unrelaxed_model_3_pred_20_rand0.15_nodropout.pdb,5.2098588943481445
afsample2,unrelaxed_model_3_pred_21_rand0.15_nodropout.pdb,5.106647491455078
afsample2,unrelaxed_model_3_pred_22_rand0.15_nodropout.pdb,8.412431716918945
afsample2,unrelaxed_model_3_pred_23_rand0.15_nodropout.pdb,4.993406772613525
afsample2,unrelaxed_model_3_pred_24_rand0.15_nodropout.pdb,5.473793983459473
afsample2,unrelaxed_model_3_pred_25_rand0.15_nodropout.pdb,5.8841328620910645
afsample2,unrelaxed_model_3_pred_26_rand0.15_nodropout.pdb,5.1678571701049805
afsample2,unrelaxed_model_3_pred_27_rand0.15_nodropout.pdb,5.005917072296143
afsample2,unrelaxed_model_3_pred_28_rand0.15_nodropout.pdb,5.750083923339844
afsample2,unrelaxed_model_3_pred_29_rand0.15_nodropout.pdb,4.89058780670166
afsample2,unrelaxed_model_3_pred_30_rand0.15_nodropout.pdb,5.661409854888916
afsample2,unrelaxed_model_3_pred_31_rand0.15_nodropout.pdb,5.456266403198242
afsample2,unrelaxed_model_3_pred_32_rand0.15_nodropout.pdb,8.784504890441895
afsample2,unrelaxed_model_3_pred_33_rand0.15_nodropout.pdb,5.077304363250732
afsample2,unrelaxed_model_3_pred_34_rand0.15_nodropout.pdb,5.246568202972412
afsample2,unrelaxed_model_3_pred_35_rand0.15_nodropout.pdb,8.929313659667969
afsample2,unrelaxed_model_3_pred_36_rand0.15_nodropout.pdb,5.333175659179688
afsample2,unrelaxed_model_3_pred_37_rand0.15_nodropout.pdb,5.140711784362793
afsample2,unrelaxed_model_3_pred_38_rand0.15_nodropout.pdb,5.594452381134033
afsample2,unrelaxed_model_3_pred_39_rand0.15_nodropout.pdb,5.210757732391357
afsample2,unrelaxed_model_3_pred_40_rand0.15_nodropout.pdb,8.518221855163574
afsample2,unrelaxed_model_3_pred_41_rand0.15_nodropout.pdb,5.256584644317627
afsample2,unrelaxed_model_3_pred_42_rand0.15_nodropout.pdb,7.77870512008667
afsample2,unrelaxed_model_3_pred_43_rand0.15_nodropout.pdb,5.083763599395752
afsample2,unrelaxed_model_3_pred_44_rand0.15_nodropout.pdb,8.377500534057617
afsample2,unrelaxed_model_3_pred_45_rand0.15_nodropout.pdb,4.977847099304199
afsample2,unrelaxed_model_3_pred_46_rand0.15_nodropout.pdb,5.531773090362549
afsample2,unrelaxed_model_3_pred_47_rand0.15_nodropout.pdb,5.207204818725586
afsample2,unrelaxed_model_3_pred_48_rand0.15_nodropout.pdb,5.576938152313232
afsample2,unrelaxed_model_3_pred_49_rand0.15_nodropout.pdb,7.220262050628662
afsample2,unrelaxed_model_3_pred_50_rand0.15_nodropout.pdb,5.219465255737305
afsample2,unrelaxed_model_3_pred_51_rand0.15_nodropout.pdb,6.176783561706543
afsample2,unrelaxed_model_3_pred_52_rand0.15_nodropout.pdb,5.359429836273193
afsample2,unrelaxed_model_3_pred_53_rand0.15_nodropout.pdb,5.281264305114746
afsample2,unrelaxed_model_3_pred_54_rand0.15_nodropout.pdb,6.002697467803955
afsample2,unrelaxed_model_3_pred_55_rand0.15_nodropout.pdb,4.941855430603027
afsample2,unrelaxed_model_3_pred_56_rand0.15_nodropout.pdb,7.922624111175537
afsample2,unrelaxed_model_3_pred_57_rand0.15_nodropout.pdb,5.302463531494141
afsample2,unrelaxed_model_3_pred_58_rand0.15_nodropout.pdb,4.908010005950928
afsample2,unrelaxed_model_3_pred_59_rand0.15_nodropout.pdb,5.173287868499756
afsample2,unrelaxed_model_3_pred_60_rand0.15_nodropout.pdb,5.261913299560547
afsample2,unrelaxed_model_3_pred_61_rand0.15_nodropout.pdb,5.039175510406494
afsample2,unrelaxed_model_3_pred_62_rand0.15_nodropout.pdb,6.946458339691162
afsample2,unrelaxed_model_3_pred_63_rand0.15_nodropout.pdb,4.85958194732666
afsample2,unrelaxed_model_3_pred_64_rand0.15_nodropout.pdb,6.842089653015137
afsample2,unrelaxed_model_3_pred_65_rand0.15_nodropout.pdb,8.919814109802246
afsample2,unrelaxed_model_3_pred_66_rand0.15_nodropout.pdb,5.65650749206543
afsample2,unrelaxed_model_3_pred_67_rand0.15_nodropout.pdb,5.600306510925293
afsample2,unrelaxed_model_3_pred_68_rand0.15_nodropout.pdb,4.88192892074585
afsample2,unrelaxed_model_3_pred_69_rand0.15_nodropout.pdb,5.266495227813721
afsample2,unrelaxed_model_3_pred_70_rand0.15_nodropout.pdb,5.376042366027832
afsample2,unrelaxed_model_3_pred_71_rand0.15_nodropout.pdb,4.883745193481445
afsample2,unrelaxed_model_3_pred_72_rand0.15_nodropout.pdb,4.836958408355713
afsample2,unrelaxed_model_3_pred_73_rand0.15_nodropout.pdb,7.111458778381348
afsample2,unrelaxed_model_3_pred_74_rand0.15_nodropout.pdb,4.941915512084961
afsample2,unrelaxed_model_3_pred_75_rand0.15_nodropout.pdb,5.334458827972412
afsample2,unrelaxed_model_3_pred_76_rand0.15_nodropout.pdb,5.9428911209106445
afsample2,unrelaxed_model_3_pred_77_rand0.15_nodropout.pdb,6.479349613189697
afsample2,unrelaxed_model_3_pred_78_rand0.15_nodropout.pdb,5.05702543258667
afsample2,unrelaxed_model_3_pred_79_rand0.15_nodropout.pdb,7.444543361663818
afsample2,unrelaxed_model_3_pred_80_rand0.15_nodropout.pdb,5.334225177764893
afsample2,unrelaxed_model_3_pred_81_rand0.15_nodropout.pdb,5.39195442199707
afsample2,unrelaxed_model_3_pred_82_rand0.15_nodropout.pdb,7.307259082794189
afsample2,unrelaxed_model_3_pred_83_rand0.15_nodropout.pdb,5.248652935028076
afsample2,unrelaxed_model_3_pred_84_rand0.15_nodropout.pdb,7.369157791137695
afsample2,unrelaxed_model_3_pred_85_rand0.15_nodropout.pdb,5.339317321777344
afsample2,unrelaxed_model_3_pred_86_rand0.15_nodropout.pdb,7.251559257507324
afsample2,unrelaxed_model_3_pred_87_rand0.15_nodropout.pdb,5.007118225097656
afsample2,unrelaxed_model_3_pred_88_rand0.15_nodropout.pdb,5.92665958404541
afsample2,unrelaxed_model_3_pred_89_rand0.15_nodropout.pdb,5.38938570022583
afsample2,unrelaxed_model_3_pred_90_rand0.15_nodropout.pdb,5.195267677307129
afsample2,unrelaxed_model_3_pred_91_rand0.15_nodropout.pdb,7.870206832885742
afsample2,unrelaxed_model_3_pred_92_rand0.15_nodropout.pdb,6.555012702941895
afsample2,unrelaxed_model_3_pred_93_rand0.15_nodropout.pdb,4.951730251312256
afsample2,unrelaxed_model_3_pred_94_rand0.15_nodropout.pdb,6.59958553314209
afsample2,unrelaxed_model_3_pred_95_rand0.15_nodropout.pdb,5.34329891204834
afsample2,unrelaxed_model_3_pred_96_rand0.15_nodropout.pdb,5.60504961013794
afsample2,unrelaxed_model_3_pred_97_rand0.15_nodropout.pdb,5.090460300445557
afsample2,unrelaxed_model_3_pred_98_rand0.15_nodropout.pdb,4.936145782470703
afsample2,unrelaxed_model_3_pred_99_rand0.15_nodropout.pdb,4.909966468811035
afsample2,unrelaxed_model_3_pred_100_rand0.15_nodropout.pdb,5.444918632507324
afsample2,unrelaxed_model_4_pred_1_rand0.15_nodropout.pdb,8.621077537536621
afsample2,unrelaxed_model_4_pred_2_rand0.15_nodropout.pdb,7.041017532348633
afsample2,unrelaxed_model_4_pred_3_rand0.15_nodropout.pdb,5.234561920166016
afsample2,unrelaxed_model_4_pred_4_rand0.15_nodropout.pdb,4.689484596252441
afsample2,unrelaxed_model_4_pred_5_rand0.15_nodropout.pdb,4.6163411140441895
afsample2,unrelaxed_model_4_pred_6_rand0.15_nodropout.pdb,4.882567882537842
afsample2,unrelaxed_model_4_pred_7_rand0.15_nodropout.pdb,5.061338901519775
afsample2,unrelaxed_model_4_pred_8_rand0.15_nodropout.pdb,5.695046901702881
afsample2,unrelaxed_model_4_pred_9_rand0.15_nodropout.pdb,8.322985649108887
afsample2,unrelaxed_model_4_pred_10_rand0.15_nodropout.pdb,5.09104061126709
afsample2,unrelaxed_model_4_pred_11_rand0.15_nodropout.pdb,5.141955852508545
afsample2,unrelaxed_model_4_pred_12_rand0.15_nodropout.pdb,4.662453651428223
afsample2,unrelaxed_model_4_pred_13_rand0.15_nodropout.pdb,4.822196006774902
afsample2,unrelaxed_model_4_pred_14_rand0.15_nodropout.pdb,4.808175086975098
afsample2,unrelaxed_model_4_pred_15_rand0.15_nodropout.pdb,5.328047275543213
afsample2,unrelaxed_model_4_pred_16_rand0.15_nodropout.pdb,4.798275947570801
afsample2,unrelaxed_model_4_pred_17_rand0.15_nodropout.pdb,4.925347805023193
afsample2,unrelaxed_model_4_pred_18_rand0.15_nodropout.pdb,5.025113582611084
afsample2,unrelaxed_model_4_pred_19_rand0.15_nodropout.pdb,5.930948257446289
afsample2,unrelaxed_model_4_pred_20_rand0.15_nodropout.pdb,5.204983711242676
afsample2,unrelaxed_model_4_pred_21_rand0.15_nodropout.pdb,5.547293663024902
afsample2,unrelaxed_model_4_pred_22_rand0.15_nodropout.pdb,5.132116794586182
afsample2,unrelaxed_model_4_pred_23_rand0.15_nodropout.pdb,5.318636894226074
afsample2,unrelaxed_model_4_pred_24_rand0.15_nodropout.pdb,5.532873630523682
afsample2,unrelaxed_model_4_pred_25_rand0.15_nodropout.pdb,5.197871208190918
afsample2,unrelaxed_model_4_pred_26_rand0.15_nodropout.pdb,4.972412109375
afsample2,unrelaxed_model_4_pred_27_rand0.15_nodropout.pdb,4.955435276031494
afsample2,unrelaxed_model_4_pred_28_rand0.15_nodropout.pdb,4.809152126312256
afsample2,unrelaxed_model_4_pred_29_rand0.15_nodropout.pdb,4.676241397857666
afsample2,unrelaxed_model_4_pred_30_rand0.15_nodropout.pdb,4.829589366912842
afsample2,unrelaxed_model_4_pred_31_rand0.15_nodropout.pdb,8.672351837158203
afsample2,unrelaxed_model_4_pred_32_rand0.15_nodropout.pdb,4.879254817962647
afsample2,unrelaxed_model_4_pred_33_rand0.15_nodropout.pdb,4.754467964172363
afsample2,unrelaxed_model_4_pred_34_rand0.15_nodropout.pdb,4.900200843811035
afsample2,unrelaxed_model_4_pred_35_rand0.15_nodropout.pdb,5.963472843170166
afsample2,unrelaxed_model_4_pred_36_rand0.15_nodropout.pdb,4.983878612518311
afsample2,unrelaxed_model_4_pred_37_rand0.15_nodropout.pdb,5.130044937133789
afsample2,unrelaxed_model_4_pred_38_rand0.15_nodropout.pdb,4.708485126495361
afsample2,unrelaxed_model_4_pred_39_rand0.15_nodropout.pdb,4.972306251525879
afsample2,unrelaxed_model_4_pred_40_rand0.15_nodropout.pdb,4.866354465484619
afsample2,unrelaxed_model_4_pred_41_rand0.15_nodropout.pdb,4.875354766845703
afsample2,unrelaxed_model_4_pred_42_rand0.15_nodropout.pdb,7.9819183349609375
afsample2,unrelaxed_model_4_pred_43_rand0.15_nodropout.pdb,7.077165603637695
afsample2,unrelaxed_model_4_pred_44_rand0.15_nodropout.pdb,4.803907871246338
afsample2,unrelaxed_model_4_pred_45_rand0.15_nodropout.pdb,4.906004428863525
afsample2,unrelaxed_model_4_pred_46_rand0.15_nodropout.pdb,8.051076889038086
afsample2,unrelaxed_model_4_pred_47_rand0.15_nodropout.pdb,7.518825054168701
afsample2,unrelaxed_model_4_pred_48_rand0.15_nodropout.pdb,4.99078893661499
afsample2,unrelaxed_model_4_pred_49_rand0.15_nodropout.pdb,4.955197334289551
afsample2,unrelaxed_model_4_pred_50_rand0.15_nodropout.pdb,4.717663288116455
afsample2,unrelaxed_model_4_pred_51_rand0.15_nodropout.pdb,5.393896102905273
afsample2,unrelaxed_model_4_pred_52_rand0.15_nodropout.pdb,4.91840124130249
afsample2,unrelaxed_model_4_pred_53_rand0.15_nodropout.pdb,6.671066761016846
afsample2,unrelaxed_model_4_pred_54_rand0.15_nodropout.pdb,5.418944358825684
afsample2,unrelaxed_model_4_pred_55_rand0.15_nodropout.pdb,5.02765703201294
afsample2,unrelaxed_model_4_pred_56_rand0.15_nodropout.pdb,5.193193912506104
afsample2,unrelaxed_model_4_pred_57_rand0.15_nodropout.pdb,5.060544490814209
afsample2,unrelaxed_model_4_pred_58_rand0.15_nodropout.pdb,4.968753337860107
afsample2,unrelaxed_model_4_pred_59_rand0.15_nodropout.pdb,4.6756205558776855
afsample2,unrelaxed_model_4_pred_60_rand0.15_nodropout.pdb,4.965883731842041
afsample2,unrelaxed_model_4_pred_61_rand0.15_nodropout.pdb,4.893202304840088
afsample2,unrelaxed_model_4_pred_62_rand0.15_nodropout.pdb,6.729686260223389
afsample2,unrelaxed_model_4_pred_63_rand0.15_nodropout.pdb,5.657986164093018
afsample2,unrelaxed_model_4_pred_64_rand0.15_nodropout.pdb,6.0985612869262695
afsample2,unrelaxed_model_4_pred_65_rand0.15_nodropout.pdb,5.136035919189453
afsample2,unrelaxed_model_4_pred_66_rand0.15_nodropout.pdb,4.92263650894165
afsample2,unrelaxed_model_4_pred_67_rand0.15_nodropout.pdb,4.750676155090332
afsample2,unrelaxed_model_4_pred_68_rand0.15_nodropout.pdb,5.72985315322876
afsample2,unrelaxed_model_4_pred_69_rand0.15_nodropout.pdb,5.167495250701904
afsample2,unrelaxed_model_4_pred_70_rand0.15_nodropout.pdb,5.098719596862793
afsample2,unrelaxed_model_4_pred_71_rand0.15_nodropout.pdb,5.181298732757568
afsample2,unrelaxed_model_4_pred_72_rand0.15_nodropout.pdb,4.950654029846191
afsample2,unrelaxed_model_4_pred_73_rand0.15_nodropout.pdb,5.190919399261475
afsample2,unrelaxed_model_4_pred_74_rand0.15_nodropout.pdb,5.308438777923584
afsample2,unrelaxed_model_4_pred_75_rand0.15_nodropout.pdb,5.498062133789063
afsample2,unrelaxed_model_4_pred_76_rand0.15_nodropout.pdb,4.789595603942871
afsample2,unrelaxed_model_4_pred_77_rand0.15_nodropout.pdb,5.1595306396484375
afsample2,unrelaxed_model_4_pred_78_rand0.15_nodropout.pdb,4.836976051330566
afsample2,unrelaxed_model_4_pred_79_rand0.15_nodropout.pdb,6.088929653167725
afsample2,unrelaxed_model_4_pred_80_rand0.15_nodropout.pdb,5.445600986480713
afsample2,unrelaxed_model_4_pred_81_rand0.15_nodropout.pdb,5.258893013000488
afsample2,unrelaxed_model_4_pred_82_rand0.15_nodropout.pdb,4.861676692962647
afsample2,unrelaxed_model_4_pred_83_rand0.15_nodropout.pdb,5.070754051208496
afsample2,unrelaxed_model_4_pred_84_rand0.15_nodropout.pdb,4.71478271484375
afsample2,unrelaxed_model_4_pred_85_rand0.15_nodropout.pdb,5.035367488861084
afsample2,unrelaxed_model_4_pred_86_rand0.15_nodropout.pdb,4.909387588500977
afsample2,unrelaxed_model_4_pred_87_rand0.15_nodropout.pdb,7.218639850616455
afsample2,unrelaxed_model_4_pred_88_rand0.15_nodropout.pdb,7.583577632904053
afsample2,unrelaxed_model_4_pred_89_rand0.15_nodropout.pdb,4.95555591583252
afsample2,unrelaxed_model_4_pred_90_rand0.15_nodropout.pdb,4.825403213500977
afsample2,unrelaxed_model_4_pred_91_rand0.15_nodropout.pdb,4.948286056518555
afsample2,unrelaxed_model_4_pred_92_rand0.15_nodropout.pdb,5.148317813873291
afsample2,unrelaxed_model_4_pred_93_rand0.15_nodropout.pdb,5.0030131340026855
afsample2,unrelaxed_model_4_pred_94_rand0.15_nodropout.pdb,4.901181697845459
afsample2,unrelaxed_model_4_pred_95_rand0.15_nodropout.pdb,5.00605058670044
afsample2,unrelaxed_model_4_pred_96_rand0.15_nodropout.pdb,5.315377235412598
afsample2,unrelaxed_model_4_pred_97_rand0.15_nodropout.pdb,4.663078784942627
afsample2,unrelaxed_model_4_pred_98_rand0.15_nodropout.pdb,5.035079479217529
afsample2,unrelaxed_model_4_pred_99_rand0.15_nodropout.pdb,5.783737182617188
afsample2,unrelaxed_model_4_pred_100_rand0.15_nodropout.pdb,5.006551742553711
afsample2,unrelaxed_model_5_pred_1_rand0.15_nodropout.pdb,8.410289764404297
afsample2,unrelaxed_model_5_pred_2_rand0.15_nodropout.pdb,4.976134300231934
afsample2,unrelaxed_model_5_pred_3_rand0.15_nodropout.pdb,4.940971374511719
afsample2,unrelaxed_model_5_pred_4_rand0.15_nodropout.pdb,4.936330318450928
afsample2,unrelaxed_model_5_pred_5_rand0.15_nodropout.pdb,5.844227313995361
afsample2,unrelaxed_model_5_pred_6_rand0.15_nodropout.pdb,5.383584022521973
afsample2,unrelaxed_model_5_pred_7_rand0.15_nodropout.pdb,4.860940456390381
afsample2,unrelaxed_model_5_pred_8_rand0.15_nodropout.pdb,5.102753162384033
afsample2,unrelaxed_model_5_pred_9_rand0.15_nodropout.pdb,4.961054801940918
afsample2,unrelaxed_model_5_pred_10_rand0.15_nodropout.pdb,4.747828960418701
afsample2,unrelaxed_model_5_pred_11_rand0.15_nodropout.pdb,4.904990196228027
afsample2,unrelaxed_model_5_pred_12_rand0.15_nodropout.pdb,4.808183670043945
afsample2,unrelaxed_model_5_pred_13_rand0.15_nodropout.pdb,5.297692775726318
afsample2,unrelaxed_model_5_pred_14_rand0.15_nodropout.pdb,5.079126358032227
afsample2,unrelaxed_model_5_pred_15_rand0.15_nodropout.pdb,6.8949809074401855
afsample2,unrelaxed_model_5_pred_16_rand0.15_nodropout.pdb,5.56849479675293
afsample2,unrelaxed_model_5_pred_17_rand0.15_nodropout.pdb,7.049896717071533
afsample2,unrelaxed_model_5_pred_18_rand0.15_nodropout.pdb,5.028674602508545
afsample2,unrelaxed_model_5_pred_19_rand0.15_nodropout.pdb,5.523436546325684
afsample2,unrelaxed_model_5_pred_20_rand0.15_nodropout.pdb,5.310850620269775
afsample2,unrelaxed_model_5_pred_21_rand0.15_nodropout.pdb,6.488522529602051
afsample2,unrelaxed_model_5_pred_22_rand0.15_nodropout.pdb,5.748912811279297
afsample2,unrelaxed_model_5_pred_23_rand0.15_nodropout.pdb,5.476244926452637
afsample2,unrelaxed_model_5_pred_24_rand0.15_nodropout.pdb,5.263601303100586
afsample2,unrelaxed_model_5_pred_25_rand0.15_nodropout.pdb,8.159252166748047
afsample2,unrelaxed_model_5_pred_26_rand0.15_nodropout.pdb,5.230442523956299
afsample2,unrelaxed_model_5_pred_27_rand0.15_nodropout.pdb,5.029323577880859
afsample2,unrelaxed_model_5_pred_28_rand0.15_nodropout.pdb,5.110827922821045
afsample2,unrelaxed_model_5_pred_29_rand0.15_nodropout.pdb,5.083269119262695
afsample2,unrelaxed_model_5_pred_30_rand0.15_nodropout.pdb,6.1085357666015625
afsample2,unrelaxed_model_5_pred_31_rand0.15_nodropout.pdb,4.98497486114502
afsample2,unrelaxed_model_5_pred_32_rand0.15_nodropout.pdb,5.185650825500488
afsample2,unrelaxed_model_5_pred_33_rand0.15_nodropout.pdb,4.866584777832031
afsample2,unrelaxed_model_5_pred_34_rand0.15_nodropout.pdb,5.995046138763428
afsample2,unrelaxed_model_5_pred_35_rand0.15_nodropout.pdb,9.07631015777588
afsample2,unrelaxed_model_5_pred_36_rand0.15_nodropout.pdb,8.448951721191406
afsample2,unrelaxed_model_5_pred_37_rand0.15_nodropout.pdb,4.995370388031006
afsample2,unrelaxed_model_5_pred_38_rand0.15_nodropout.pdb,5.019231796264648
afsample2,unrelaxed_model_5_pred_39_rand0.15_nodropout.pdb,7.003590106964111
afsample2,unrelaxed_model_5_pred_40_rand0.15_nodropout.pdb,5.580777168273926
afsample2,unrelaxed_model_5_pred_41_rand0.15_nodropout.pdb,5.633123397827148
afsample2,unrelaxed_model_5_pred_42_rand0.15_nodropout.pdb,4.92274808883667
afsample2,unrelaxed_model_5_pred_43_rand0.15_nodropout.pdb,5.067203521728516
afsample2,unrelaxed_model_5_pred_44_rand0.15_nodropout.pdb,5.177682399749756
afsample2,unrelaxed_model_5_pred_45_rand0.15_nodropout.pdb,9.032777786254885
afsample2,unrelaxed_model_5_pred_46_rand0.15_nodropout.pdb,4.574088096618652
afsample2,unrelaxed_model_5_pred_47_rand0.15_nodropout.pdb,4.847443103790283
afsample2,unrelaxed_model_5_pred_48_rand0.15_nodropout.pdb,4.863183975219727
afsample2,unrelaxed_model_5_pred_49_rand0.15_nodropout.pdb,5.109732627868652
afsample2,unrelaxed_model_5_pred_50_rand0.15_nodropout.pdb,8.579303741455078
afsample2,unrelaxed_model_5_pred_51_rand0.15_nodropout.pdb,4.833169460296631
afsample2,unrelaxed_model_5_pred_52_rand0.15_nodropout.pdb,5.240184783935547
afsample2,unrelaxed_model_5_pred_53_rand0.15_nodropout.pdb,5.235056400299072
afsample2,unrelaxed_model_5_pred_54_rand0.15_nodropout.pdb,5.176031112670898
afsample2,unrelaxed_model_5_pred_55_rand0.15_nodropout.pdb,5.095171451568604
afsample2,unrelaxed_model_5_pred_56_rand0.15_nodropout.pdb,6.115362167358398
afsample2,unrelaxed_model_5_pred_57_rand0.15_nodropout.pdb,5.833874225616455
afsample2,unrelaxed_model_5_pred_58_rand0.15_nodropout.pdb,7.877161979675293
afsample2,unrelaxed_model_5_pred_59_rand0.15_nodropout.pdb,6.316125392913818
afsample2,unrelaxed_model_5_pred_60_rand0.15_nodropout.pdb,5.915389537811279
afsample2,unrelaxed_model_5_pred_61_rand0.15_nodropout.pdb,5.145946502685547
afsample2,unrelaxed_model_5_pred_62_rand0.15_nodropout.pdb,4.885008335113525
afsample2,unrelaxed_model_5_pred_63_rand0.15_nodropout.pdb,5.248587131500244
afsample2,unrelaxed_model_5_pred_64_rand0.15_nodropout.pdb,5.11847448348999
afsample2,unrelaxed_model_5_pred_65_rand0.15_nodropout.pdb,8.686882019042969
afsample2,unrelaxed_model_5_pred_66_rand0.15_nodropout.pdb,5.228610515594482
afsample2,unrelaxed_model_5_pred_67_rand0.15_nodropout.pdb,5.166686058044434
afsample2,unrelaxed_model_5_pred_68_rand0.15_nodropout.pdb,5.071774959564209
afsample2,unrelaxed_model_5_pred_69_rand0.15_nodropout.pdb,5.023515701293945
afsample2,unrelaxed_model_5_pred_70_rand0.15_nodropout.pdb,4.967716693878174
afsample2,unrelaxed_model_5_pred_71_rand0.15_nodropout.pdb,6.063427448272705
afsample2,unrelaxed_model_5_pred_72_rand0.15_nodropout.pdb,5.7266716957092285
afsample2,unrelaxed_model_5_pred_73_rand0.15_nodropout.pdb,4.997171878814697
afsample2,unrelaxed_model_5_pred_74_rand0.15_nodropout.pdb,5.581687927246094
afsample2,unrelaxed_model_5_pred_75_rand0.15_nodropout.pdb,5.050926685333252
afsample2,unrelaxed_model_5_pred_76_rand0.15_nodropout.pdb,5.184294700622559
afsample2,unrelaxed_model_5_pred_77_rand0.15_nodropout.pdb,8.180874824523926
afsample2,unrelaxed_model_5_pred_78_rand0.15_nodropout.pdb,8.962894439697266
afsample2,unrelaxed_model_5_pred_79_rand0.15_nodropout.pdb,5.520847797393799
afsample2,unrelaxed_model_5_pred_80_rand0.15_nodropout.pdb,5.4018073081970215
afsample2,unrelaxed_model_5_pred_81_rand0.15_nodropout.pdb,8.79662036895752
afsample2,unrelaxed_model_5_pred_82_rand0.15_nodropout.pdb,5.970402717590332
afsample2,unrelaxed_model_5_pred_83_rand0.15_nodropout.pdb,5.292303085327148
afsample2,unrelaxed_model_5_pred_84_rand0.15_nodropout.pdb,8.619644165039062
afsample2,unrelaxed_model_5_pred_85_rand0.15_nodropout.pdb,9.344345092773438
afsample2,unrelaxed_model_5_pred_86_rand0.15_nodropout.pdb,5.357858180999756
afsample2,unrelaxed_model_5_pred_87_rand0.15_nodropout.pdb,4.894593715667725
afsample2,unrelaxed_model_5_pred_88_rand0.15_nodropout.pdb,7.048048973083496
afsample2,unrelaxed_model_5_pred_89_rand0.15_nodropout.pdb,5.373322486877441
afsample2,unrelaxed_model_5_pred_90_rand0.15_nodropout.pdb,7.796636581420898
afsample2,unrelaxed_model_5_pred_91_rand0.15_nodropout.pdb,5.9663496017456055
afsample2,unrelaxed_model_5_pred_92_rand0.15_nodropout.pdb,9.031414985656738
afsample2,unrelaxed_model_5_pred_93_rand0.15_nodropout.pdb,4.972984790802002
afsample2,unrelaxed_model_5_pred_94_rand0.15_nodropout.pdb,5.769010543823242
afsample2,unrelaxed_model_5_pred_95_rand0.15_nodropout.pdb,5.254125595092773
afsample2,unrelaxed_model_5_pred_96_rand0.15_nodropout.pdb,5.101996421813965
afsample2,unrelaxed_model_5_pred_97_rand0.15_nodropout.pdb,7.262309074401855
afsample2,unrelaxed_model_5_pred_98_rand0.15_nodropout.pdb,6.236430644989014
afsample2,unrelaxed_model_5_pred_99_rand0.15_nodropout.pdb,6.052557468414307
afsample2,unrelaxed_model_5_pred_100_rand0.15_nodropout.pdb,8.60202693939209
bioemu,ensemble_1.pdb,6.437422275543213
bioemu,ensemble_2.pdb,5.158304214477539
bioemu,ensemble_3.pdb,6.991086483001709
bioemu,ensemble_4.pdb,6.685306072235107
bioemu,ensemble_5.pdb,6.75462007522583
bioemu,ensemble_6.pdb,9.167016983032228
bioemu,ensemble_7.pdb,6.618542194366455
bioemu,ensemble_8.pdb,7.692768573760986
bioemu,ensemble_9.pdb,4.964272499084473
bioemu,ensemble_10.pdb,5.1086297035217285
bioemu,ensemble_11.pdb,9.25300407409668
bioemu,ensemble_12.pdb,6.235975742340088
bioemu,ensemble_13.pdb,5.830240249633789
bioemu,ensemble_14.pdb,4.932848930358887
bioemu,ensemble_15.pdb,6.002691268920898
bioemu,ensemble_16.pdb,9.53140640258789
bioemu,ensemble_17.pdb,5.711435794830322
bioemu,ensemble_18.pdb,6.008743762969971
bioemu,ensemble_19.pdb,9.672895431518556
bioemu,ensemble_20.pdb,5.81922721862793
bioemu,ensemble_21.pdb,8.593568801879883
bioemu,ensemble_22.pdb,7.966535568237305
bioemu,ensemble_23.pdb,6.638561725616455
bioemu,ensemble_24.pdb,6.533361434936523
bioemu,ensemble_25.pdb,6.562689781188965
bioemu,ensemble_26.pdb,8.076008796691895
bioemu,ensemble_27.pdb,8.306410789489746
bioemu,ensemble_28.pdb,5.277432918548584
bioemu,ensemble_29.pdb,5.808631896972656
bioemu,ensemble_30.pdb,5.422074794769287
bioemu,ensemble_31.pdb,6.446099281311035
bioemu,ensemble_32.pdb,7.064283847808838
bioemu,ensemble_33.pdb,8.921737670898438
bioemu,ensemble_34.pdb,5.206352710723877
bioemu,ensemble_35.pdb,5.131012916564941
bioemu,ensemble_36.pdb,6.35513162612915
bioemu,ensemble_37.pdb,5.719528198242188
bioemu,ensemble_38.pdb,8.600266456604004
bioemu,ensemble_39.pdb,4.763727188110352
bioemu,ensemble_40.pdb,8.303211212158203
bioemu,ensemble_41.pdb,8.413542747497559
bioemu,ensemble_42.pdb,6.253391265869141
bioemu,ensemble_43.pdb,7.891267776489258
bioemu,ensemble_44.pdb,7.560112953186035
bioemu,ensemble_45.pdb,5.344437122344971
bioemu,ensemble_46.pdb,5.512113571166992
bioemu,ensemble_47.pdb,6.1643171310424805
bioemu,ensemble_48.pdb,6.5255961418151855
bioemu,ensemble_49.pdb,5.139426708221436
bioemu,ensemble_50.pdb,10.03492259979248
bioemu,ensemble_51.pdb,6.488620758056641
bioemu,ensemble_52.pdb,8.531482696533203
bioemu,ensemble_53.pdb,7.150223731994629
bioemu,ensemble_54.pdb,9.909368515014648
bioemu,ensemble_55.pdb,6.944307327270508
bioemu,ensemble_56.pdb,5.612379550933838
bioemu,ensemble_57.pdb,5.018077850341797
bioemu,ensemble_58.pdb,6.923972606658936
bioemu,ensemble_59.pdb,9.415403366088867
bioemu,ensemble_60.pdb,4.944784641265869
bioemu,ensemble_61.pdb,5.780612945556641
bioemu,ensemble_62.pdb,8.574297904968262
bioemu,ensemble_63.pdb,5.196287631988525
bioemu,ensemble_64.pdb,5.075963973999023
bioemu,ensemble_65.pdb,9.54026222229004
bioemu,ensemble_66.pdb,5.923984050750732
bioemu,ensemble_67.pdb,8.11591625213623
bioemu,ensemble_68.pdb,6.002173900604248
bioemu,ensemble_69.pdb,5.47004508972168
bioemu,ensemble_70.pdb,5.948393821716309
bioemu,ensemble_71.pdb,6.762986660003662
bioemu,ensemble_72.pdb,8.611021995544434
bioemu,ensemble_73.pdb,8.474451065063477
bioemu,ensemble_74.pdb,8.574962615966797
bioemu,ensemble_75.pdb,5.333441734313965
bioemu,ensemble_76.pdb,8.406224250793457
bioemu,ensemble_77.pdb,4.399250030517578
bioemu,ensemble_78.pdb,6.303816795349121
bioemu,ensemble_79.pdb,7.574602127075195
bioemu,ensemble_80.pdb,7.076537609100342
bioemu,ensemble_81.pdb,6.943990707397461
bioemu,ensemble_82.pdb,8.172233581542969
bioemu,ensemble_83.pdb,9.310413360595703
bioemu,ensemble_84.pdb,4.922540664672852
bioemu,ensemble_85.pdb,9.548486709594728
bioemu,ensemble_86.pdb,7.597486972808838
bioemu,ensemble_87.pdb,5.404674053192139
bioemu,ensemble_88.pdb,5.1317644119262695
bioemu,ensemble_89.pdb,7.244832992553711
bioemu,ensemble_90.pdb,5.319324016571045
bioemu,ensemble_91.pdb,6.346722602844238
bioemu,ensemble_92.pdb,9.871868133544922
bioemu,ensemble_93.pdb,5.814687728881836
bioemu,ensemble_94.pdb,4.889692783355713
bioemu,ensemble_95.pdb,5.598615646362305
bioemu,ensemble_96.pdb,7.9197282791137695
bioemu,ensemble_97.pdb,9.112130165100098
bioemu,ensemble_98.pdb,8.571820259094238
bioemu,ensemble_99.pdb,8.177193641662598
bioemu,ensemble_100.pdb,5.845076084136963
bioemu,ensemble_101.pdb,6.663468360900879
bioemu,ensemble_102.pdb,9.009843826293944
bioemu,ensemble_103.pdb,5.467767715454102
bioemu,ensemble_104.pdb,10.54014778137207
bioemu,ensemble_105.pdb,8.180574417114258
bioemu,ensemble_106.pdb,8.31544303894043
bioemu,ensemble_107.pdb,4.878668785095215
bioemu,ensemble_108.pdb,9.581137657165527
bioemu,ensemble_109.pdb,9.44604206085205
bioemu,ensemble_110.pdb,9.001866340637207
bioemu,ensemble_111.pdb,4.9303741455078125
bioemu,ensemble_112.pdb,7.801140785217285
bioemu,ensemble_113.pdb,5.240924835205078
bioemu,ensemble_114.pdb,8.60200023651123
bioemu,ensemble_115.pdb,8.44057559967041
bioemu,ensemble_116.pdb,4.708821773529053
bioemu,ensemble_117.pdb,7.918334484100342
bioemu,ensemble_118.pdb,8.320798873901367
bioemu,ensemble_119.pdb,9.070798873901367
bioemu,ensemble_120.pdb,5.757725238800049
bioemu,ensemble_121.pdb,7.811709880828857
bioemu,ensemble_122.pdb,7.2328901290893555
bioemu,ensemble_123.pdb,7.653999328613281
bioemu,ensemble_124.pdb,7.545760154724121
bioemu,ensemble_125.pdb,8.423543930053711
bioemu,ensemble_126.pdb,5.440036296844482
bioemu,ensemble_127.pdb,5.417470932006836
bioemu,ensemble_128.pdb,7.381782531738281
bioemu,ensemble_129.pdb,8.240012168884277
bioemu,ensemble_130.pdb,4.241354942321777
bioemu,ensemble_131.pdb,7.625837326049805
bioemu,ensemble_132.pdb,5.615950107574463
bioemu,ensemble_133.pdb,6.245806694030762
bioemu,ensemble_134.pdb,9.25012493133545
bioemu,ensemble_135.pdb,7.1727399826049805
bioemu,ensemble_136.pdb,6.022906303405762
bioemu,ensemble_137.pdb,5.316671848297119
bioemu,ensemble_138.pdb,8.468324661254883
bioemu,ensemble_139.pdb,7.202291965484619
bioemu,ensemble_140.pdb,4.875427722930908
bioemu,ensemble_141.pdb,9.131336212158203
bioemu,ensemble_142.pdb,7.101029396057129
bioemu,ensemble_143.pdb,7.699539184570312
bioemu,ensemble_144.pdb,5.114694118499756
bioemu,ensemble_145.pdb,9.613126754760742
bioemu,ensemble_146.pdb,8.235830307006836
bioemu,ensemble_147.pdb,8.862984657287598
bioemu,ensemble_148.pdb,9.60550308227539
bioemu,ensemble_149.pdb,8.536006927490234
bioemu,ensemble_150.pdb,5.523431777954102
bioemu,ensemble_151.pdb,5.719633102416992
bioemu,ensemble_152.pdb,5.934508800506592
bioemu,ensemble_153.pdb,8.621045112609863
bioemu,ensemble_154.pdb,9.644527435302734
bioemu,ensemble_155.pdb,4.787336826324463
bioemu,ensemble_156.pdb,4.577663421630859
bioemu,ensemble_157.pdb,5.9566850662231445
bioemu,ensemble_158.pdb,5.618834495544434
bioemu,ensemble_159.pdb,8.713638305664062
bioemu,ensemble_160.pdb,7.909014225006103
bioemu,ensemble_161.pdb,5.696384429931641
bioemu,ensemble_162.pdb,9.837143898010254
bioemu,ensemble_163.pdb,5.293676376342773
bioemu,ensemble_164.pdb,4.959041595458984
bioemu,ensemble_165.pdb,6.6951985359191895
bioemu,ensemble_166.pdb,6.163942337036133
bioemu,ensemble_167.pdb,4.566771507263184
bioemu,ensemble_168.pdb,9.05751609802246
bioemu,ensemble_169.pdb,9.798750877380373
bioemu,ensemble_170.pdb,6.260271072387695
bioemu,ensemble_171.pdb,4.94935417175293
bioemu,ensemble_172.pdb,8.488263130187988
bioemu,ensemble_173.pdb,7.658368110656738
bioemu,ensemble_174.pdb,8.79887580871582
bioemu,ensemble_175.pdb,7.5509209632873535
bioemu,ensemble_176.pdb,6.334555149078369
bioemu,ensemble_177.pdb,4.762909412384033
bioemu,ensemble_178.pdb,7.905896186828613
bioemu,ensemble_179.pdb,8.209270477294922
bioemu,ensemble_180.pdb,8.095702171325684
bioemu,ensemble_181.pdb,7.24677848815918
bioemu,ensemble_182.pdb,7.215227127075195
bioemu,ensemble_183.pdb,4.943227767944336
bioemu,ensemble_184.pdb,9.566426277160645
bioemu,ensemble_185.pdb,5.682235240936279
bioemu,ensemble_186.pdb,6.71235466003418
bioemu,ensemble_187.pdb,8.653526306152344
bioemu,ensemble_188.pdb,5.09221887588501
bioemu,ensemble_189.pdb,4.725515365600586
bioemu,ensemble_190.pdb,5.240123748779297
bioemu,ensemble_191.pdb,7.048155307769775
bioemu,ensemble_192.pdb,8.162978172302246
bioemu,ensemble_193.pdb,9.78290843963623
bioemu,ensemble_194.pdb,5.076583862304688
bioemu,ensemble_195.pdb,8.744175910949707
bioemu,ensemble_196.pdb,4.832493305206299
bioemu,ensemble_197.pdb,8.103419303894043
bioemu,ensemble_198.pdb,7.34527063369751
bioemu,ensemble_199.pdb,7.39906120300293
bioemu,ensemble_200.pdb,4.772789001464844
bioemu,ensemble_201.pdb,6.182701587677002
bioemu,ensemble_202.pdb,4.9182209968566895
bioemu,ensemble_203.pdb,6.707995414733887
bioemu,ensemble_204.pdb,6.489152431488037
bioemu,ensemble_205.pdb,5.258906841278076
bioemu,ensemble_206.pdb,8.884514808654785
bioemu,ensemble_207.pdb,9.110445022583008
bioemu,ensemble_208.pdb,6.796602725982666
bioemu,ensemble_209.pdb,6.80900239944458
bioemu,ensemble_210.pdb,4.54794454574585
bioemu,ensemble_211.pdb,9.459661483764648
bioemu,ensemble_212.pdb,4.999090671539307
bioemu,ensemble_213.pdb,7.692711353302002
bioemu,ensemble_214.pdb,8.511045455932617
bioemu,ensemble_215.pdb,6.516517639160156
bioemu,ensemble_216.pdb,5.927536964416504
bioemu,ensemble_217.pdb,7.052737712860107
bioemu,ensemble_218.pdb,7.208196640014648
bioemu,ensemble_219.pdb,7.013087749481201
bioemu,ensemble_220.pdb,6.42073917388916
bioemu,ensemble_221.pdb,7.79329252243042
bioemu,ensemble_222.pdb,7.160969734191895
bioemu,ensemble_223.pdb,5.959277629852295
bioemu,ensemble_224.pdb,7.618728160858154
bioemu,ensemble_225.pdb,5.073390960693359
bioemu,ensemble_226.pdb,7.255956172943115
bioemu,ensemble_227.pdb,5.751078128814697
bioemu,ensemble_228.pdb,7.038983345031738
bioemu,ensemble_229.pdb,6.724322319030762
bioemu,ensemble_230.pdb,10.131668090820312
bioemu,ensemble_231.pdb,8.508636474609375
bioemu,ensemble_232.pdb,9.140514373779297
bioemu,ensemble_233.pdb,5.41587495803833
bioemu,ensemble_234.pdb,5.844733238220215
bioemu,ensemble_235.pdb,5.360176086425781
bioemu,ensemble_236.pdb,5.041964054107666
bioemu,ensemble_237.pdb,6.812891483306885
bioemu,ensemble_238.pdb,5.8000168800354
bioemu,ensemble_239.pdb,6.015096187591553
bioemu,ensemble_240.pdb,7.3214287757873535
bioemu,ensemble_241.pdb,6.904071807861328
bioemu,ensemble_242.pdb,6.305157661437988
bioemu,ensemble_243.pdb,4.945523262023926
bioemu,ensemble_244.pdb,5.750669002532959
bioemu,ensemble_245.pdb,6.119509220123291
bioemu,ensemble_246.pdb,6.421905994415283
bioemu,ensemble_247.pdb,4.371875762939453
bioemu,ensemble_248.pdb,5.064838886260986
bioemu,ensemble_249.pdb,8.732634544372559
bioemu,ensemble_250.pdb,6.197709083557129
bioemu,ensemble_251.pdb,5.641011714935303
bioemu,ensemble_252.pdb,8.944025993347168
bioemu,ensemble_253.pdb,8.956751823425293
bioemu,ensemble_254.pdb,9.95834255218506
bioemu,ensemble_255.pdb,5.660971641540527
bioemu,ensemble_256.pdb,7.934772491455078
bioemu,ensemble_257.pdb,6.599834442138672
bioemu,ensemble_258.pdb,7.4962992668151855
bioemu,ensemble_259.pdb,8.991357803344727
bioemu,ensemble_260.pdb,8.851835250854492
bioemu,ensemble_261.pdb,9.134796142578123
bioemu,ensemble_262.pdb,6.738256454467773
bioemu,ensemble_263.pdb,9.277871131896973
bioemu,ensemble_264.pdb,6.549641609191895
bioemu,ensemble_265.pdb,7.757874488830566
bioemu,ensemble_266.pdb,6.112700939178467
bioemu,ensemble_267.pdb,9.870951652526855
bioemu,ensemble_268.pdb,8.294642448425293
bioemu,ensemble_269.pdb,6.739600658416748
bioemu,ensemble_270.pdb,5.515560150146484
bioemu,ensemble_271.pdb,5.620862483978272
bioemu,ensemble_272.pdb,6.897339344024658
bioemu,ensemble_273.pdb,10.20761013031006
bioemu,ensemble_274.pdb,7.0135369300842285
bioemu,ensemble_275.pdb,6.178323745727539
bioemu,ensemble_276.pdb,9.216729164123535
bioemu,ensemble_277.pdb,5.432761192321777
bioemu,ensemble_278.pdb,8.099690437316895
bioemu,ensemble_279.pdb,9.211627006530762
bioemu,ensemble_280.pdb,7.305558204650879
bioemu,ensemble_281.pdb,9.383649826049805
bioemu,ensemble_282.pdb,9.92972183227539
bioemu,ensemble_283.pdb,6.200814247131348
bioemu,ensemble_284.pdb,8.655293464660645
bioemu,ensemble_285.pdb,7.343411922454834
bioemu,ensemble_286.pdb,8.910202026367188
bioemu,ensemble_287.pdb,7.565884590148926
bioemu,ensemble_288.pdb,7.763923645019531
bioemu,ensemble_289.pdb,5.474797248840332
bioemu,ensemble_290.pdb,8.739799499511719
bioemu,ensemble_291.pdb,4.424262523651123
bioemu,ensemble_292.pdb,4.894169807434082
bioemu,ensemble_293.pdb,6.0891876220703125
bioemu,ensemble_294.pdb,5.422369480133057
bioemu,ensemble_295.pdb,7.182096004486084
bioemu,ensemble_296.pdb,9.609938621520996
bioemu,ensemble_297.pdb,8.13153076171875
bioemu,ensemble_298.pdb,7.67288064956665
bioemu,ensemble_299.pdb,4.463070869445801
bioemu,ensemble_300.pdb,7.612790584564209
bioemu,ensemble_301.pdb,7.4853515625
bioemu,ensemble_302.pdb,5.508111476898193
bioemu,ensemble_303.pdb,8.715875625610352
bioemu,ensemble_304.pdb,6.195642948150635
bioemu,ensemble_305.pdb,8.145249366760254
bioemu,ensemble_306.pdb,7.475707054138184
bioemu,ensemble_307.pdb,7.361663818359375
bioemu,ensemble_308.pdb,4.855452060699463
bioemu,ensemble_309.pdb,5.7900166511535645
bioemu,ensemble_310.pdb,7.208273410797119
bioemu,ensemble_311.pdb,8.137702941894531
bioemu,ensemble_312.pdb,5.468984603881836
bioemu,ensemble_313.pdb,7.411214828491211
bioemu,ensemble_314.pdb,5.1807050704956055
bioemu,ensemble_315.pdb,8.055171966552734
bioemu,ensemble_316.pdb,5.917642593383789
bioemu,ensemble_317.pdb,5.69465446472168
bioemu,ensemble_318.pdb,8.73837661743164
bioemu,ensemble_319.pdb,4.896590709686279
bioemu,ensemble_320.pdb,6.132291316986084
bioemu,ensemble_321.pdb,7.009778499603272
bioemu,ensemble_322.pdb,8.510210990905762
bioemu,ensemble_323.pdb,6.68610429763794
bioemu,ensemble_324.pdb,7.61675214767456
bioemu,ensemble_325.pdb,8.527753829956055
bioemu,ensemble_326.pdb,7.473914623260498
bioemu,ensemble_327.pdb,6.392754554748535
bioemu,ensemble_328.pdb,6.3859686851501465
bioemu,ensemble_329.pdb,8.393600463867188
bioemu,ensemble_330.pdb,6.475199699401856
bioemu,ensemble_331.pdb,5.955284118652344
bioemu,ensemble_332.pdb,6.03537130355835
bioemu,ensemble_333.pdb,6.239534378051758
bioemu,ensemble_334.pdb,8.566014289855957
bioemu,ensemble_335.pdb,5.133701801300049
bioemu,ensemble_336.pdb,6.828155040740967
bioemu,ensemble_337.pdb,6.804667472839356
bioemu,ensemble_338.pdb,5.528770446777344
bioemu,ensemble_339.pdb,9.36317253112793
bioemu,ensemble_340.pdb,8.445034980773926
bioemu,ensemble_341.pdb,5.104282855987549
bioemu,ensemble_342.pdb,9.568716049194336
bioemu,ensemble_343.pdb,4.804435253143311
bioemu,ensemble_344.pdb,6.99092960357666
bioemu,ensemble_345.pdb,9.38192367553711
bioemu,ensemble_346.pdb,4.184792518615723
bioemu,ensemble_347.pdb,6.163878440856934
bioemu,ensemble_348.pdb,8.776793479919434
bioemu,ensemble_349.pdb,5.428756237030029
bioemu,ensemble_350.pdb,6.500545501708984
bioemu,ensemble_351.pdb,7.505391120910644
bioemu,ensemble_352.pdb,5.532385349273682
bioemu,ensemble_353.pdb,5.969472885131836
bioemu,ensemble_354.pdb,5.644369125366211
bioemu,ensemble_355.pdb,7.475440979003906
bioemu,ensemble_356.pdb,5.706670761108398
bioemu,ensemble_357.pdb,8.177659034729004
bioemu,ensemble_358.pdb,5.237288951873779
bioemu,ensemble_359.pdb,5.566355228424072
bioemu,ensemble_360.pdb,7.532371044158935
bioemu,ensemble_361.pdb,6.892335891723633
bioemu,ensemble_362.pdb,5.285016059875488
bioemu,ensemble_363.pdb,6.500415325164795
bioemu,ensemble_364.pdb,7.312325477600098
bioemu,ensemble_365.pdb,5.861015319824219
bioemu,ensemble_366.pdb,7.277341365814209
bioemu,ensemble_367.pdb,8.659388542175293
bioemu,ensemble_368.pdb,8.292792320251465
bioemu,ensemble_369.pdb,9.178921699523926
bioemu,ensemble_370.pdb,7.836612224578857
bioemu,ensemble_371.pdb,8.245423316955566
bioemu,ensemble_372.pdb,6.352142810821533
bioemu,ensemble_373.pdb,7.905378341674805
bioemu,ensemble_374.pdb,8.822386741638184
bioemu,ensemble_375.pdb,5.058716297149658
bioemu,ensemble_376.pdb,6.06691837310791
bioemu,ensemble_377.pdb,5.790708541870117
bioemu,ensemble_378.pdb,9.247295379638672
bioemu,ensemble_379.pdb,6.055617809295654
bioemu,ensemble_380.pdb,5.178039073944092
bioemu,ensemble_381.pdb,9.305665016174316
bioemu,ensemble_382.pdb,9.57418441772461
bioemu,ensemble_383.pdb,6.387721061706543
bioemu,ensemble_384.pdb,5.477965354919434
bioemu,ensemble_385.pdb,7.189757347106934
bioemu,ensemble_386.pdb,6.160861015319824
bioemu,ensemble_387.pdb,8.912221908569336
bioemu,ensemble_388.pdb,5.3206868171691895
bioemu,ensemble_389.pdb,6.387683391571045
bioemu,ensemble_390.pdb,7.300416946411133
bioemu,ensemble_391.pdb,6.626206398010254
bioemu,ensemble_392.pdb,7.129894733428955
bioemu,ensemble_393.pdb,6.399046897888184
bioemu,ensemble_394.pdb,5.800464153289795
bioemu,ensemble_395.pdb,5.860041618347168
bioemu,ensemble_396.pdb,9.3065767288208
bioemu,ensemble_397.pdb,9.572952270507812
bioemu,ensemble_398.pdb,7.114217758178711
bioemu,ensemble_399.pdb,7.659477710723877
bioemu,ensemble_400.pdb,9.291769981384276
bioemu,ensemble_401.pdb,7.762203693389893
bioemu,ensemble_402.pdb,9.21401596069336
bioemu,ensemble_403.pdb,6.194037437438965
bioemu,ensemble_404.pdb,7.8719000816345215
bioemu,ensemble_405.pdb,8.362348556518555
bioemu,ensemble_406.pdb,5.425025463104248
bioemu,ensemble_407.pdb,5.781737327575684
bioemu,ensemble_408.pdb,6.937333583831787
bioemu,ensemble_409.pdb,6.741231441497803
bioemu,ensemble_410.pdb,9.618986129760742
bioemu,ensemble_411.pdb,6.141856670379639
bioemu,ensemble_412.pdb,5.305723667144775
bioemu,ensemble_413.pdb,9.001055717468262
bioemu,ensemble_414.pdb,5.075350761413574
bioemu,ensemble_415.pdb,6.07961368560791
bioemu,ensemble_416.pdb,6.872474193572998
bioemu,ensemble_417.pdb,8.87802791595459
bioemu,ensemble_418.pdb,7.106229782104492
bioemu,ensemble_419.pdb,7.976778030395508
bioemu,ensemble_420.pdb,6.542064189910889
bioemu,ensemble_421.pdb,4.974545955657959
bioemu,ensemble_422.pdb,6.1001152992248535
bioemu,ensemble_423.pdb,8.616692543029785
bioemu,ensemble_424.pdb,7.470970153808594
bioemu,ensemble_425.pdb,5.930809497833252
bioemu,ensemble_426.pdb,8.26087760925293
bioemu,ensemble_427.pdb,7.544561386108398
bioemu,ensemble_428.pdb,6.821796417236328
bioemu,ensemble_429.pdb,5.663118839263916
bioemu,ensemble_430.pdb,6.724485397338867
bioemu,ensemble_431.pdb,7.125565528869629
bioemu,ensemble_432.pdb,7.1482648849487305
bioemu,ensemble_433.pdb,6.583152294158936
bioemu,ensemble_434.pdb,7.887217998504639
bioemu,ensemble_435.pdb,6.191171169281006
bioemu,ensemble_436.pdb,7.681257247924805
bioemu,ensemble_437.pdb,6.476881504058838
bioemu,ensemble_438.pdb,5.451138019561768
bioemu,ensemble_439.pdb,5.965852737426758
bioemu,ensemble_440.pdb,6.677281856536865
bioemu,ensemble_441.pdb,5.007734298706055
bioemu,ensemble_442.pdb,9.12939167022705
bioemu,ensemble_443.pdb,7.378631114959717
bioemu,ensemble_444.pdb,4.818235874176025
bioemu,ensemble_445.pdb,5.393829822540283
bioemu,ensemble_446.pdb,5.741959571838379
bioemu,ensemble_447.pdb,6.991673469543457
bioemu,ensemble_448.pdb,6.233249664306641
bioemu,ensemble_449.pdb,8.258705139160156
bioemu,ensemble_450.pdb,6.226950168609619
bioemu,ensemble_451.pdb,5.529855251312256
bioemu,ensemble_452.pdb,5.886135578155518
bioemu,ensemble_453.pdb,9.46359920501709
bioemu,ensemble_454.pdb,5.365837097167969
bioemu,ensemble_455.pdb,7.699332237243652
bioemu,ensemble_456.pdb,6.536007404327393
bioemu,ensemble_457.pdb,4.337119102478027
bioemu,ensemble_458.pdb,6.179384708404541
bioemu,ensemble_459.pdb,4.7052531242370605
bioemu,ensemble_460.pdb,5.159000396728516
bioemu,ensemble_461.pdb,9.281039237976074
bioemu,ensemble_462.pdb,7.92765998840332
bioemu,ensemble_463.pdb,8.69332504272461
bioemu,ensemble_464.pdb,5.9043288230896
bioemu,ensemble_465.pdb,5.0456414222717285
bioemu,ensemble_466.pdb,4.923393249511719
bioemu,ensemble_467.pdb,8.261361122131348
bioemu,ensemble_468.pdb,5.555412769317627
bioemu,ensemble_469.pdb,4.602739334106445
bioemu,ensemble_470.pdb,7.855705261230469
bioemu,ensemble_471.pdb,8.144821166992188
bioemu,ensemble_472.pdb,7.656644821166992
bioemu,ensemble_473.pdb,5.613387107849121
bioemu,ensemble_474.pdb,7.598328113555908
bioemu,ensemble_475.pdb,5.783044338226318
bioemu,ensemble_476.pdb,4.847029685974121
bioemu,ensemble_477.pdb,5.173973560333252
bioemu,ensemble_478.pdb,5.6517333984375
bioemu,ensemble_479.pdb,8.207002639770508
bioemu,ensemble_480.pdb,6.84836483001709
bioemu,ensemble_481.pdb,5.541073799133301
bioemu,ensemble_482.pdb,5.2830491065979
bioemu,ensemble_483.pdb,7.985968112945557
bioemu,ensemble_484.pdb,8.107687950134277
bioemu,ensemble_485.pdb,5.246418952941895
bioemu,ensemble_486.pdb,7.371574878692627
bioemu,ensemble_487.pdb,6.1621832847595215
bioemu,ensemble_488.pdb,9.995878219604492
bioemu,ensemble_489.pdb,6.213316440582275
bioemu,ensemble_490.pdb,6.017084121704102
bioemu,ensemble_491.pdb,4.742130756378174
bioemu,ensemble_492.pdb,9.395934104919434
bioemu,ensemble_493.pdb,5.654105186462402
bioemu,ensemble_494.pdb,7.279218196868896
bioemu,ensemble_495.pdb,5.964310646057129
bioemu,ensemble_496.pdb,8.383102416992188
bioemu,ensemble_497.pdb,6.111629009246826
bioemu,ensemble_498.pdb,7.987120628356934
bioemu,ensemble_499.pdb,7.910353660583496
bioemu,ensemble_500.pdb,9.00023365020752
boltz-2,seed1_EIF2B3_model_0.pdb,7.8606414794921875
boltz-2,seed1_EIF2B3_model_1.pdb,4.9491777420043945
boltz-2,seed1_EIF2B3_model_2.pdb,4.8699870109558105
boltz-2,seed1_EIF2B3_model_3.pdb,4.849035739898682
boltz-2,seed1_EIF2B3_model_4.pdb,4.985898494720459
boltz-2,seed2_EIF2B3_model_0.pdb,8.9158935546875
boltz-2,seed2_EIF2B3_model_1.pdb,4.459918022155762
boltz-2,seed2_EIF2B3_model_2.pdb,5.052281856536865
boltz-2,seed2_EIF2B3_model_3.pdb,8.583866119384766
boltz-2,seed2_EIF2B3_model_4.pdb,9.089627265930176
boltz-2,seed3_EIF2B3_model_0.pdb,7.320299625396728
boltz-2,seed3_EIF2B3_model_1.pdb,4.661289215087891
boltz-2,seed3_EIF2B3_model_2.pdb,8.446599960327148
boltz-2,seed3_EIF2B3_model_3.pdb,7.581487655639648
boltz-2,seed3_EIF2B3_model_4.pdb,4.660951614379883
boltz-2,seed4_EIF2B3_model_0.pdb,5.072322368621826
boltz-2,seed4_EIF2B3_model_1.pdb,7.738068580627441
boltz-2,seed4_EIF2B3_model_2.pdb,7.81190824508667
boltz-2,seed4_EIF2B3_model_3.pdb,4.770351409912109
boltz-2,seed4_EIF2B3_model_4.pdb,9.031803131103516
boltz-2,seed5_EIF2B3_model_0.pdb,4.700737476348877
boltz-2,seed5_EIF2B3_model_1.pdb,7.745111465454102
boltz-2,seed5_EIF2B3_model_2.pdb,8.314170837402344
boltz-2,seed5_EIF2B3_model_3.pdb,8.360329627990723
boltz-2,seed5_EIF2B3_model_4.pdb,8.453130722045898
boltz-2,seed6_EIF2B3_model_0.pdb,4.0593037605285645
boltz-2,seed6_EIF2B3_model_1.pdb,5.345292568206787
boltz-2,seed6_EIF2B3_model_2.pdb,5.141170024871826
boltz-2,seed6_EIF2B3_model_3.pdb,4.684906959533691
boltz-2,seed6_EIF2B3_model_4.pdb,7.703622817993164
boltz-2,seed7_EIF2B3_model_0.pdb,7.304778099060059
boltz-2,seed7_EIF2B3_model_1.pdb,4.746698379516602
boltz-2,seed7_EIF2B3_model_2.pdb,4.690845966339111
boltz-2,seed7_EIF2B3_model_3.pdb,9.727982521057127
boltz-2,seed7_EIF2B3_model_4.pdb,7.351043701171875
boltz-2,seed8_EIF2B3_model_0.pdb,5.056953430175781
boltz-2,seed8_EIF2B3_model_1.pdb,5.807203769683838
boltz-2,seed8_EIF2B3_model_2.pdb,7.434175491333008
boltz-2,seed8_EIF2B3_model_3.pdb,9.101174354553224
boltz-2,seed8_EIF2B3_model_4.pdb,4.758150577545166
boltz-2,seed9_EIF2B3_model_0.pdb,8.490135192871094
boltz-2,seed9_EIF2B3_model_1.pdb,8.427650451660156
boltz-2,seed9_EIF2B3_model_2.pdb,5.316652774810791
boltz-2,seed9_EIF2B3_model_3.pdb,7.259711742401123
boltz-2,seed9_EIF2B3_model_4.pdb,4.549920082092285
boltz-2,seed10_EIF2B3_model_0.pdb,8.191658020019531
boltz-2,seed10_EIF2B3_model_1.pdb,8.732311248779297
boltz-2,seed10_EIF2B3_model_2.pdb,4.947914123535156
boltz-2,seed10_EIF2B3_model_3.pdb,9.086274147033691
boltz-2,seed10_EIF2B3_model_4.pdb,8.537708282470703
boltz-2,seed11_EIF2B3_model_0.pdb,7.591688632965088
boltz-2,seed11_EIF2B3_model_1.pdb,5.6326823234558105
boltz-2,seed11_EIF2B3_model_2.pdb,8.442317962646484
boltz-2,seed11_EIF2B3_model_3.pdb,4.74407434463501
boltz-2,seed11_EIF2B3_model_4.pdb,9.317832946777344
boltz-2,seed12_EIF2B3_model_0.pdb,5.364585876464844
boltz-2,seed12_EIF2B3_model_1.pdb,4.6364336013793945
boltz-2,seed12_EIF2B3_model_2.pdb,8.779260635375977
boltz-2,seed12_EIF2B3_model_3.pdb,4.997560977935791
boltz-2,seed12_EIF2B3_model_4.pdb,6.620336532592773
boltz-2,seed13_EIF2B3_model_0.pdb,7.839375019073486
boltz-2,seed13_EIF2B3_model_1.pdb,8.773902893066406
boltz-2,seed13_EIF2B3_model_2.pdb,4.807520389556885
boltz-2,seed13_EIF2B3_model_3.pdb,8.147529602050781
boltz-2,seed13_EIF2B3_model_4.pdb,10.742237091064451
boltz-2,seed14_EIF2B3_model_0.pdb,10.418190002441406
boltz-2,seed14_EIF2B3_model_1.pdb,9.126708984375
boltz-2,seed14_EIF2B3_model_2.pdb,9.85319995880127
boltz-2,seed14_EIF2B3_model_3.pdb,8.29847526550293
boltz-2,seed14_EIF2B3_model_4.pdb,4.945909023284912
boltz-2,seed15_EIF2B3_model_0.pdb,7.698461532592773
boltz-2,seed15_EIF2B3_model_1.pdb,4.90561056137085
boltz-2,seed15_EIF2B3_model_2.pdb,7.830273151397705
boltz-2,seed15_EIF2B3_model_3.pdb,7.87407112121582
boltz-2,seed15_EIF2B3_model_4.pdb,7.624256134033203
boltz-2,seed16_EIF2B3_model_0.pdb,4.701220989227295
boltz-2,seed16_EIF2B3_model_1.pdb,6.351355075836182
boltz-2,seed16_EIF2B3_model_2.pdb,9.272591590881348
boltz-2,seed16_EIF2B3_model_3.pdb,4.934340000152588
boltz-2,seed16_EIF2B3_model_4.pdb,8.715882301330566
boltz-2,seed17_EIF2B3_model_0.pdb,7.264945983886719
boltz-2,seed17_EIF2B3_model_1.pdb,8.075627326965332
boltz-2,seed17_EIF2B3_model_2.pdb,4.728221893310547
boltz-2,seed17_EIF2B3_model_3.pdb,5.021701812744141
boltz-2,seed17_EIF2B3_model_4.pdb,4.754889011383057
boltz-2,seed18_EIF2B3_model_0.pdb,7.4671630859375
boltz-2,seed18_EIF2B3_model_1.pdb,8.916952133178711
boltz-2,seed18_EIF2B3_model_2.pdb,8.15947151184082
boltz-2,seed18_EIF2B3_model_3.pdb,4.698642730712891
boltz-2,seed18_EIF2B3_model_4.pdb,4.914117336273193
boltz-2,seed19_EIF2B3_model_0.pdb,4.655023097991943
boltz-2,seed19_EIF2B3_model_1.pdb,4.924955368041992
boltz-2,seed19_EIF2B3_model_2.pdb,4.753764152526856
boltz-2,seed19_EIF2B3_model_3.pdb,8.475456237792969
boltz-2,seed19_EIF2B3_model_4.pdb,8.300566673278809
boltz-2,seed20_EIF2B3_model_0.pdb,7.865564346313477
boltz-2,seed20_EIF2B3_model_1.pdb,5.054943084716797
boltz-2,seed20_EIF2B3_model_2.pdb,10.07917594909668
boltz-2,seed20_EIF2B3_model_3.pdb,4.706412315368652
boltz-2,seed20_EIF2B3_model_4.pdb,9.166318893432615
boltz-2,seed21_EIF2B3_model_0.pdb,7.27177095413208
boltz-2,seed21_EIF2B3_model_1.pdb,6.141791343688965
boltz-2,seed21_EIF2B3_model_2.pdb,8.738288879394531
boltz-2,seed21_EIF2B3_model_3.pdb,6.106128215789795
boltz-2,seed21_EIF2B3_model_4.pdb,6.121945858001709
boltz-2,seed22_EIF2B3_model_0.pdb,5.150619983673096
boltz-2,seed22_EIF2B3_model_1.pdb,4.63630485534668
boltz-2,seed22_EIF2B3_model_2.pdb,4.877494812011719
boltz-2,seed22_EIF2B3_model_3.pdb,7.809245586395264
boltz-2,seed22_EIF2B3_model_4.pdb,6.045528888702393
boltz-2,seed23_EIF2B3_model_0.pdb,8.840629577636719
boltz-2,seed23_EIF2B3_model_1.pdb,8.882390022277832
boltz-2,seed23_EIF2B3_model_2.pdb,5.655319213867188
boltz-2,seed23_EIF2B3_model_3.pdb,5.928166389465332
boltz-2,seed23_EIF2B3_model_4.pdb,4.6368584632873535
boltz-2,seed24_EIF2B3_model_0.pdb,8.71854019165039
boltz-2,seed24_EIF2B3_model_1.pdb,10.127562522888184
boltz-2,seed24_EIF2B3_model_2.pdb,4.784071922302246
boltz-2,seed24_EIF2B3_model_3.pdb,4.910915851593018
boltz-2,seed24_EIF2B3_model_4.pdb,4.563928604125977
boltz-2,seed25_EIF2B3_model_0.pdb,4.941231727600098
boltz-2,seed25_EIF2B3_model_1.pdb,4.789939403533936
boltz-2,seed25_EIF2B3_model_2.pdb,8.025052070617676
boltz-2,seed25_EIF2B3_model_3.pdb,5.0941548347473145
boltz-2,seed25_EIF2B3_model_4.pdb,8.103303909301758
boltz-2,seed26_EIF2B3_model_0.pdb,8.702838897705078
boltz-2,seed26_EIF2B3_model_1.pdb,6.813511371612549
boltz-2,seed26_EIF2B3_model_2.pdb,8.842440605163574
boltz-2,seed26_EIF2B3_model_3.pdb,4.644595623016357
boltz-2,seed26_EIF2B3_model_4.pdb,6.697951793670654
boltz-2,seed27_EIF2B3_model_0.pdb,10.467314720153809
boltz-2,seed27_EIF2B3_model_1.pdb,4.562598705291748
boltz-2,seed27_EIF2B3_model_2.pdb,8.209470748901367
boltz-2,seed27_EIF2B3_model_3.pdb,4.514176368713379
boltz-2,seed27_EIF2B3_model_4.pdb,8.291715621948242
boltz-2,seed28_EIF2B3_model_0.pdb,4.464416027069092
boltz-2,seed28_EIF2B3_model_1.pdb,3.83742880821228
boltz-2,seed28_EIF2B3_model_2.pdb,8.248854637145996
boltz-2,seed28_EIF2B3_model_3.pdb,10.29614543914795
boltz-2,seed28_EIF2B3_model_4.pdb,5.256589889526367
boltz-2,seed29_EIF2B3_model_0.pdb,4.893712997436523
boltz-2,seed29_EIF2B3_model_1.pdb,4.743587017059326
boltz-2,seed29_EIF2B3_model_2.pdb,4.779425621032715
boltz-2,seed29_EIF2B3_model_3.pdb,5.23768949508667
boltz-2,seed29_EIF2B3_model_4.pdb,5.8852219581604
boltz-2,seed30_EIF2B3_model_0.pdb,8.490398406982422
boltz-2,seed30_EIF2B3_model_1.pdb,9.547497749328612
boltz-2,seed30_EIF2B3_model_2.pdb,4.720625877380371
boltz-2,seed30_EIF2B3_model_3.pdb,8.733231544494629
boltz-2,seed30_EIF2B3_model_4.pdb,5.796578884124756
boltz-2,seed31_EIF2B3_model_0.pdb,4.785600185394287
boltz-2,seed31_EIF2B3_model_1.pdb,8.17735767364502
boltz-2,seed31_EIF2B3_model_2.pdb,8.926812171936035
boltz-2,seed31_EIF2B3_model_3.pdb,8.803512573242188
boltz-2,seed31_EIF2B3_model_4.pdb,8.409655570983887
boltz-2,seed32_EIF2B3_model_0.pdb,4.84893798828125
boltz-2,seed32_EIF2B3_model_1.pdb,5.5794525146484375
boltz-2,seed32_EIF2B3_model_2.pdb,8.974482536315918
boltz-2,seed32_EIF2B3_model_3.pdb,5.16506814956665
boltz-2,seed32_EIF2B3_model_4.pdb,8.860332489013672
boltz-2,seed33_EIF2B3_model_0.pdb,5.0360541343688965
boltz-2,seed33_EIF2B3_model_1.pdb,4.865917205810547
boltz-2,seed33_EIF2B3_model_2.pdb,4.808089733123779
boltz-2,seed33_EIF2B3_model_3.pdb,8.328134536743164
boltz-2,seed33_EIF2B3_model_4.pdb,9.879183769226074
boltz-2,seed34_EIF2B3_model_0.pdb,4.9671173095703125
boltz-2,seed34_EIF2B3_model_1.pdb,8.096789360046387
boltz-2,seed34_EIF2B3_model_2.pdb,5.066237926483154
boltz-2,seed34_EIF2B3_model_3.pdb,8.163607597351074
boltz-2,seed34_EIF2B3_model_4.pdb,5.1645941734313965
boltz-2,seed35_EIF2B3_model_0.pdb,4.638748645782471
boltz-2,seed35_EIF2B3_model_1.pdb,8.138200759887695
boltz-2,seed35_EIF2B3_model_2.pdb,4.850055694580078
boltz-2,seed35_EIF2B3_model_3.pdb,8.327286720275879
boltz-2,seed35_EIF2B3_model_4.pdb,4.843726634979248
boltz-2,seed36_EIF2B3_model_0.pdb,5.301081657409668
boltz-2,seed36_EIF2B3_model_1.pdb,4.672287940979004
boltz-2,seed36_EIF2B3_model_2.pdb,4.592991352081299
boltz-2,seed36_EIF2B3_model_3.pdb,5.615859031677246
boltz-2,seed36_EIF2B3_model_4.pdb,4.878493785858154
boltz-2,seed37_EIF2B3_model_0.pdb,8.325984001159668
boltz-2,seed37_EIF2B3_model_1.pdb,4.796427249908447
boltz-2,seed37_EIF2B3_model_2.pdb,7.88630199432373
boltz-2,seed37_EIF2B3_model_3.pdb,4.37379264831543
boltz-2,seed37_EIF2B3_model_4.pdb,4.858274936676025
boltz-2,seed38_EIF2B3_model_0.pdb,6.339349269866943
boltz-2,seed38_EIF2B3_model_1.pdb,8.598526000976562
boltz-2,seed38_EIF2B3_model_2.pdb,4.525339126586914
boltz-2,seed38_EIF2B3_model_3.pdb,8.541053771972656
boltz-2,seed38_EIF2B3_model_4.pdb,4.553882598876953
boltz-2,seed39_EIF2B3_model_0.pdb,4.743580341339111
boltz-2,seed39_EIF2B3_model_1.pdb,5.071601867675781
boltz-2,seed39_EIF2B3_model_2.pdb,4.8577070236206055
boltz-2,seed39_EIF2B3_model_3.pdb,5.620746612548828
boltz-2,seed39_EIF2B3_model_4.pdb,7.631259441375732
boltz-2,seed40_EIF2B3_model_0.pdb,5.452431678771973
boltz-2,seed40_EIF2B3_model_1.pdb,10.41299819946289
boltz-2,seed40_EIF2B3_model_2.pdb,8.94322681427002
boltz-2,seed40_EIF2B3_model_3.pdb,8.558162689208984
boltz-2,seed40_EIF2B3_model_4.pdb,8.27335262298584
boltz-2,seed41_EIF2B3_model_0.pdb,8.22021484375
boltz-2,seed41_EIF2B3_model_1.pdb,8.526580810546875
boltz-2,seed41_EIF2B3_model_2.pdb,8.968476295471191
boltz-2,seed41_EIF2B3_model_3.pdb,7.069787502288818
boltz-2,seed41_EIF2B3_model_4.pdb,7.5175862312316895
boltz-2,seed42_EIF2B3_model_0.pdb,8.093835830688477
boltz-2,seed42_EIF2B3_model_1.pdb,5.84937858581543
boltz-2,seed42_EIF2B3_model_2.pdb,5.879476070404053
boltz-2,seed42_EIF2B3_model_3.pdb,4.925238609313965
boltz-2,seed42_EIF2B3_model_4.pdb,7.598080635070801
boltz-2,seed43_EIF2B3_model_0.pdb,8.47765827178955
boltz-2,seed43_EIF2B3_model_1.pdb,4.696699619293213
boltz-2,seed43_EIF2B3_model_2.pdb,5.796798706054688
boltz-2,seed43_EIF2B3_model_3.pdb,8.100981712341309
boltz-2,seed43_EIF2B3_model_4.pdb,8.649060249328613
boltz-2,seed44_EIF2B3_model_0.pdb,7.72845458984375
boltz-2,seed44_EIF2B3_model_1.pdb,3.689048767089844
boltz-2,seed44_EIF2B3_model_2.pdb,8.316150665283203
boltz-2,seed44_EIF2B3_model_3.pdb,4.880980014801025
boltz-2,seed44_EIF2B3_model_4.pdb,4.764997005462647
boltz-2,seed45_EIF2B3_model_0.pdb,4.961467266082764
boltz-2,seed45_EIF2B3_model_1.pdb,4.763011932373047
boltz-2,seed45_EIF2B3_model_2.pdb,8.619074821472168
boltz-2,seed45_EIF2B3_model_3.pdb,4.734087944030762
boltz-2,seed45_EIF2B3_model_4.pdb,8.142691612243652
boltz-2,seed46_EIF2B3_model_0.pdb,5.547569751739502
boltz-2,seed46_EIF2B3_model_1.pdb,8.318684577941895
boltz-2,seed46_EIF2B3_model_2.pdb,10.257963180541992
boltz-2,seed46_EIF2B3_model_3.pdb,4.857447624206543
boltz-2,seed46_EIF2B3_model_4.pdb,8.742101669311523
boltz-2,seed47_EIF2B3_model_0.pdb,6.121950626373291
boltz-2,seed47_EIF2B3_model_1.pdb,8.378232955932617
boltz-2,seed47_EIF2B3_model_2.pdb,6.906974315643311
boltz-2,seed47_EIF2B3_model_3.pdb,7.846515655517578
boltz-2,seed47_EIF2B3_model_4.pdb,4.846762657165527
boltz-2,seed48_EIF2B3_model_0.pdb,4.844939708709717
boltz-2,seed48_EIF2B3_model_1.pdb,4.324535846710205
boltz-2,seed48_EIF2B3_model_2.pdb,4.897476196289063
boltz-2,seed48_EIF2B3_model_3.pdb,8.211626052856445
boltz-2,seed48_EIF2B3_model_4.pdb,4.879475116729736
boltz-2,seed49_EIF2B3_model_0.pdb,5.168325901031494
boltz-2,seed49_EIF2B3_model_1.pdb,8.22934627532959
boltz-2,seed49_EIF2B3_model_2.pdb,7.780804634094238
boltz-2,seed49_EIF2B3_model_3.pdb,8.50600814819336
boltz-2,seed49_EIF2B3_model_4.pdb,4.910987377166748
boltz-2,seed50_EIF2B3_model_0.pdb,4.564528465270996
boltz-2,seed50_EIF2B3_model_1.pdb,4.77925968170166
boltz-2,seed50_EIF2B3_model_2.pdb,5.304463863372803
boltz-2,seed50_EIF2B3_model_3.pdb,8.400078773498535
boltz-2,seed50_EIF2B3_model_4.pdb,5.37903356552124
boltz-2,seed51_EIF2B3_model_0.pdb,4.7442779541015625
boltz-2,seed51_EIF2B3_model_1.pdb,4.780307292938232
boltz-2,seed51_EIF2B3_model_2.pdb,9.188204765319824
boltz-2,seed51_EIF2B3_model_3.pdb,5.339319229125977
boltz-2,seed51_EIF2B3_model_4.pdb,5.765109539031982
boltz-2,seed52_EIF2B3_model_0.pdb,4.839608669281006
boltz-2,seed52_EIF2B3_model_1.pdb,4.448191642761231
boltz-2,seed52_EIF2B3_model_2.pdb,5.056948184967041
boltz-2,seed52_EIF2B3_model_3.pdb,10.207314491271973
boltz-2,seed52_EIF2B3_model_4.pdb,8.13798999786377
boltz-2,seed53_EIF2B3_model_0.pdb,8.228191375732422
boltz-2,seed53_EIF2B3_model_1.pdb,8.579673767089844
boltz-2,seed53_EIF2B3_model_2.pdb,8.48870849609375
boltz-2,seed53_EIF2B3_model_3.pdb,4.974654197692871
boltz-2,seed53_EIF2B3_model_4.pdb,8.69394302368164
boltz-2,seed54_EIF2B3_model_0.pdb,8.564403533935547
boltz-2,seed54_EIF2B3_model_1.pdb,4.592683792114258
boltz-2,seed54_EIF2B3_model_2.pdb,5.126946926116943
boltz-2,seed54_EIF2B3_model_3.pdb,8.101329803466797
boltz-2,seed54_EIF2B3_model_4.pdb,5.021578311920166
boltz-2,seed55_EIF2B3_model_0.pdb,5.51518440246582
boltz-2,seed55_EIF2B3_model_1.pdb,8.399195671081543
boltz-2,seed55_EIF2B3_model_2.pdb,5.043615818023682
boltz-2,seed55_EIF2B3_model_3.pdb,4.634206295013428
boltz-2,seed55_EIF2B3_model_4.pdb,9.954692840576172
boltz-2,seed56_EIF2B3_model_0.pdb,5.297850608825684
boltz-2,seed56_EIF2B3_model_1.pdb,8.711215019226074
boltz-2,seed56_EIF2B3_model_2.pdb,8.626736640930176
boltz-2,seed56_EIF2B3_model_3.pdb,5.762409210205078
boltz-2,seed56_EIF2B3_model_4.pdb,9.192679405212402
boltz-2,seed57_EIF2B3_model_0.pdb,4.880873680114746
boltz-2,seed57_EIF2B3_model_1.pdb,10.13126277923584
boltz-2,seed57_EIF2B3_model_2.pdb,5.468230247497559
boltz-2,seed57_EIF2B3_model_3.pdb,8.644612312316895
boltz-2,seed57_EIF2B3_model_4.pdb,5.921418190002441
boltz-2,seed58_EIF2B3_model_0.pdb,5.0509843826293945
boltz-2,seed58_EIF2B3_model_1.pdb,5.540761470794678
boltz-2,seed58_EIF2B3_model_2.pdb,8.841920852661133
boltz-2,seed58_EIF2B3_model_3.pdb,5.233185768127441
boltz-2,seed58_EIF2B3_model_4.pdb,4.606194972991943
boltz-2,seed59_EIF2B3_model_0.pdb,7.367205619812012
boltz-2,seed59_EIF2B3_model_1.pdb,5.662166595458984
boltz-2,seed59_EIF2B3_model_2.pdb,4.948312282562256
boltz-2,seed59_EIF2B3_model_3.pdb,7.931606769561768
boltz-2,seed59_EIF2B3_model_4.pdb,5.5989484786987305
boltz-2,seed60_EIF2B3_model_0.pdb,5.515448093414307
boltz-2,seed60_EIF2B3_model_1.pdb,7.933266639709473
boltz-2,seed60_EIF2B3_model_2.pdb,4.855630397796631
boltz-2,seed60_EIF2B3_model_3.pdb,4.729591369628906
boltz-2,seed60_EIF2B3_model_4.pdb,4.502785682678223
boltz-2,seed61_EIF2B3_model_0.pdb,5.177920818328857
boltz-2,seed61_EIF2B3_model_1.pdb,4.713130950927734
boltz-2,seed61_EIF2B3_model_2.pdb,8.373559951782227
boltz-2,seed61_EIF2B3_model_3.pdb,8.65418529510498
boltz-2,seed61_EIF2B3_model_4.pdb,5.408543109893799
boltz-2,seed62_EIF2B3_model_0.pdb,8.720292091369629
boltz-2,seed62_EIF2B3_model_1.pdb,5.93412971496582
boltz-2,seed62_EIF2B3_model_2.pdb,4.7376322746276855
boltz-2,seed62_EIF2B3_model_3.pdb,8.376038551330566
boltz-2,seed62_EIF2B3_model_4.pdb,5.941628456115723
boltz-2,seed63_EIF2B3_model_0.pdb,4.755792140960693
boltz-2,seed63_EIF2B3_model_1.pdb,7.619104385375977
boltz-2,seed63_EIF2B3_model_2.pdb,8.598725318908691
boltz-2,seed63_EIF2B3_model_3.pdb,5.083929538726807
boltz-2,seed63_EIF2B3_model_4.pdb,4.656253814697266
boltz-2,seed64_EIF2B3_model_0.pdb,4.803685665130615
boltz-2,seed64_EIF2B3_model_1.pdb,8.814173698425293
boltz-2,seed64_EIF2B3_model_2.pdb,5.098950386047363
boltz-2,seed64_EIF2B3_model_3.pdb,10.296299934387209
boltz-2,seed64_EIF2B3_model_4.pdb,6.9459004402160645
boltz-2,seed65_EIF2B3_model_0.pdb,8.760162353515625
boltz-2,seed65_EIF2B3_model_1.pdb,4.773974418640137
boltz-2,seed65_EIF2B3_model_2.pdb,4.551365375518799
boltz-2,seed65_EIF2B3_model_3.pdb,5.267764568328857
boltz-2,seed65_EIF2B3_model_4.pdb,4.5327467918396
boltz-2,seed66_EIF2B3_model_0.pdb,4.54588794708252
boltz-2,seed66_EIF2B3_model_1.pdb,6.216538429260254
boltz-2,seed66_EIF2B3_model_2.pdb,10.253150939941406
boltz-2,seed66_EIF2B3_model_3.pdb,8.491825103759766
boltz-2,seed66_EIF2B3_model_4.pdb,3.9948222637176514
boltz-2,seed67_EIF2B3_model_0.pdb,5.243936538696289
boltz-2,seed67_EIF2B3_model_1.pdb,8.854546546936035
boltz-2,seed67_EIF2B3_model_2.pdb,8.156798362731934
boltz-2,seed67_EIF2B3_model_3.pdb,8.911378860473633
boltz-2,seed67_EIF2B3_model_4.pdb,5.031685829162598
boltz-2,seed68_EIF2B3_model_0.pdb,6.000115394592285
boltz-2,seed68_EIF2B3_model_1.pdb,8.956560134887695
boltz-2,seed68_EIF2B3_model_2.pdb,9.371747970581056
boltz-2,seed68_EIF2B3_model_3.pdb,4.909496784210205
boltz-2,seed68_EIF2B3_model_4.pdb,10.552715301513672
boltz-2,seed69_EIF2B3_model_0.pdb,4.87479305267334
boltz-2,seed69_EIF2B3_model_1.pdb,8.038838386535645
boltz-2,seed69_EIF2B3_model_2.pdb,5.889963626861572
boltz-2,seed69_EIF2B3_model_3.pdb,5.780762672424316
boltz-2,seed69_EIF2B3_model_4.pdb,9.45897388458252
boltz-2,seed70_EIF2B3_model_0.pdb,4.879806041717529
boltz-2,seed70_EIF2B3_model_1.pdb,8.995306968688965
boltz-2,seed70_EIF2B3_model_2.pdb,4.5511908531188965
boltz-2,seed70_EIF2B3_model_3.pdb,4.977553367614746
boltz-2,seed70_EIF2B3_model_4.pdb,5.3059401512146
boltz-2,seed71_EIF2B3_model_0.pdb,4.839894771575928
boltz-2,seed71_EIF2B3_model_1.pdb,5.059666633605957
boltz-2,seed71_EIF2B3_model_2.pdb,4.766622066497803
boltz-2,seed71_EIF2B3_model_3.pdb,9.3634033203125
boltz-2,seed71_EIF2B3_model_4.pdb,8.45616340637207
boltz-2,seed72_EIF2B3_model_0.pdb,5.405638694763184
boltz-2,seed72_EIF2B3_model_1.pdb,8.32577896118164
boltz-2,seed72_EIF2B3_model_2.pdb,8.73923397064209
boltz-2,seed72_EIF2B3_model_3.pdb,7.688696384429932
boltz-2,seed72_EIF2B3_model_4.pdb,4.578119277954102
boltz-2,seed73_EIF2B3_model_0.pdb,4.909043312072754
boltz-2,seed73_EIF2B3_model_1.pdb,8.096449851989746
boltz-2,seed73_EIF2B3_model_2.pdb,5.459445953369141
boltz-2,seed73_EIF2B3_model_3.pdb,7.84022045135498
boltz-2,seed73_EIF2B3_model_4.pdb,4.85805606842041
boltz-2,seed74_EIF2B3_model_0.pdb,4.880211353302002
boltz-2,seed74_EIF2B3_model_1.pdb,8.014758110046387
boltz-2,seed74_EIF2B3_model_2.pdb,4.917090892791748
boltz-2,seed74_EIF2B3_model_3.pdb,8.422614097595215
boltz-2,seed74_EIF2B3_model_4.pdb,4.346460819244385
boltz-2,seed75_EIF2B3_model_0.pdb,10.208135604858398
boltz-2,seed75_EIF2B3_model_1.pdb,8.440673828125
boltz-2,seed75_EIF2B3_model_2.pdb,5.625526428222656
boltz-2,seed75_EIF2B3_model_3.pdb,4.748991012573242
boltz-2,seed75_EIF2B3_model_4.pdb,4.990686893463135
boltz-2,seed76_EIF2B3_model_0.pdb,4.803905963897705
boltz-2,seed76_EIF2B3_model_1.pdb,8.532453536987305
boltz-2,seed76_EIF2B3_model_2.pdb,9.402621269226074
boltz-2,seed76_EIF2B3_model_3.pdb,5.210739135742188
boltz-2,seed76_EIF2B3_model_4.pdb,4.487340450286865
boltz-2,seed77_EIF2B3_model_0.pdb,8.460822105407715
boltz-2,seed77_EIF2B3_model_1.pdb,7.2726311683654785
boltz-2,seed77_EIF2B3_model_2.pdb,9.491952896118164
boltz-2,seed77_EIF2B3_model_3.pdb,4.8233160972595215
boltz-2,seed77_EIF2B3_model_4.pdb,7.466414928436279
boltz-2,seed78_EIF2B3_model_0.pdb,8.608518600463867
boltz-2,seed78_EIF2B3_model_1.pdb,4.8178558349609375
boltz-2,seed78_EIF2B3_model_2.pdb,5.856317043304443
boltz-2,seed78_EIF2B3_model_3.pdb,7.731588840484619
boltz-2,seed78_EIF2B3_model_4.pdb,6.546285152435303
boltz-2,seed79_EIF2B3_model_0.pdb,7.309648513793945
boltz-2,seed79_EIF2B3_model_1.pdb,5.899486064910889
boltz-2,seed79_EIF2B3_model_2.pdb,8.816669464111328
boltz-2,seed79_EIF2B3_model_3.pdb,6.782774925231934
boltz-2,seed79_EIF2B3_model_4.pdb,4.363262176513672
boltz-2,seed80_EIF2B3_model_0.pdb,8.486291885375977
boltz-2,seed80_EIF2B3_model_1.pdb,5.038534164428711
boltz-2,seed80_EIF2B3_model_2.pdb,4.948675632476807
boltz-2,seed80_EIF2B3_model_3.pdb,8.431529998779297
boltz-2,seed80_EIF2B3_model_4.pdb,8.836889266967773
boltz-2,seed81_EIF2B3_model_0.pdb,4.67960786819458
boltz-2,seed81_EIF2B3_model_1.pdb,8.602149963378906
boltz-2,seed81_EIF2B3_model_2.pdb,5.203341484069824
boltz-2,seed81_EIF2B3_model_3.pdb,8.249234199523926
boltz-2,seed81_EIF2B3_model_4.pdb,4.34605884552002
boltz-2,seed82_EIF2B3_model_0.pdb,8.46920394897461
boltz-2,seed82_EIF2B3_model_1.pdb,8.532858848571777
boltz-2,seed82_EIF2B3_model_2.pdb,5.2302961349487305
boltz-2,seed82_EIF2B3_model_3.pdb,8.381082534790039
boltz-2,seed82_EIF2B3_model_4.pdb,5.057397365570068
boltz-2,seed83_EIF2B3_model_0.pdb,8.332255363464355
boltz-2,seed83_EIF2B3_model_1.pdb,8.744096755981445
boltz-2,seed83_EIF2B3_model_2.pdb,4.802027225494385
boltz-2,seed83_EIF2B3_model_3.pdb,8.762208938598633
boltz-2,seed83_EIF2B3_model_4.pdb,9.192553520202637
boltz-2,seed84_EIF2B3_model_0.pdb,6.886570930480957
boltz-2,seed84_EIF2B3_model_1.pdb,4.9399189949035645
boltz-2,seed84_EIF2B3_model_2.pdb,4.952824115753174
boltz-2,seed84_EIF2B3_model_3.pdb,8.706964492797852
boltz-2,seed84_EIF2B3_model_4.pdb,4.692686080932617
boltz-2,seed85_EIF2B3_model_0.pdb,8.716340065002441
boltz-2,seed85_EIF2B3_model_1.pdb,8.7683687210083
boltz-2,seed85_EIF2B3_model_2.pdb,5.582520008087158
boltz-2,seed85_EIF2B3_model_3.pdb,5.351038932800293
boltz-2,seed85_EIF2B3_model_4.pdb,8.649025917053223
boltz-2,seed86_EIF2B3_model_0.pdb,9.452803611755373
boltz-2,seed86_EIF2B3_model_1.pdb,5.735045909881592
boltz-2,seed86_EIF2B3_model_2.pdb,6.046221733093262
boltz-2,seed86_EIF2B3_model_3.pdb,5.87193489074707
boltz-2,seed86_EIF2B3_model_4.pdb,4.851116180419922
boltz-2,seed87_EIF2B3_model_0.pdb,8.807741165161133
boltz-2,seed87_EIF2B3_model_1.pdb,5.5250630378723145
boltz-2,seed87_EIF2B3_model_2.pdb,8.97649097442627
boltz-2,seed87_EIF2B3_model_3.pdb,7.124184608459473
boltz-2,seed87_EIF2B3_model_4.pdb,4.8224406242370605
boltz-2,seed88_EIF2B3_model_0.pdb,5.0498809814453125
boltz-2,seed88_EIF2B3_model_1.pdb,8.76667594909668
boltz-2,seed88_EIF2B3_model_2.pdb,4.9764485359191895
boltz-2,seed88_EIF2B3_model_3.pdb,8.49484920501709
boltz-2,seed88_EIF2B3_model_4.pdb,8.40794563293457
boltz-2,seed89_EIF2B3_model_0.pdb,8.952817916870117
boltz-2,seed89_EIF2B3_model_1.pdb,7.941847324371338
boltz-2,seed89_EIF2B3_model_2.pdb,7.896769046783447
boltz-2,seed89_EIF2B3_model_3.pdb,9.46119499206543
boltz-2,seed89_EIF2B3_model_4.pdb,4.801195621490479
boltz-2,seed90_EIF2B3_model_0.pdb,8.677581787109375
boltz-2,seed90_EIF2B3_model_1.pdb,5.824373722076416
boltz-2,seed90_EIF2B3_model_2.pdb,6.778554439544678
boltz-2,seed90_EIF2B3_model_3.pdb,4.906360626220703
boltz-2,seed90_EIF2B3_model_4.pdb,4.935447692871094
boltz-2,seed91_EIF2B3_model_0.pdb,4.682215213775635
boltz-2,seed91_EIF2B3_model_1.pdb,8.850003242492676
boltz-2,seed91_EIF2B3_model_2.pdb,5.818788528442383
boltz-2,seed91_EIF2B3_model_3.pdb,4.463115692138672
boltz-2,seed91_EIF2B3_model_4.pdb,8.942688941955566
boltz-2,seed92_EIF2B3_model_0.pdb,4.8644185066223145
boltz-2,seed92_EIF2B3_model_1.pdb,8.939447402954102
boltz-2,seed92_EIF2B3_model_2.pdb,5.65971040725708
boltz-2,seed92_EIF2B3_model_3.pdb,5.413339138031006
boltz-2,seed92_EIF2B3_model_4.pdb,8.458584785461426
boltz-2,seed93_EIF2B3_model_0.pdb,7.559669494628906
boltz-2,seed93_EIF2B3_model_1.pdb,5.105879783630371
boltz-2,seed93_EIF2B3_model_2.pdb,5.306185722351074
boltz-2,seed93_EIF2B3_model_3.pdb,8.522305488586426
boltz-2,seed93_EIF2B3_model_4.pdb,5.670927047729492
boltz-2,seed94_EIF2B3_model_0.pdb,4.524299621582031
boltz-2,seed94_EIF2B3_model_1.pdb,8.577021598815918
boltz-2,seed94_EIF2B3_model_2.pdb,8.78162956237793
boltz-2,seed94_EIF2B3_model_3.pdb,4.703302383422852
boltz-2,seed94_EIF2B3_model_4.pdb,4.434686183929443
boltz-2,seed95_EIF2B3_model_0.pdb,4.8671698570251465
boltz-2,seed95_EIF2B3_model_1.pdb,8.444876670837402
boltz-2,seed95_EIF2B3_model_2.pdb,8.737358093261719
boltz-2,seed95_EIF2B3_model_3.pdb,4.903135776519775
boltz-2,seed95_EIF2B3_model_4.pdb,7.965118408203125
boltz-2,seed96_EIF2B3_model_0.pdb,8.671282768249512
boltz-2,seed96_EIF2B3_model_1.pdb,9.243036270141602
boltz-2,seed96_EIF2B3_model_2.pdb,9.27046012878418
boltz-2,seed96_EIF2B3_model_3.pdb,7.458164691925049
boltz-2,seed96_EIF2B3_model_4.pdb,4.965124130249023
boltz-2,seed97_EIF2B3_model_0.pdb,4.894768714904785
boltz-2,seed97_EIF2B3_model_1.pdb,5.858903884887695
boltz-2,seed97_EIF2B3_model_2.pdb,6.777711868286133
boltz-2,seed97_EIF2B3_model_3.pdb,5.04606294631958
boltz-2,seed97_EIF2B3_model_4.pdb,8.656840324401855
boltz-2,seed98_EIF2B3_model_0.pdb,6.038458824157715
boltz-2,seed98_EIF2B3_model_1.pdb,6.202920913696289
boltz-2,seed98_EIF2B3_model_2.pdb,4.446837902069092
boltz-2,seed98_EIF2B3_model_3.pdb,7.170112609863281
boltz-2,seed98_EIF2B3_model_4.pdb,8.684614181518555
boltz-2,seed99_EIF2B3_model_0.pdb,6.682985782623291
boltz-2,seed99_EIF2B3_model_1.pdb,7.566084861755371
boltz-2,seed99_EIF2B3_model_2.pdb,8.536818504333496
boltz-2,seed99_EIF2B3_model_3.pdb,6.375991821289063
boltz-2,seed99_EIF2B3_model_4.pdb,6.874204158782959
boltz-2,seed100_EIF2B3_model_0.pdb,8.408263206481934
boltz-2,seed100_EIF2B3_model_1.pdb,4.622785568237305
boltz-2,seed100_EIF2B3_model_2.pdb,6.687798976898193
boltz-2,seed100_EIF2B3_model_3.pdb,8.47102165222168
boltz-2,seed100_EIF2B3_model_4.pdb,7.847586154937744
chai-1,pred.model_idx_0-seed_0.pdb,5.009200572967529
chai-1,pred.model_idx_0-seed_1.pdb,5.044908046722412
chai-1,pred.model_idx_0-seed_2.pdb,5.081667900085449
chai-1,pred.model_idx_0-seed_3.pdb,5.458260536193848
chai-1,pred.model_idx_0-seed_4.pdb,4.978960514068604
chai-1,pred.model_idx_0-seed_5.pdb,4.882115840911865
chai-1,pred.model_idx_0-seed_6.pdb,5.01694917678833
chai-1,pred.model_idx_0-seed_7.pdb,8.260239601135254
chai-1,pred.model_idx_0-seed_8.pdb,4.631795883178711
chai-1,pred.model_idx_0-seed_9.pdb,6.825721263885498
chai-1,pred.model_idx_0-seed_10.pdb,4.741958618164063
chai-1,pred.model_idx_0-seed_11.pdb,6.462679862976074
chai-1,pred.model_idx_0-seed_12.pdb,4.672833442687988
chai-1,pred.model_idx_0-seed_13.pdb,5.103545188903809
chai-1,pred.model_idx_0-seed_14.pdb,6.008476257324219
chai-1,pred.model_idx_0-seed_15.pdb,7.64998197555542
chai-1,pred.model_idx_0-seed_16.pdb,4.6981401443481445
chai-1,pred.model_idx_0-seed_17.pdb,10.148385047912598
chai-1,pred.model_idx_0-seed_18.pdb,7.878241062164307
chai-1,pred.model_idx_0-seed_19.pdb,4.751328945159912
chai-1,pred.model_idx_0-seed_20.pdb,5.52570915222168
chai-1,pred.model_idx_0-seed_21.pdb,7.755568981170654
chai-1,pred.model_idx_0-seed_22.pdb,4.788419246673584
chai-1,pred.model_idx_0-seed_23.pdb,6.651823043823242
chai-1,pred.model_idx_0-seed_24.pdb,6.2837815284729
chai-1,pred.model_idx_0-seed_25.pdb,10.712690353393556
chai-1,pred.model_idx_0-seed_26.pdb,5.062762260437012
chai-1,pred.model_idx_0-seed_27.pdb,5.339432239532471
chai-1,pred.model_idx_0-seed_28.pdb,5.751885414123535
chai-1,pred.model_idx_0-seed_29.pdb,5.113595962524414
chai-1,pred.model_idx_0-seed_30.pdb,4.918774604797363
chai-1,pred.model_idx_0-seed_31.pdb,4.793084621429443
chai-1,pred.model_idx_0-seed_32.pdb,4.818754196166992
chai-1,pred.model_idx_0-seed_33.pdb,4.584919452667236
chai-1,pred.model_idx_0-seed_34.pdb,5.18251895904541
chai-1,pred.model_idx_0-seed_35.pdb,5.889092922210693
chai-1,pred.model_idx_0-seed_36.pdb,4.943819522857666
chai-1,pred.model_idx_0-seed_37.pdb,5.433085441589356
chai-1,pred.model_idx_0-seed_38.pdb,4.5823163986206055
chai-1,pred.model_idx_0-seed_39.pdb,7.399814128875732
chai-1,pred.model_idx_0-seed_40.pdb,4.940216541290283
chai-1,pred.model_idx_0-seed_41.pdb,4.754172801971436
chai-1,pred.model_idx_0-seed_42.pdb,6.303840637207031
chai-1,pred.model_idx_0-seed_43.pdb,4.427341938018799
chai-1,pred.model_idx_0-seed_44.pdb,7.855773448944092
chai-1,pred.model_idx_0-seed_45.pdb,7.875792503356934
chai-1,pred.model_idx_0-seed_46.pdb,8.16164779663086
chai-1,pred.model_idx_0-seed_47.pdb,4.738789081573486
chai-1,pred.model_idx_0-seed_48.pdb,5.606808662414551
chai-1,pred.model_idx_0-seed_49.pdb,5.117335796356201
chai-1,pred.model_idx_0-seed_50.pdb,4.796198844909668
chai-1,pred.model_idx_0-seed_51.pdb,4.835097312927246
chai-1,pred.model_idx_0-seed_52.pdb,4.835211753845215
chai-1,pred.model_idx_0-seed_53.pdb,4.936604499816895
chai-1,pred.model_idx_0-seed_54.pdb,6.8853254318237305
chai-1,pred.model_idx_0-seed_55.pdb,4.896219730377197
chai-1,pred.model_idx_0-seed_56.pdb,5.477842330932617
chai-1,pred.model_idx_0-seed_57.pdb,9.129619598388672
chai-1,pred.model_idx_0-seed_58.pdb,5.198658466339111
chai-1,pred.model_idx_0-seed_59.pdb,4.995588302612305
chai-1,pred.model_idx_0-seed_60.pdb,9.09120750427246
chai-1,pred.model_idx_0-seed_61.pdb,6.910552501678467
chai-1,pred.model_idx_0-seed_62.pdb,5.446385383605957
chai-1,pred.model_idx_0-seed_63.pdb,4.856764316558838
chai-1,pred.model_idx_0-seed_64.pdb,5.782048225402832
chai-1,pred.model_idx_0-seed_65.pdb,7.650753498077393
chai-1,pred.model_idx_0-seed_66.pdb,4.791918277740479
chai-1,pred.model_idx_0-seed_67.pdb,4.758110523223877
chai-1,pred.model_idx_0-seed_68.pdb,5.894157409667969
chai-1,pred.model_idx_0-seed_69.pdb,4.989939689636231
chai-1,pred.model_idx_0-seed_70.pdb,5.168367862701416
chai-1,pred.model_idx_0-seed_71.pdb,4.569883823394775
chai-1,pred.model_idx_0-seed_72.pdb,9.579736709594728
chai-1,pred.model_idx_0-seed_73.pdb,5.82987117767334
chai-1,pred.model_idx_0-seed_74.pdb,8.16578483581543
chai-1,pred.model_idx_0-seed_75.pdb,5.708285808563232
chai-1,pred.model_idx_0-seed_76.pdb,4.992475986480713
chai-1,pred.model_idx_0-seed_77.pdb,4.781198978424072
chai-1,pred.model_idx_0-seed_78.pdb,5.2673516273498535
chai-1,pred.model_idx_0-seed_79.pdb,5.092774391174316
chai-1,pred.model_idx_0-seed_80.pdb,7.701581478118896
chai-1,pred.model_idx_0-seed_81.pdb,4.797396183013916
chai-1,pred.model_idx_0-seed_82.pdb,5.030589580535889
chai-1,pred.model_idx_0-seed_83.pdb,7.39004373550415
chai-1,pred.model_idx_0-seed_84.pdb,7.429663181304932
chai-1,pred.model_idx_0-seed_85.pdb,5.158182144165039
chai-1,pred.model_idx_0-seed_86.pdb,5.401021957397461
chai-1,pred.model_idx_0-seed_87.pdb,4.960119247436523
chai-1,pred.model_idx_0-seed_88.pdb,9.46015453338623
chai-1,pred.model_idx_0-seed_89.pdb,4.980528831481934
chai-1,pred.model_idx_0-seed_90.pdb,4.845351219177246
chai-1,pred.model_idx_0-seed_91.pdb,4.9765238761901855
chai-1,pred.model_idx_0-seed_92.pdb,4.947614192962647
chai-1,pred.model_idx_0-seed_93.pdb,4.828606128692627
chai-1,pred.model_idx_0-seed_94.pdb,5.322466373443604
chai-1,pred.model_idx_0-seed_95.pdb,4.72835636138916
chai-1,pred.model_idx_0-seed_96.pdb,4.620826244354248
chai-1,pred.model_idx_0-seed_97.pdb,4.71976375579834
chai-1,pred.model_idx_0-seed_98.pdb,5.1397857666015625
chai-1,pred.model_idx_0-seed_99.pdb,5.14647102355957
chai-1,pred.model_idx_1-seed_0.pdb,4.426854133605957
chai-1,pred.model_idx_1-seed_1.pdb,9.480520248413086
chai-1,pred.model_idx_1-seed_2.pdb,4.779603004455566
chai-1,pred.model_idx_1-seed_3.pdb,4.766135692596436
chai-1,pred.model_idx_1-seed_4.pdb,4.96357011795044
chai-1,pred.model_idx_1-seed_5.pdb,4.826721668243408
chai-1,pred.model_idx_1-seed_6.pdb,4.878096580505371
chai-1,pred.model_idx_1-seed_7.pdb,4.438270568847656
chai-1,pred.model_idx_1-seed_8.pdb,4.946476459503174
chai-1,pred.model_idx_1-seed_9.pdb,5.539012432098389
chai-1,pred.model_idx_1-seed_10.pdb,5.207581996917725
chai-1,pred.model_idx_1-seed_11.pdb,4.707610130310059
chai-1,pred.model_idx_1-seed_12.pdb,4.710144519805908
chai-1,pred.model_idx_1-seed_13.pdb,4.607094764709473
chai-1,pred.model_idx_1-seed_14.pdb,5.385716438293457
chai-1,pred.model_idx_1-seed_15.pdb,4.753942489624023
chai-1,pred.model_idx_1-seed_16.pdb,7.863320350646973
chai-1,pred.model_idx_1-seed_17.pdb,4.3495635986328125
chai-1,pred.model_idx_1-seed_18.pdb,4.752368450164795
chai-1,pred.model_idx_1-seed_19.pdb,4.7513604164123535
chai-1,pred.model_idx_1-seed_20.pdb,4.575590133666992
chai-1,pred.model_idx_1-seed_21.pdb,5.354926109313965
chai-1,pred.model_idx_1-seed_22.pdb,4.946544170379639
chai-1,pred.model_idx_1-seed_23.pdb,9.643601417541504
chai-1,pred.model_idx_1-seed_24.pdb,5.035953521728516
chai-1,pred.model_idx_1-seed_25.pdb,4.818363189697266
chai-1,pred.model_idx_1-seed_26.pdb,4.661481857299805
chai-1,pred.model_idx_1-seed_27.pdb,5.562679290771484
chai-1,pred.model_idx_1-seed_28.pdb,8.982627868652344
chai-1,pred.model_idx_1-seed_29.pdb,5.820473670959473
chai-1,pred.model_idx_1-seed_30.pdb,4.591578483581543
chai-1,pred.model_idx_1-seed_31.pdb,8.861533164978027
chai-1,pred.model_idx_1-seed_32.pdb,10.037736892700195
chai-1,pred.model_idx_1-seed_33.pdb,8.007233619689941
chai-1,pred.model_idx_1-seed_34.pdb,5.020709991455078
chai-1,pred.model_idx_1-seed_35.pdb,4.781065464019775
chai-1,pred.model_idx_1-seed_36.pdb,5.225465297698975
chai-1,pred.model_idx_1-seed_37.pdb,5.016791820526123
chai-1,pred.model_idx_1-seed_38.pdb,5.143882751464844
chai-1,pred.model_idx_1-seed_39.pdb,8.63891887664795
chai-1,pred.model_idx_1-seed_40.pdb,6.8942551612854
chai-1,pred.model_idx_1-seed_41.pdb,4.949485778808594
chai-1,pred.model_idx_1-seed_42.pdb,5.683014392852783
chai-1,pred.model_idx_1-seed_43.pdb,5.006129741668701
chai-1,pred.model_idx_1-seed_44.pdb,4.941461563110352
chai-1,pred.model_idx_1-seed_45.pdb,4.275240421295166
chai-1,pred.model_idx_1-seed_46.pdb,4.964670181274414
chai-1,pred.model_idx_1-seed_47.pdb,9.453154563903809
chai-1,pred.model_idx_1-seed_48.pdb,4.697376251220703
chai-1,pred.model_idx_1-seed_49.pdb,4.733234405517578
chai-1,pred.model_idx_1-seed_50.pdb,5.550511837005615
chai-1,pred.model_idx_1-seed_51.pdb,4.848210334777832
chai-1,pred.model_idx_1-seed_52.pdb,9.450855255126951
chai-1,pred.model_idx_1-seed_53.pdb,4.6586689949035645
chai-1,pred.model_idx_1-seed_54.pdb,4.903791904449463
chai-1,pred.model_idx_1-seed_55.pdb,5.225955963134766
chai-1,pred.model_idx_1-seed_56.pdb,4.735182285308838
chai-1,pred.model_idx_1-seed_57.pdb,8.303059577941895
chai-1,pred.model_idx_1-seed_58.pdb,5.810531139373779
chai-1,pred.model_idx_1-seed_59.pdb,4.659477233886719
chai-1,pred.model_idx_1-seed_60.pdb,4.8584747314453125
chai-1,pred.model_idx_1-seed_61.pdb,4.969400405883789
chai-1,pred.model_idx_1-seed_62.pdb,9.770285606384276
chai-1,pred.model_idx_1-seed_63.pdb,4.83842134475708
chai-1,pred.model_idx_1-seed_64.pdb,5.5301947593688965
chai-1,pred.model_idx_1-seed_65.pdb,4.241494178771973
chai-1,pred.model_idx_1-seed_66.pdb,4.318022727966309
chai-1,pred.model_idx_1-seed_67.pdb,5.005408763885498
chai-1,pred.model_idx_1-seed_68.pdb,9.835389137268066
chai-1,pred.model_idx_1-seed_69.pdb,4.952234268188477
chai-1,pred.model_idx_1-seed_70.pdb,4.890566349029541
chai-1,pred.model_idx_1-seed_71.pdb,5.491387367248535
chai-1,pred.model_idx_1-seed_72.pdb,5.238877773284912
chai-1,pred.model_idx_1-seed_73.pdb,5.910758018493652
chai-1,pred.model_idx_1-seed_74.pdb,4.840740203857422
chai-1,pred.model_idx_1-seed_75.pdb,4.777556896209717
chai-1,pred.model_idx_1-seed_76.pdb,5.141351699829102
chai-1,pred.model_idx_1-seed_77.pdb,5.07298469543457
chai-1,pred.model_idx_1-seed_78.pdb,4.71062707901001
chai-1,pred.model_idx_1-seed_79.pdb,5.363196849822998
chai-1,pred.model_idx_1-seed_80.pdb,5.27871036529541
chai-1,pred.model_idx_1-seed_81.pdb,10.222895622253418
chai-1,pred.model_idx_1-seed_82.pdb,9.675107955932615
chai-1,pred.model_idx_1-seed_83.pdb,4.820871353149414
chai-1,pred.model_idx_1-seed_84.pdb,4.994751453399658
chai-1,pred.model_idx_1-seed_85.pdb,5.063541412353516
chai-1,pred.model_idx_1-seed_86.pdb,9.544670104980469
chai-1,pred.model_idx_1-seed_87.pdb,9.768973350524902
chai-1,pred.model_idx_1-seed_88.pdb,5.2174835205078125
chai-1,pred.model_idx_1-seed_89.pdb,4.598584175109863
chai-1,pred.model_idx_1-seed_90.pdb,4.718352317810059
chai-1,pred.model_idx_1-seed_91.pdb,5.108486175537109
chai-1,pred.model_idx_1-seed_92.pdb,4.769238471984863
chai-1,pred.model_idx_1-seed_93.pdb,7.625494480133057
chai-1,pred.model_idx_1-seed_94.pdb,5.393125057220459
chai-1,pred.model_idx_1-seed_95.pdb,4.560247898101807
chai-1,pred.model_idx_1-seed_96.pdb,4.934103012084961
chai-1,pred.model_idx_1-seed_97.pdb,5.050637722015381
chai-1,pred.model_idx_1-seed_98.pdb,5.0120391845703125
chai-1,pred.model_idx_1-seed_99.pdb,4.800996780395508
chai-1,pred.model_idx_2-seed_0.pdb,9.732015609741213
chai-1,pred.model_idx_2-seed_1.pdb,5.63183069229126
chai-1,pred.model_idx_2-seed_2.pdb,5.20707893371582
chai-1,pred.model_idx_2-seed_3.pdb,5.32861852645874
chai-1,pred.model_idx_2-seed_4.pdb,5.292983055114746
chai-1,pred.model_idx_2-seed_5.pdb,5.642354488372803
chai-1,pred.model_idx_2-seed_6.pdb,5.0131707191467285
chai-1,pred.model_idx_2-seed_7.pdb,4.785716533660889
chai-1,pred.model_idx_2-seed_8.pdb,5.017658710479736
chai-1,pred.model_idx_2-seed_9.pdb,5.008651256561279
chai-1,pred.model_idx_2-seed_10.pdb,4.776540279388428
chai-1,pred.model_idx_2-seed_11.pdb,5.686332702636719
chai-1,pred.model_idx_2-seed_12.pdb,8.348072052001953
chai-1,pred.model_idx_2-seed_13.pdb,4.75654935836792
chai-1,pred.model_idx_2-seed_14.pdb,7.413496017456055
chai-1,pred.model_idx_2-seed_15.pdb,4.801336288452148
chai-1,pred.model_idx_2-seed_16.pdb,4.548596858978272
chai-1,pred.model_idx_2-seed_17.pdb,4.644156455993652
chai-1,pred.model_idx_2-seed_18.pdb,4.871469974517822
chai-1,pred.model_idx_2-seed_19.pdb,7.627198696136475
chai-1,pred.model_idx_2-seed_20.pdb,9.741700172424316
chai-1,pred.model_idx_2-seed_21.pdb,6.974571228027344
chai-1,pred.model_idx_2-seed_22.pdb,4.740768909454346
chai-1,pred.model_idx_2-seed_23.pdb,4.730952739715576
chai-1,pred.model_idx_2-seed_24.pdb,5.093421936035156
chai-1,pred.model_idx_2-seed_25.pdb,4.686850547790527
chai-1,pred.model_idx_2-seed_26.pdb,4.87010383605957
chai-1,pred.model_idx_2-seed_27.pdb,4.997612953186035
chai-1,pred.model_idx_2-seed_28.pdb,4.949094772338867
chai-1,pred.model_idx_2-seed_29.pdb,5.189985275268555
chai-1,pred.model_idx_2-seed_30.pdb,5.3606953620910645
chai-1,pred.model_idx_2-seed_31.pdb,4.607018947601318
chai-1,pred.model_idx_2-seed_32.pdb,5.129691123962402
chai-1,pred.model_idx_2-seed_33.pdb,5.181455612182617
chai-1,pred.model_idx_2-seed_34.pdb,4.628445148468018
chai-1,pred.model_idx_2-seed_35.pdb,7.934406280517578
chai-1,pred.model_idx_2-seed_36.pdb,4.561767101287842
chai-1,pred.model_idx_2-seed_37.pdb,4.89463472366333
chai-1,pred.model_idx_2-seed_38.pdb,8.42301082611084
chai-1,pred.model_idx_2-seed_39.pdb,5.343943595886231
chai-1,pred.model_idx_2-seed_40.pdb,6.310812473297119
chai-1,pred.model_idx_2-seed_41.pdb,5.251480102539063
chai-1,pred.model_idx_2-seed_42.pdb,9.166107177734377
chai-1,pred.model_idx_2-seed_43.pdb,10.380677223205566
chai-1,pred.model_idx_2-seed_44.pdb,5.814063549041748
chai-1,pred.model_idx_2-seed_45.pdb,7.510406017303467
chai-1,pred.model_idx_2-seed_46.pdb,4.5821943283081055
chai-1,pred.model_idx_2-seed_47.pdb,7.849327087402344
chai-1,pred.model_idx_2-seed_48.pdb,5.113142013549805
chai-1,pred.model_idx_2-seed_49.pdb,4.77525520324707
chai-1,pred.model_idx_2-seed_50.pdb,5.827231407165527
chai-1,pred.model_idx_2-seed_51.pdb,5.277267456054688
chai-1,pred.model_idx_2-seed_52.pdb,9.843856811523438
chai-1,pred.model_idx_2-seed_53.pdb,5.650006294250488
chai-1,pred.model_idx_2-seed_54.pdb,4.757590770721436
chai-1,pred.model_idx_2-seed_55.pdb,4.981958866119385
chai-1,pred.model_idx_2-seed_56.pdb,4.497720718383789
chai-1,pred.model_idx_2-seed_57.pdb,4.877442836761475
chai-1,pred.model_idx_2-seed_58.pdb,5.083406925201416
chai-1,pred.model_idx_2-seed_59.pdb,7.777153491973877
chai-1,pred.model_idx_2-seed_60.pdb,5.330418109893799
chai-1,pred.model_idx_2-seed_61.pdb,8.49198055267334
chai-1,pred.model_idx_2-seed_62.pdb,5.458479404449463
chai-1,pred.model_idx_2-seed_63.pdb,4.748295783996582
chai-1,pred.model_idx_2-seed_64.pdb,9.969056129455566
chai-1,pred.model_idx_2-seed_65.pdb,4.749382019042969
chai-1,pred.model_idx_2-seed_66.pdb,4.881502628326416
chai-1,pred.model_idx_2-seed_67.pdb,4.922097206115723
chai-1,pred.model_idx_2-seed_68.pdb,4.824583530426025
chai-1,pred.model_idx_2-seed_69.pdb,8.051114082336426
chai-1,pred.model_idx_2-seed_70.pdb,9.94211769104004
chai-1,pred.model_idx_2-seed_71.pdb,4.87889289855957
chai-1,pred.model_idx_2-seed_72.pdb,4.999244689941406
chai-1,pred.model_idx_2-seed_73.pdb,5.016944885253906
chai-1,pred.model_idx_2-seed_74.pdb,9.807942390441896
chai-1,pred.model_idx_2-seed_75.pdb,5.056246280670166
chai-1,pred.model_idx_2-seed_76.pdb,8.055794715881348
chai-1,pred.model_idx_2-seed_77.pdb,7.615105628967285
chai-1,pred.model_idx_2-seed_78.pdb,10.321478843688965
chai-1,pred.model_idx_2-seed_79.pdb,4.792317390441895
chai-1,pred.model_idx_2-seed_80.pdb,4.925198554992676
chai-1,pred.model_idx_2-seed_81.pdb,4.62577486038208
chai-1,pred.model_idx_2-seed_82.pdb,9.865028381347656
chai-1,pred.model_idx_2-seed_83.pdb,4.573397636413574
chai-1,pred.model_idx_2-seed_84.pdb,4.793216705322266
chai-1,pred.model_idx_2-seed_85.pdb,4.695251941680908
chai-1,pred.model_idx_2-seed_86.pdb,5.019625663757324
chai-1,pred.model_idx_2-seed_87.pdb,6.208507061004639
chai-1,pred.model_idx_2-seed_88.pdb,7.992354869842529
chai-1,pred.model_idx_2-seed_89.pdb,4.8636250495910645
chai-1,pred.model_idx_2-seed_90.pdb,5.142818450927734
chai-1,pred.model_idx_2-seed_91.pdb,4.924773693084717
chai-1,pred.model_idx_2-seed_92.pdb,4.908087253570557
chai-1,pred.model_idx_2-seed_93.pdb,4.989630699157715
chai-1,pred.model_idx_2-seed_94.pdb,5.181353092193604
chai-1,pred.model_idx_2-seed_95.pdb,4.918421745300293
chai-1,pred.model_idx_2-seed_96.pdb,4.903325080871582
chai-1,pred.model_idx_2-seed_97.pdb,5.69165563583374
chai-1,pred.model_idx_2-seed_98.pdb,7.087845325469971
chai-1,pred.model_idx_2-seed_99.pdb,4.978378772735596
chai-1,pred.model_idx_3-seed_0.pdb,6.305429935455322
chai-1,pred.model_idx_3-seed_1.pdb,7.634778499603271
chai-1,pred.model_idx_3-seed_2.pdb,9.279145240783691
chai-1,pred.model_idx_3-seed_3.pdb,4.90778923034668
chai-1,pred.model_idx_3-seed_4.pdb,5.299805164337158
chai-1,pred.model_idx_3-seed_5.pdb,4.895750999450684
chai-1,pred.model_idx_3-seed_6.pdb,5.025272846221924
chai-1,pred.model_idx_3-seed_7.pdb,4.899671077728272
chai-1,pred.model_idx_3-seed_8.pdb,8.36502456665039
chai-1,pred.model_idx_3-seed_9.pdb,9.883255004882812
chai-1,pred.model_idx_3-seed_10.pdb,4.88360595703125
chai-1,pred.model_idx_3-seed_11.pdb,10.25661277770996
chai-1,pred.model_idx_3-seed_12.pdb,7.873173713684082
chai-1,pred.model_idx_3-seed_13.pdb,9.526864051818848
chai-1,pred.model_idx_3-seed_14.pdb,5.024400234222412
chai-1,pred.model_idx_3-seed_15.pdb,9.71715259552002
chai-1,pred.model_idx_3-seed_16.pdb,8.099475860595703
chai-1,pred.model_idx_3-seed_17.pdb,4.633878231048584
chai-1,pred.model_idx_3-seed_18.pdb,4.884546279907227
chai-1,pred.model_idx_3-seed_19.pdb,7.78113317489624
chai-1,pred.model_idx_3-seed_20.pdb,7.931413173675537
chai-1,pred.model_idx_3-seed_21.pdb,9.774441719055176
chai-1,pred.model_idx_3-seed_22.pdb,4.975342273712158
chai-1,pred.model_idx_3-seed_23.pdb,9.837435722351074
chai-1,pred.model_idx_3-seed_24.pdb,5.078754425048828
chai-1,pred.model_idx_3-seed_25.pdb,4.571610927581787
chai-1,pred.model_idx_3-seed_26.pdb,4.515968322753906
chai-1,pred.model_idx_3-seed_27.pdb,9.184677124023438
chai-1,pred.model_idx_3-seed_28.pdb,4.738149166107178
chai-1,pred.model_idx_3-seed_29.pdb,7.612916469573975
chai-1,pred.model_idx_3-seed_30.pdb,4.586454391479492
chai-1,pred.model_idx_3-seed_31.pdb,4.867519378662109
chai-1,pred.model_idx_3-seed_32.pdb,4.885249137878418
chai-1,pred.model_idx_3-seed_33.pdb,6.811030864715576
chai-1,pred.model_idx_3-seed_34.pdb,4.718259334564209
chai-1,pred.model_idx_3-seed_35.pdb,7.759915828704834
chai-1,pred.model_idx_3-seed_36.pdb,4.689616680145264
chai-1,pred.model_idx_3-seed_37.pdb,4.8329033851623535
chai-1,pred.model_idx_3-seed_38.pdb,4.689391613006592
chai-1,pred.model_idx_3-seed_39.pdb,4.732541084289551
chai-1,pred.model_idx_3-seed_40.pdb,5.651448249816895
chai-1,pred.model_idx_3-seed_41.pdb,4.636538505554199
chai-1,pred.model_idx_3-seed_42.pdb,4.789880752563477
chai-1,pred.model_idx_3-seed_43.pdb,5.327810287475586
chai-1,pred.model_idx_3-seed_44.pdb,5.120818138122559
chai-1,pred.model_idx_3-seed_45.pdb,4.804733276367188
chai-1,pred.model_idx_3-seed_46.pdb,5.506117820739746
chai-1,pred.model_idx_3-seed_47.pdb,4.8739013671875
chai-1,pred.model_idx_3-seed_48.pdb,5.010772228240967
chai-1,pred.model_idx_3-seed_49.pdb,9.434661865234377
chai-1,pred.model_idx_3-seed_50.pdb,4.834564685821533
chai-1,pred.model_idx_3-seed_51.pdb,4.949519157409668
chai-1,pred.model_idx_3-seed_52.pdb,5.605592250823975
chai-1,pred.model_idx_3-seed_53.pdb,7.66259765625
chai-1,pred.model_idx_3-seed_54.pdb,4.957655429840088
chai-1,pred.model_idx_3-seed_55.pdb,6.54709005355835
chai-1,pred.model_idx_3-seed_56.pdb,5.131292343139648
chai-1,pred.model_idx_3-seed_57.pdb,5.072640895843506
chai-1,pred.model_idx_3-seed_58.pdb,5.055813312530518
chai-1,pred.model_idx_3-seed_59.pdb,4.745431900024414
chai-1,pred.model_idx_3-seed_60.pdb,4.990573406219482
chai-1,pred.model_idx_3-seed_61.pdb,5.277092933654785
chai-1,pred.model_idx_3-seed_62.pdb,4.784637928009033
chai-1,pred.model_idx_3-seed_63.pdb,4.948878765106201
chai-1,pred.model_idx_3-seed_64.pdb,4.791937351226807
chai-1,pred.model_idx_3-seed_65.pdb,4.817294597625732
chai-1,pred.model_idx_3-seed_66.pdb,4.987686634063721
chai-1,pred.model_idx_3-seed_67.pdb,4.873836517333984
chai-1,pred.model_idx_3-seed_68.pdb,5.026245594024658
chai-1,pred.model_idx_3-seed_69.pdb,5.763478755950928
chai-1,pred.model_idx_3-seed_70.pdb,4.948739528656006
chai-1,pred.model_idx_3-seed_71.pdb,4.841664791107178
chai-1,pred.model_idx_3-seed_72.pdb,4.640577793121338
chai-1,pred.model_idx_3-seed_73.pdb,4.863316059112549
chai-1,pred.model_idx_3-seed_74.pdb,9.836722373962402
chai-1,pred.model_idx_3-seed_75.pdb,4.85047721862793
chai-1,pred.model_idx_3-seed_76.pdb,4.875485420227051
chai-1,pred.model_idx_3-seed_77.pdb,5.748354434967041
chai-1,pred.model_idx_3-seed_78.pdb,4.851749897003174
chai-1,pred.model_idx_3-seed_79.pdb,4.862391948699951
chai-1,pred.model_idx_3-seed_80.pdb,4.8687744140625
chai-1,pred.model_idx_3-seed_81.pdb,4.8512163162231445
chai-1,pred.model_idx_3-seed_82.pdb,4.762408256530762
chai-1,pred.model_idx_3-seed_83.pdb,4.99290132522583
chai-1,pred.model_idx_3-seed_84.pdb,4.725939750671387
chai-1,pred.model_idx_3-seed_85.pdb,5.073220729827881
chai-1,pred.model_idx_3-seed_86.pdb,4.998131275177002
chai-1,pred.model_idx_3-seed_87.pdb,5.036532878875732
chai-1,pred.model_idx_3-seed_88.pdb,5.277670383453369
chai-1,pred.model_idx_3-seed_89.pdb,4.71991491317749
chai-1,pred.model_idx_3-seed_90.pdb,5.550753593444824
chai-1,pred.model_idx_3-seed_91.pdb,5.064825534820557
chai-1,pred.model_idx_3-seed_92.pdb,4.836024284362793
chai-1,pred.model_idx_3-seed_93.pdb,4.834790229797363
chai-1,pred.model_idx_3-seed_94.pdb,10.020438194274902
chai-1,pred.model_idx_3-seed_95.pdb,5.225362300872803
chai-1,pred.model_idx_3-seed_96.pdb,4.632818222045898
chai-1,pred.model_idx_3-seed_97.pdb,4.905818939208984
chai-1,pred.model_idx_3-seed_98.pdb,4.985156536102295
chai-1,pred.model_idx_3-seed_99.pdb,6.755236625671387
chai-1,pred.model_idx_4-seed_0.pdb,5.66774320602417
chai-1,pred.model_idx_4-seed_1.pdb,7.851112365722656
chai-1,pred.model_idx_4-seed_2.pdb,4.706393241882324
chai-1,pred.model_idx_4-seed_3.pdb,4.999290466308594
chai-1,pred.model_idx_4-seed_4.pdb,4.787511348724365
chai-1,pred.model_idx_4-seed_5.pdb,4.717619895935059
chai-1,pred.model_idx_4-seed_6.pdb,9.656599044799805
chai-1,pred.model_idx_4-seed_7.pdb,4.825570583343506
chai-1,pred.model_idx_4-seed_8.pdb,5.749156951904297
chai-1,pred.model_idx_4-seed_9.pdb,4.835559368133545
chai-1,pred.model_idx_4-seed_10.pdb,4.660459041595459
chai-1,pred.model_idx_4-seed_11.pdb,5.477542400360107
chai-1,pred.model_idx_4-seed_12.pdb,5.096861839294434
chai-1,pred.model_idx_4-seed_13.pdb,4.706081867218018
chai-1,pred.model_idx_4-seed_14.pdb,5.094505310058594
chai-1,pred.model_idx_4-seed_15.pdb,4.698079586029053
chai-1,pred.model_idx_4-seed_16.pdb,4.787053108215332
chai-1,pred.model_idx_4-seed_17.pdb,5.087749481201172
chai-1,pred.model_idx_4-seed_18.pdb,4.7529296875
chai-1,pred.model_idx_4-seed_19.pdb,5.849783420562744
chai-1,pred.model_idx_4-seed_20.pdb,5.078223705291748
chai-1,pred.model_idx_4-seed_21.pdb,8.115598678588867
chai-1,pred.model_idx_4-seed_22.pdb,4.8034443855285645
chai-1,pred.model_idx_4-seed_23.pdb,8.349716186523438
chai-1,pred.model_idx_4-seed_24.pdb,9.095824241638184
chai-1,pred.model_idx_4-seed_25.pdb,4.927778720855713
chai-1,pred.model_idx_4-seed_26.pdb,6.032450675964356
chai-1,pred.model_idx_4-seed_27.pdb,4.87739372253418
chai-1,pred.model_idx_4-seed_28.pdb,4.8597588539123535
chai-1,pred.model_idx_4-seed_29.pdb,9.987956047058104
chai-1,pred.model_idx_4-seed_30.pdb,5.096266746520996
chai-1,pred.model_idx_4-seed_31.pdb,4.898768424987793
chai-1,pred.model_idx_4-seed_32.pdb,4.995106220245361
chai-1,pred.model_idx_4-seed_33.pdb,8.893442153930664
chai-1,pred.model_idx_4-seed_34.pdb,4.598210334777832
chai-1,pred.model_idx_4-seed_35.pdb,5.064987659454346
chai-1,pred.model_idx_4-seed_36.pdb,4.637118816375732
chai-1,pred.model_idx_4-seed_37.pdb,4.720154762268066
chai-1,pred.model_idx_4-seed_38.pdb,4.969259738922119
chai-1,pred.model_idx_4-seed_39.pdb,4.761480808258057
chai-1,pred.model_idx_4-seed_40.pdb,4.731670379638672
chai-1,pred.model_idx_4-seed_41.pdb,5.394647598266602
chai-1,pred.model_idx_4-seed_42.pdb,5.966931819915772
chai-1,pred.model_idx_4-seed_43.pdb,4.903790473937988
chai-1,pred.model_idx_4-seed_44.pdb,4.717120170593262
chai-1,pred.model_idx_4-seed_45.pdb,4.886343002319336
chai-1,pred.model_idx_4-seed_46.pdb,4.75425910949707
chai-1,pred.model_idx_4-seed_47.pdb,9.936200141906738
chai-1,pred.model_idx_4-seed_48.pdb,4.9390387535095215
chai-1,pred.model_idx_4-seed_49.pdb,5.1642231941223145
chai-1,pred.model_idx_4-seed_50.pdb,4.9805169105529785
chai-1,pred.model_idx_4-seed_51.pdb,5.533782005310059
chai-1,pred.model_idx_4-seed_52.pdb,5.014869689941406
chai-1,pred.model_idx_4-seed_53.pdb,10.508660316467283
chai-1,pred.model_idx_4-seed_54.pdb,10.401507377624512
chai-1,pred.model_idx_4-seed_55.pdb,6.114702224731445
chai-1,pred.model_idx_4-seed_56.pdb,4.690643310546875
chai-1,pred.model_idx_4-seed_57.pdb,4.834967613220215
chai-1,pred.model_idx_4-seed_58.pdb,5.678386211395264
chai-1,pred.model_idx_4-seed_59.pdb,4.604741096496582
chai-1,pred.model_idx_4-seed_60.pdb,9.73423957824707
chai-1,pred.model_idx_4-seed_61.pdb,4.587658405303955
chai-1,pred.model_idx_4-seed_62.pdb,5.08583927154541
chai-1,pred.model_idx_4-seed_63.pdb,5.125314235687256
chai-1,pred.model_idx_4-seed_64.pdb,10.001206398010254
chai-1,pred.model_idx_4-seed_65.pdb,5.072149276733398
chai-1,pred.model_idx_4-seed_66.pdb,8.990330696105957
chai-1,pred.model_idx_4-seed_67.pdb,4.846540451049805
chai-1,pred.model_idx_4-seed_68.pdb,5.304375171661377
chai-1,pred.model_idx_4-seed_69.pdb,7.746205806732178
chai-1,pred.model_idx_4-seed_70.pdb,5.080300807952881
chai-1,pred.model_idx_4-seed_71.pdb,4.84769868850708
chai-1,pred.model_idx_4-seed_72.pdb,10.17405128479004
chai-1,pred.model_idx_4-seed_73.pdb,8.014616012573242
chai-1,pred.model_idx_4-seed_74.pdb,5.55661153793335
chai-1,pred.model_idx_4-seed_75.pdb,5.621432304382324
chai-1,pred.model_idx_4-seed_76.pdb,7.455683708190918
chai-1,pred.model_idx_4-seed_77.pdb,4.77092981338501
chai-1,pred.model_idx_4-seed_78.pdb,7.12434720993042
chai-1,pred.model_idx_4-seed_79.pdb,4.799787998199463
chai-1,pred.model_idx_4-seed_80.pdb,9.164498329162598
chai-1,pred.model_idx_4-seed_81.pdb,7.510096549987793
chai-1,pred.model_idx_4-seed_82.pdb,5.089809417724609
chai-1,pred.model_idx_4-seed_83.pdb,4.920907974243164
chai-1,pred.model_idx_4-seed_84.pdb,5.076763153076172
chai-1,pred.model_idx_4-seed_85.pdb,10.234400749206545
chai-1,pred.model_idx_4-seed_86.pdb,7.354857921600342
chai-1,pred.model_idx_4-seed_87.pdb,4.710550308227539
chai-1,pred.model_idx_4-seed_88.pdb,4.733104228973389
chai-1,pred.model_idx_4-seed_89.pdb,4.762482643127441
chai-1,pred.model_idx_4-seed_90.pdb,4.717935562133789
chai-1,pred.model_idx_4-seed_91.pdb,5.564657688140869
chai-1,pred.model_idx_4-seed_92.pdb,4.805861949920654
chai-1,pred.model_idx_4-seed_93.pdb,6.071430206298828
chai-1,pred.model_idx_4-seed_94.pdb,4.966761112213135
chai-1,pred.model_idx_4-seed_95.pdb,4.9145612716674805
chai-1,pred.model_idx_4-seed_96.pdb,6.07794189453125
chai-1,pred.model_idx_4-seed_97.pdb,4.915221691131592
chai-1,pred.model_idx_4-seed_98.pdb,4.920392036437988
chai-1,pred.model_idx_4-seed_99.pdb,4.6635260581970215
minniefold,eif2b3-scenario1_0_unrelaxed_rank_001_alphafold2_multimer_v1_model_5_seed_001.pdb,5.768183708190918
minniefold,eif2b3-scenario1_0_unrelaxed_rank_002_alphafold2_multimer_v1_model_2_seed_003.pdb,5.218729972839356
minniefold,eif2b3-scenario1_0_unrelaxed_rank_003_alphafold2_multimer_v1_model_1_seed_001.pdb,5.067648887634277
minniefold,eif2b3-scenario1_0_unrelaxed_rank_004_alphafold2_multimer_v1_model_5_seed_003.pdb,5.588540077209473
minniefold,eif2b3-scenario1_0_unrelaxed_rank_005_alphafold2_multimer_v1_model_1_seed_003.pdb,5.15559720993042
minniefold,eif2b3-scenario1_0_unrelaxed_rank_006_alphafold2_multimer_v1_model_4_seed_003.pdb,5.376568794250488
minniefold,eif2b3-scenario1_0_unrelaxed_rank_007_alphafold2_multimer_v1_model_4_seed_001.pdb,5.327458381652832
minniefold,eif2b3-scenario1_0_unrelaxed_rank_008_alphafold2_multimer_v1_model_2_seed_001.pdb,5.238863468170166
minniefold,eif2b3-scenario1_0_unrelaxed_rank_009_alphafold2_multimer_v1_model_3_seed_003.pdb,5.955997467041016
minniefold,eif2b3-scenario1_0_unrelaxed_rank_010_alphafold2_multimer_v1_model_5_seed_000.pdb,5.601806163787842
minniefold,eif2b3-scenario1_0_unrelaxed_rank_011_alphafold2_multimer_v1_model_3_seed_001.pdb,5.58397388458252
minniefold,eif2b3-scenario1_0_unrelaxed_rank_012_alphafold2_multimer_v1_model_5_seed_002.pdb,6.354700565338135
minniefold,eif2b3-scenario1_0_unrelaxed_rank_013_alphafold2_multimer_v1_model_1_seed_002.pdb,5.388140201568604
minniefold,eif2b3-scenario1_0_unrelaxed_rank_014_alphafold2_multimer_v1_model_3_seed_002.pdb,6.495318412780762
minniefold,eif2b3-scenario1_0_unrelaxed_rank_015_alphafold2_multimer_v1_model_2_seed_002.pdb,6.367411613464356
minniefold,eif2b3-scenario1_0_unrelaxed_rank_016_alphafold2_multimer_v1_model_1_seed_000.pdb,5.195896148681641
minniefold,eif2b3-scenario1_0_unrelaxed_rank_017_alphafold2_multimer_v1_model_4_seed_002.pdb,6.086260795593262
minniefold,eif2b3-scenario1_0_unrelaxed_rank_018_alphafold2_multimer_v1_model_2_seed_000.pdb,5.685739994049072
minniefold,eif2b3-scenario1_0_unrelaxed_rank_019_alphafold2_multimer_v1_model_4_seed_000.pdb,5.454604625701904
minniefold,eif2b3-scenario1_0_unrelaxed_rank_020_alphafold2_multimer_v1_model_3_seed_000.pdb,6.684370994567871
minniefold,eif2b3-scenario2_0_unrelaxed_rank_001_alphafold2_multimer_v2_model_2_seed_001.pdb,5.333798885345459
minniefold,eif2b3-scenario2_0_unrelaxed_rank_002_alphafold2_multimer_v2_model_2_seed_000.pdb,5.248342990875244
minniefold,eif2b3-scenario2_0_unrelaxed_rank_003_alphafold2_multimer_v2_model_2_seed_003.pdb,5.139890193939209
minniefold,eif2b3-scenario2_0_unrelaxed_rank_004_alphafold2_multimer_v2_model_1_seed_000.pdb,5.270871639251709
minniefold,eif2b3-scenario2_0_unrelaxed_rank_005_alphafold2_multimer_v2_model_2_seed_002.pdb,5.194423675537109
minniefold,eif2b3-scenario2_0_unrelaxed_rank_006_alphafold2_multimer_v2_model_1_seed_003.pdb,5.260939121246338
minniefold,eif2b3-scenario2_0_unrelaxed_rank_007_alphafold2_multimer_v2_model_3_seed_000.pdb,5.3598408699035645
minniefold,eif2b3-scenario2_0_unrelaxed_rank_008_alphafold2_multimer_v2_model_5_seed_003.pdb,5.402886390686035
minniefold,eif2b3-scenario2_0_unrelaxed_rank_009_alphafold2_multimer_v2_model_1_seed_002.pdb,5.192525386810303
minniefold,eif2b3-scenario2_0_unrelaxed_rank_010_alphafold2_multimer_v2_model_5_seed_000.pdb,5.501080989837647
minniefold,eif2b3-scenario2_0_unrelaxed_rank_011_alphafold2_multimer_v2_model_3_seed_003.pdb,5.305461406707764
minniefold,eif2b3-scenario2_0_unrelaxed_rank_012_alphafold2_multimer_v2_model_3_seed_002.pdb,5.251206398010254
minniefold,eif2b3-scenario2_0_unrelaxed_rank_013_alphafold2_multimer_v2_model_1_seed_001.pdb,5.445862293243408
minniefold,eif2b3-scenario2_0_unrelaxed_rank_014_alphafold2_multimer_v2_model_4_seed_003.pdb,5.210174560546875
minniefold,eif2b3-scenario2_0_unrelaxed_rank_015_alphafold2_multimer_v2_model_4_seed_002.pdb,5.121599197387695
minniefold,eif2b3-scenario2_0_unrelaxed_rank_016_alphafold2_multimer_v2_model_5_seed_002.pdb,5.328889846801758
minniefold,eif2b3-scenario2_0_unrelaxed_rank_017_alphafold2_multimer_v2_model_4_seed_000.pdb,5.280288219451904
minniefold,eif2b3-scenario2_0_unrelaxed_rank_018_alphafold2_multimer_v2_model_3_seed_001.pdb,5.371569633483887
minniefold,eif2b3-scenario2_0_unrelaxed_rank_019_alphafold2_multimer_v2_model_5_seed_001.pdb,5.673964023590088
minniefold,eif2b3-scenario2_0_unrelaxed_rank_020_alphafold2_multimer_v2_model_4_seed_001.pdb,5.313006401062012
minniefold,eif2b3-scenario3_0_unrelaxed_rank_001_alphafold2_multimer_v3_model_4_seed_000.pdb,5.306902885437012
minniefold,eif2b3-scenario3_0_unrelaxed_rank_002_alphafold2_multimer_v3_model_3_seed_002.pdb,5.135924816131592
minniefold,eif2b3-scenario3_0_unrelaxed_rank_003_alphafold2_multimer_v3_model_3_seed_000.pdb,5.139018535614014
minniefold,eif2b3-scenario3_0_unrelaxed_rank_004_alphafold2_multimer_v3_model_5_seed_002.pdb,5.268131256103516
minniefold,eif2b3-scenario3_0_unrelaxed_rank_005_alphafold2_multimer_v3_model_4_seed_002.pdb,5.250823974609375
minniefold,eif2b3-scenario3_0_unrelaxed_rank_006_alphafold2_multimer_v3_model_2_seed_000.pdb,5.157031059265137
minniefold,eif2b3-scenario3_0_unrelaxed_rank_007_alphafold2_multimer_v3_model_5_seed_000.pdb,5.139134407043457
minniefold,eif2b3-scenario3_0_unrelaxed_rank_008_alphafold2_multimer_v3_model_1_seed_000.pdb,5.098841667175293
minniefold,eif2b3-scenario3_0_unrelaxed_rank_009_alphafold2_multimer_v3_model_3_seed_003.pdb,5.259068012237549
minniefold,eif2b3-scenario3_0_unrelaxed_rank_010_alphafold2_multimer_v3_model_1_seed_002.pdb,5.067012310028076
minniefold,eif2b3-scenario3_0_unrelaxed_rank_011_alphafold2_multimer_v3_model_4_seed_001.pdb,5.315881729125977
minniefold,eif2b3-scenario3_0_unrelaxed_rank_012_alphafold2_multimer_v3_model_1_seed_003.pdb,5.1205363273620605
minniefold,eif2b3-scenario3_0_unrelaxed_rank_013_alphafold2_multimer_v3_model_1_seed_001.pdb,5.203870296478272
minniefold,eif2b3-scenario3_0_unrelaxed_rank_014_alphafold2_multimer_v3_model_2_seed_002.pdb,5.097884654998779
minniefold,eif2b3-scenario3_0_unrelaxed_rank_015_alphafold2_multimer_v3_model_4_seed_003.pdb,5.339078426361084
minniefold,eif2b3-scenario3_0_unrelaxed_rank_016_alphafold2_multimer_v3_model_3_seed_001.pdb,5.497137546539307
minniefold,eif2b3-scenario3_0_unrelaxed_rank_017_alphafold2_multimer_v3_model_2_seed_001.pdb,5.298869609832764
minniefold,eif2b3-scenario3_0_unrelaxed_rank_018_alphafold2_multimer_v3_model_5_seed_003.pdb,6.18196439743042
minniefold,eif2b3-scenario3_0_unrelaxed_rank_019_alphafold2_multimer_v3_model_5_seed_001.pdb,5.579711437225342
minniefold,eif2b3-scenario3_0_unrelaxed_rank_020_alphafold2_multimer_v3_model_2_seed_003.pdb,5.511190414428711
minniefold,eif2b3-scenario4_0_unrelaxed_rank_001_alphafold2_multimer_v1_model_2_seed_003.pdb,5.157283306121826
minniefold,eif2b3-scenario4_0_unrelaxed_rank_002_alphafold2_multimer_v1_model_5_seed_003.pdb,5.607451438903809
minniefold,eif2b3-scenario4_0_unrelaxed_rank_003_alphafold2_multimer_v1_model_1_seed_003.pdb,5.089219570159912
minniefold,eif2b3-scenario4_0_unrelaxed_rank_004_alphafold2_multimer_v1_model_1_seed_001.pdb,5.023097991943359
minniefold,eif2b3-scenario4_0_unrelaxed_rank_005_alphafold2_multimer_v1_model_5_seed_001.pdb,5.932319164276123
minniefold,eif2b3-scenario4_0_unrelaxed_rank_006_alphafold2_multimer_v1_model_3_seed_003.pdb,5.932010173797607
minniefold,eif2b3-scenario4_0_unrelaxed_rank_007_alphafold2_multimer_v1_model_4_seed_003.pdb,5.253359794616699
minniefold,eif2b3-scenario4_0_unrelaxed_rank_008_alphafold2_multimer_v1_model_4_seed_001.pdb,5.3590474128723145
minniefold,eif2b3-scenario4_0_unrelaxed_rank_009_alphafold2_multimer_v1_model_5_seed_000.pdb,5.435253143310547
minniefold,eif2b3-scenario4_0_unrelaxed_rank_010_alphafold2_multimer_v1_model_2_seed_001.pdb,5.14090633392334
minniefold,eif2b3-scenario4_0_unrelaxed_rank_011_alphafold2_multimer_v1_model_3_seed_001.pdb,5.559691429138184
minniefold,eif2b3-scenario4_0_unrelaxed_rank_012_alphafold2_multimer_v1_model_1_seed_000.pdb,5.098233222961426
minniefold,eif2b3-scenario4_0_unrelaxed_rank_013_alphafold2_multimer_v1_model_5_seed_002.pdb,6.1822896003723145
minniefold,eif2b3-scenario4_0_unrelaxed_rank_014_alphafold2_multimer_v1_model_1_seed_002.pdb,5.25880765914917
minniefold,eif2b3-scenario4_0_unrelaxed_rank_015_alphafold2_multimer_v1_model_2_seed_000.pdb,5.541228294372559
minniefold,eif2b3-scenario4_0_unrelaxed_rank_016_alphafold2_multimer_v1_model_2_seed_002.pdb,6.028172969818115
minniefold,eif2b3-scenario4_0_unrelaxed_rank_017_alphafold2_multimer_v1_model_4_seed_002.pdb,5.705653190612793
minniefold,eif2b3-scenario4_0_unrelaxed_rank_018_alphafold2_multimer_v1_model_4_seed_000.pdb,5.32133674621582
minniefold,eif2b3-scenario4_0_unrelaxed_rank_019_alphafold2_multimer_v1_model_3_seed_002.pdb,6.252913951873779
minniefold,eif2b3-scenario4_0_unrelaxed_rank_020_alphafold2_multimer_v1_model_3_seed_000.pdb,6.131183624267578
minniefold,eif2b3-scenario5_0_unrelaxed_rank_001_alphafold2_multimer_v2_model_2_seed_000.pdb,5.272609710693359
minniefold,eif2b3-scenario5_0_unrelaxed_rank_002_alphafold2_multimer_v2_model_2_seed_003.pdb,5.1709184646606445
minniefold,eif2b3-scenario5_0_unrelaxed_rank_003_alphafold2_multimer_v2_model_2_seed_001.pdb,5.371889114379883
minniefold,eif2b3-scenario5_0_unrelaxed_rank_004_alphafold2_multimer_v2_model_5_seed_003.pdb,5.460480690002441
minniefold,eif2b3-scenario5_0_unrelaxed_rank_005_alphafold2_multimer_v2_model_2_seed_002.pdb,5.211345195770264
minniefold,eif2b3-scenario5_0_unrelaxed_rank_006_alphafold2_multimer_v2_model_3_seed_000.pdb,5.447141647338867
minniefold,eif2b3-scenario5_0_unrelaxed_rank_007_alphafold2_multimer_v2_model_5_seed_000.pdb,5.530831336975098
minniefold,eif2b3-scenario5_0_unrelaxed_rank_008_alphafold2_multimer_v2_model_1_seed_002.pdb,5.189546585083008
minniefold,eif2b3-scenario5_0_unrelaxed_rank_009_alphafold2_multimer_v2_model_1_seed_000.pdb,5.259025573730469
minniefold,eif2b3-scenario5_0_unrelaxed_rank_010_alphafold2_multimer_v2_model_3_seed_003.pdb,5.3860392570495605
minniefold,eif2b3-scenario5_0_unrelaxed_rank_011_alphafold2_multimer_v2_model_1_seed_003.pdb,5.278366088867188
minniefold,eif2b3-scenario5_0_unrelaxed_rank_012_alphafold2_multimer_v2_model_3_seed_002.pdb,5.225862503051758
minniefold,eif2b3-scenario5_0_unrelaxed_rank_013_alphafold2_multimer_v2_model_4_seed_002.pdb,5.234501838684082
minniefold,eif2b3-scenario5_0_unrelaxed_rank_014_alphafold2_multimer_v2_model_5_seed_002.pdb,5.392459869384766
minniefold,eif2b3-scenario5_0_unrelaxed_rank_015_alphafold2_multimer_v2_model_4_seed_003.pdb,5.280751705169678
minniefold,eif2b3-scenario5_0_unrelaxed_rank_016_alphafold2_multimer_v2_model_1_seed_001.pdb,5.4412102699279785
minniefold,eif2b3-scenario5_0_unrelaxed_rank_017_alphafold2_multimer_v2_model_4_seed_000.pdb,5.3337249755859375
minniefold,eif2b3-scenario5_0_unrelaxed_rank_018_alphafold2_multimer_v2_model_3_seed_001.pdb,5.400198936462402
minniefold,eif2b3-scenario5_0_unrelaxed_rank_019_alphafold2_multimer_v2_model_5_seed_001.pdb,5.704468250274658
minniefold,eif2b3-scenario5_0_unrelaxed_rank_020_alphafold2_multimer_v2_model_4_seed_001.pdb,5.331290721893311
minniefold,eif2b3-scenario6_0_unrelaxed_rank_001_alphafold2_multimer_v3_model_4_seed_000.pdb,5.3363542556762695
minniefold,eif2b3-scenario6_0_unrelaxed_rank_002_alphafold2_multimer_v3_model_3_seed_002.pdb,5.174059867858887
minniefold,eif2b3-scenario6_0_unrelaxed_rank_003_alphafold2_multimer_v3_model_3_seed_000.pdb,5.251079559326172
minniefold,eif2b3-scenario6_0_unrelaxed_rank_004_alphafold2_multimer_v3_model_5_seed_002.pdb,5.217392921447754
minniefold,eif2b3-scenario6_0_unrelaxed_rank_005_alphafold2_multimer_v3_model_4_seed_002.pdb,5.201017379760742
minniefold,eif2b3-scenario6_0_unrelaxed_rank_006_alphafold2_multimer_v3_model_3_seed_003.pdb,5.328502178192139
minniefold,eif2b3-scenario6_0_unrelaxed_rank_007_alphafold2_multimer_v3_model_2_seed_000.pdb,5.233066558837891
minniefold,eif2b3-scenario6_0_unrelaxed_rank_008_alphafold2_multimer_v3_model_5_seed_000.pdb,5.177743434906006
minniefold,eif2b3-scenario6_0_unrelaxed_rank_009_alphafold2_multimer_v3_model_3_seed_001.pdb,5.554214954376221
minniefold,eif2b3-scenario6_0_unrelaxed_rank_010_alphafold2_multimer_v3_model_4_seed_003.pdb,5.54718542098999
minniefold,eif2b3-scenario6_0_unrelaxed_rank_011_alphafold2_multimer_v3_model_2_seed_002.pdb,5.077795028686523
minniefold,eif2b3-scenario6_0_unrelaxed_rank_012_alphafold2_multimer_v3_model_1_seed_000.pdb,5.190488815307617
minniefold,eif2b3-scenario6_0_unrelaxed_rank_013_alphafold2_multimer_v3_model_1_seed_002.pdb,5.069581985473633
minniefold,eif2b3-scenario6_0_unrelaxed_rank_014_alphafold2_multimer_v3_model_1_seed_001.pdb,5.252691745758057
minniefold,eif2b3-scenario6_0_unrelaxed_rank_015_alphafold2_multimer_v3_model_1_seed_003.pdb,5.154264450073242
minniefold,eif2b3-scenario6_0_unrelaxed_rank_016_alphafold2_multimer_v3_model_4_seed_001.pdb,5.356770515441895
minniefold,eif2b3-scenario6_0_unrelaxed_rank_017_alphafold2_multimer_v3_model_2_seed_001.pdb,5.274768829345703
minniefold,eif2b3-scenario6_0_unrelaxed_rank_018_alphafold2_multimer_v3_model_2_seed_003.pdb,5.315051078796387
minniefold,eif2b3-scenario6_0_unrelaxed_rank_019_alphafold2_multimer_v3_model_5_seed_001.pdb,5.604437351226807
minniefold,eif2b3-scenario6_0_unrelaxed_rank_020_alphafold2_multimer_v3_model_5_seed_003.pdb,6.179121494293213
minniefold,eif2b3-scenario7_0_unrelaxed_rank_001_alphafold2_multimer_v1_model_5_seed_003.pdb,5.515563488006592
minniefold,eif2b3-scenario7_0_unrelaxed_rank_002_alphafold2_multimer_v1_model_1_seed_003.pdb,5.153055191040039
minniefold,eif2b3-scenario7_0_unrelaxed_rank_003_alphafold2_multimer_v1_model_1_seed_001.pdb,5.098504543304443
minniefold,eif2b3-scenario7_0_unrelaxed_rank_004_alphafold2_multimer_v1_model_5_seed_001.pdb,5.6118483543396
minniefold,eif2b3-scenario7_0_unrelaxed_rank_005_alphafold2_multimer_v1_model_3_seed_003.pdb,5.343354225158691
minniefold,eif2b3-scenario7_0_unrelaxed_rank_006_alphafold2_multimer_v1_model_5_seed_000.pdb,5.676301956176758
minniefold,eif2b3-scenario7_0_unrelaxed_rank_007_alphafold2_multimer_v1_model_2_seed_001.pdb,4.976504325866699
minniefold,eif2b3-scenario7_0_unrelaxed_rank_008_alphafold2_multimer_v1_model_4_seed_000.pdb,5.241784572601318
minniefold,eif2b3-scenario7_0_unrelaxed_rank_009_alphafold2_multimer_v1_model_2_seed_000.pdb,4.9833269119262695
minniefold,eif2b3-scenario7_0_unrelaxed_rank_010_alphafold2_multimer_v1_model_2_seed_003.pdb,5.250511646270752
minniefold,eif2b3-scenario7_0_unrelaxed_rank_011_alphafold2_multimer_v1_model_5_seed_002.pdb,5.35009765625
minniefold,eif2b3-scenario7_0_unrelaxed_rank_012_alphafold2_multimer_v1_model_2_seed_002.pdb,4.889487266540527
minniefold,eif2b3-scenario7_0_unrelaxed_rank_013_alphafold2_multimer_v1_model_4_seed_003.pdb,5.281710147857666
minniefold,eif2b3-scenario7_0_unrelaxed_rank_014_alphafold2_multimer_v1_model_4_seed_001.pdb,5.239506721496582
minniefold,eif2b3-scenario7_0_unrelaxed_rank_015_alphafold2_multimer_v1_model_1_seed_000.pdb,5.12039852142334
minniefold,eif2b3-scenario7_0_unrelaxed_rank_016_alphafold2_multimer_v1_model_1_seed_002.pdb,4.895155906677246
minniefold,eif2b3-scenario7_0_unrelaxed_rank_017_alphafold2_multimer_v1_model_3_seed_001.pdb,5.246026039123535
minniefold,eif2b3-scenario7_0_unrelaxed_rank_018_alphafold2_multimer_v1_model_4_seed_002.pdb,5.032768249511719
minniefold,eif2b3-scenario7_0_unrelaxed_rank_019_alphafold2_multimer_v1_model_3_seed_000.pdb,5.451077461242676
minniefold,eif2b3-scenario7_0_unrelaxed_rank_020_alphafold2_multimer_v1_model_3_seed_002.pdb,5.229276180267334
minniefold,eif2b3-scenario8_0_unrelaxed_rank_001_alphafold2_multimer_v1_model_1_seed_003.pdb,5.177306652069092
minniefold,eif2b3-scenario8_0_unrelaxed_rank_002_alphafold2_multimer_v1_model_3_seed_003.pdb,5.19212007522583
minniefold,eif2b3-scenario8_0_unrelaxed_rank_003_alphafold2_multimer_v1_model_5_seed_003.pdb,5.641104698181152
minniefold,eif2b3-scenario8_0_unrelaxed_rank_004_alphafold2_multimer_v1_model_2_seed_003.pdb,5.153758049011231
minniefold,eif2b3-scenario8_0_unrelaxed_rank_005_alphafold2_multimer_v1_model_5_seed_002.pdb,5.225805759429932
minniefold,eif2b3-scenario8_0_unrelaxed_rank_006_alphafold2_multimer_v1_model_1_seed_002.pdb,4.960761547088623
minniefold,eif2b3-scenario8_0_unrelaxed_rank_007_alphafold2_multimer_v1_model_4_seed_003.pdb,5.30049991607666
minniefold,eif2b3-scenario8_0_unrelaxed_rank_008_alphafold2_multimer_v1_model_5_seed_001.pdb,5.825473785400391
minniefold,eif2b3-scenario8_0_unrelaxed_rank_009_alphafold2_multimer_v1_model_1_seed_001.pdb,5.22026252746582
minniefold,eif2b3-scenario8_0_unrelaxed_rank_010_alphafold2_multimer_v1_model_2_seed_000.pdb,5.21760892868042
minniefold,eif2b3-scenario8_0_unrelaxed_rank_011_alphafold2_multimer_v1_model_4_seed_002.pdb,5.117382049560547
minniefold,eif2b3-scenario8_0_unrelaxed_rank_012_alphafold2_multimer_v1_model_2_seed_002.pdb,4.86057186126709
minniefold,eif2b3-scenario8_0_unrelaxed_rank_013_alphafold2_multimer_v1_model_2_seed_001.pdb,5.062452793121338
minniefold,eif2b3-scenario8_0_unrelaxed_rank_014_alphafold2_multimer_v1_model_5_seed_000.pdb,5.572911262512207
minniefold,eif2b3-scenario8_0_unrelaxed_rank_015_alphafold2_multimer_v1_model_4_seed_001.pdb,5.309613227844238
minniefold,eif2b3-scenario8_0_unrelaxed_rank_016_alphafold2_multimer_v1_model_3_seed_001.pdb,5.510955333709717
minniefold,eif2b3-scenario8_0_unrelaxed_rank_017_alphafold2_multimer_v1_model_1_seed_000.pdb,5.092899799346924
minniefold,eif2b3-scenario8_0_unrelaxed_rank_018_alphafold2_multimer_v1_model_4_seed_000.pdb,5.183074951171875
minniefold,eif2b3-scenario8_0_unrelaxed_rank_019_alphafold2_multimer_v1_model_3_seed_002.pdb,5.025583267211914
minniefold,eif2b3-scenario8_0_unrelaxed_rank_020_alphafold2_multimer_v1_model_3_seed_000.pdb,5.892204284667969
minniefold,eif2b3-scenario9_0_unrelaxed_rank_001_alphafold2_multimer_v2_model_2_seed_001.pdb,5.220773220062256
minniefold,eif2b3-scenario9_0_unrelaxed_rank_002_alphafold2_multimer_v2_model_2_seed_000.pdb,5.13427734375
minniefold,eif2b3-scenario9_0_unrelaxed_rank_003_alphafold2_multimer_v2_model_1_seed_000.pdb,5.209020137786865
minniefold,eif2b3-scenario9_0_unrelaxed_rank_004_alphafold2_multimer_v2_model_3_seed_001.pdb,5.331859588623047
minniefold,eif2b3-scenario9_0_unrelaxed_rank_005_alphafold2_multimer_v2_model_1_seed_001.pdb,5.331462383270264
minniefold,eif2b3-scenario9_0_unrelaxed_rank_006_alphafold2_multimer_v2_model_2_seed_003.pdb,5.21076250076294
minniefold,eif2b3-scenario9_0_unrelaxed_rank_007_alphafold2_multimer_v2_model_5_seed_000.pdb,5.286407947540283
minniefold,eif2b3-scenario9_0_unrelaxed_rank_008_alphafold2_multimer_v2_model_5_seed_001.pdb,5.522041320800781
minniefold,eif2b3-scenario9_0_unrelaxed_rank_009_alphafold2_multimer_v2_model_2_seed_002.pdb,5.214881896972656
minniefold,eif2b3-scenario9_0_unrelaxed_rank_010_alphafold2_multimer_v2_model_3_seed_000.pdb,5.2700371742248535
minniefold,eif2b3-scenario9_0_unrelaxed_rank_011_alphafold2_multimer_v2_model_1_seed_003.pdb,5.293909072875977
minniefold,eif2b3-scenario9_0_unrelaxed_rank_012_alphafold2_multimer_v2_model_4_seed_001.pdb,5.283472537994385
minniefold,eif2b3-scenario9_0_unrelaxed_rank_013_alphafold2_multimer_v2_model_3_seed_003.pdb,5.367715358734131
minniefold,eif2b3-scenario9_0_unrelaxed_rank_014_alphafold2_multimer_v2_model_1_seed_002.pdb,5.336802005767822
minniefold,eif2b3-scenario9_0_unrelaxed_rank_015_alphafold2_multimer_v2_model_5_seed_003.pdb,5.454757690429688
minniefold,eif2b3-scenario9_0_unrelaxed_rank_016_alphafold2_multimer_v2_model_3_seed_002.pdb,5.302864074707031
minniefold,eif2b3-scenario9_0_unrelaxed_rank_017_alphafold2_multimer_v2_model_4_seed_000.pdb,5.22467041015625
minniefold,eif2b3-scenario9_0_unrelaxed_rank_018_alphafold2_multimer_v2_model_5_seed_002.pdb,5.401763916015625
minniefold,eif2b3-scenario9_0_unrelaxed_rank_019_alphafold2_multimer_v2_model_4_seed_002.pdb,5.239607334136963
minniefold,eif2b3-scenario9_0_unrelaxed_rank_020_alphafold2_multimer_v2_model_4_seed_003.pdb,5.274414539337158
minniefold,eif2b3-scenario10_0_unrelaxed_rank_001_alphafold2_multimer_v2_model_2_seed_003.pdb,5.311371326446533
minniefold,eif2b3-scenario10_0_unrelaxed_rank_002_alphafold2_multimer_v2_model_1_seed_000.pdb,5.176324844360352
minniefold,eif2b3-scenario10_0_unrelaxed_rank_003_alphafold2_multimer_v2_model_2_seed_000.pdb,5.254075050354004
minniefold,eif2b3-scenario10_0_unrelaxed_rank_004_alphafold2_multimer_v2_model_3_seed_003.pdb,5.496424198150635
minniefold,eif2b3-scenario10_0_unrelaxed_rank_005_alphafold2_multimer_v2_model_2_seed_001.pdb,5.277857780456543
minniefold,eif2b3-scenario10_0_unrelaxed_rank_006_alphafold2_multimer_v2_model_1_seed_003.pdb,5.340604782104492
minniefold,eif2b3-scenario10_0_unrelaxed_rank_007_alphafold2_multimer_v2_model_2_seed_002.pdb,5.258049964904785
minniefold,eif2b3-scenario10_0_unrelaxed_rank_008_alphafold2_multimer_v2_model_3_seed_000.pdb,5.258898735046387
minniefold,eif2b3-scenario10_0_unrelaxed_rank_009_alphafold2_multimer_v2_model_3_seed_002.pdb,5.3599114418029785
minniefold,eif2b3-scenario10_0_unrelaxed_rank_010_alphafold2_multimer_v2_model_3_seed_001.pdb,5.389752864837647
minniefold,eif2b3-scenario10_0_unrelaxed_rank_011_alphafold2_multimer_v2_model_5_seed_000.pdb,5.354894638061523
minniefold,eif2b3-scenario10_0_unrelaxed_rank_012_alphafold2_multimer_v2_model_1_seed_001.pdb,5.278902053833008
minniefold,eif2b3-scenario10_0_unrelaxed_rank_013_alphafold2_multimer_v2_model_5_seed_003.pdb,5.494049072265625
minniefold,eif2b3-scenario10_0_unrelaxed_rank_014_alphafold2_multimer_v2_model_1_seed_002.pdb,5.322103500366211
minniefold,eif2b3-scenario10_0_unrelaxed_rank_015_alphafold2_multimer_v2_model_5_seed_001.pdb,5.366110801696777
minniefold,eif2b3-scenario10_0_unrelaxed_rank_016_alphafold2_multimer_v2_model_4_seed_000.pdb,5.188049793243408
minniefold,eif2b3-scenario10_0_unrelaxed_rank_017_alphafold2_multimer_v2_model_5_seed_002.pdb,5.45319414138794
minniefold,eif2b3-scenario10_0_unrelaxed_rank_018_alphafold2_multimer_v2_model_4_seed_003.pdb,5.34438419342041
minniefold,eif2b3-scenario10_0_unrelaxed_rank_019_alphafold2_multimer_v2_model_4_seed_001.pdb,5.2836012840271
minniefold,eif2b3-scenario10_0_unrelaxed_rank_020_alphafold2_multimer_v2_model_4_seed_002.pdb,5.298973083496094
minniefold,eif2b3-scenario11_0_unrelaxed_rank_001_alphafold2_multimer_v3_model_3_seed_001.pdb,5.270552158355713
minniefold,eif2b3-scenario11_0_unrelaxed_rank_002_alphafold2_multimer_v3_model_3_seed_000.pdb,5.254847526550293
minniefold,eif2b3-scenario11_0_unrelaxed_rank_003_alphafold2_multimer_v3_model_3_seed_002.pdb,5.22420597076416
minniefold,eif2b3-scenario11_0_unrelaxed_rank_004_alphafold2_multimer_v3_model_3_seed_003.pdb,5.23926305770874
minniefold,eif2b3-scenario11_0_unrelaxed_rank_005_alphafold2_multimer_v3_model_4_seed_001.pdb,5.184244155883789
minniefold,eif2b3-scenario11_0_unrelaxed_rank_006_alphafold2_multimer_v3_model_4_seed_003.pdb,5.215615749359131
minniefold,eif2b3-scenario11_0_unrelaxed_rank_007_alphafold2_multimer_v3_model_4_seed_002.pdb,5.385748386383057
minniefold,eif2b3-scenario11_0_unrelaxed_rank_008_alphafold2_multimer_v3_model_5_seed_003.pdb,5.202403545379639
minniefold,eif2b3-scenario11_0_unrelaxed_rank_009_alphafold2_multimer_v3_model_5_seed_002.pdb,5.209810256958008
minniefold,eif2b3-scenario11_0_unrelaxed_rank_010_alphafold2_multimer_v3_model_5_seed_001.pdb,5.179381370544434
minniefold,eif2b3-scenario11_0_unrelaxed_rank_011_alphafold2_multimer_v3_model_1_seed_001.pdb,5.222248554229736
minniefold,eif2b3-scenario11_0_unrelaxed_rank_012_alphafold2_multimer_v3_model_2_seed_003.pdb,5.119558334350586
minniefold,eif2b3-scenario11_0_unrelaxed_rank_013_alphafold2_multimer_v3_model_1_seed_000.pdb,5.100175380706787
minniefold,eif2b3-scenario11_0_unrelaxed_rank_014_alphafold2_multimer_v3_model_2_seed_002.pdb,5.097429275512695
minniefold,eif2b3-scenario11_0_unrelaxed_rank_015_alphafold2_multimer_v3_model_4_seed_000.pdb,5.219277858734131
minniefold,eif2b3-scenario11_0_unrelaxed_rank_016_alphafold2_multimer_v3_model_1_seed_002.pdb,5.201560974121094
minniefold,eif2b3-scenario11_0_unrelaxed_rank_017_alphafold2_multimer_v3_model_1_seed_003.pdb,5.279151916503906
minniefold,eif2b3-scenario11_0_unrelaxed_rank_018_alphafold2_multimer_v3_model_2_seed_001.pdb,5.172178268432617
minniefold,eif2b3-scenario11_0_unrelaxed_rank_019_alphafold2_multimer_v3_model_2_seed_000.pdb,5.114335536956787
minniefold,eif2b3-scenario11_0_unrelaxed_rank_020_alphafold2_multimer_v3_model_5_seed_000.pdb,5.686820983886719
minniefold,eif2b3-scenario12_0_unrelaxed_rank_001_alphafold2_multimer_v3_model_3_seed_002.pdb,5.342133045196533
minniefold,eif2b3-scenario12_0_unrelaxed_rank_002_alphafold2_multimer_v3_model_3_seed_000.pdb,5.1687331199646
minniefold,eif2b3-scenario12_0_unrelaxed_rank_003_alphafold2_multimer_v3_model_4_seed_000.pdb,5.223001480102539
minniefold,eif2b3-scenario12_0_unrelaxed_rank_004_alphafold2_multimer_v3_model_3_seed_003.pdb,5.42227029800415
minniefold,eif2b3-scenario12_0_unrelaxed_rank_005_alphafold2_multimer_v3_model_3_seed_001.pdb,5.1881208419799805
minniefold,eif2b3-scenario12_0_unrelaxed_rank_006_alphafold2_multimer_v3_model_4_seed_001.pdb,5.103176593780518
minniefold,eif2b3-scenario12_0_unrelaxed_rank_007_alphafold2_multimer_v3_model_5_seed_001.pdb,5.164947032928467
minniefold,eif2b3-scenario12_0_unrelaxed_rank_008_alphafold2_multimer_v3_model_5_seed_000.pdb,5.088389873504639
minniefold,eif2b3-scenario12_0_unrelaxed_rank_009_alphafold2_multimer_v3_model_4_seed_002.pdb,5.247332572937012
minniefold,eif2b3-scenario12_0_unrelaxed_rank_010_alphafold2_multimer_v3_model_1_seed_000.pdb,5.124825954437256
minniefold,eif2b3-scenario12_0_unrelaxed_rank_011_alphafold2_multimer_v3_model_5_seed_002.pdb,5.414122581481934
minniefold,eif2b3-scenario12_0_unrelaxed_rank_012_alphafold2_multimer_v3_model_1_seed_001.pdb,5.216567516326904
minniefold,eif2b3-scenario12_0_unrelaxed_rank_013_alphafold2_multimer_v3_model_4_seed_003.pdb,5.4674391746521
minniefold,eif2b3-scenario12_0_unrelaxed_rank_014_alphafold2_multimer_v3_model_1_seed_002.pdb,5.225250720977783
minniefold,eif2b3-scenario12_0_unrelaxed_rank_015_alphafold2_multimer_v3_model_2_seed_002.pdb,5.163053035736084
minniefold,eif2b3-scenario12_0_unrelaxed_rank_016_alphafold2_multimer_v3_model_2_seed_001.pdb,5.167147159576416
minniefold,eif2b3-scenario12_0_unrelaxed_rank_017_alphafold2_multimer_v3_model_2_seed_000.pdb,5.137034893035889
minniefold,eif2b3-scenario12_0_unrelaxed_rank_018_alphafold2_multimer_v3_model_1_seed_003.pdb,5.3883585929870605
minniefold,eif2b3-scenario12_0_unrelaxed_rank_019_alphafold2_multimer_v3_model_5_seed_003.pdb,5.925399303436279
minniefold,eif2b3-scenario12_0_unrelaxed_rank_020_alphafold2_multimer_v3_model_2_seed_003.pdb,5.557484149932861
minniefold,eif2b3-scenario13_0_unrelaxed_rank_001_alphafold2_multimer_v1_model_5_seed_001.pdb,5.517580032348633
minniefold,eif2b3-scenario13_0_unrelaxed_rank_002_alphafold2_multimer_v1_model_1_seed_001.pdb,5.112402439117432
minniefold,eif2b3-scenario13_0_unrelaxed_rank_003_alphafold2_multimer_v1_model_2_seed_001.pdb,5.013176441192627
minniefold,eif2b3-scenario13_0_unrelaxed_rank_004_alphafold2_multimer_v1_model_5_seed_000.pdb,5.742469787597656
minniefold,eif2b3-scenario13_0_unrelaxed_rank_005_alphafold2_multimer_v1_model_5_seed_003.pdb,5.460921287536621
minniefold,eif2b3-scenario13_0_unrelaxed_rank_006_alphafold2_multimer_v1_model_1_seed_003.pdb,5.172842025756836
minniefold,eif2b3-scenario13_0_unrelaxed_rank_007_alphafold2_multimer_v1_model_2_seed_000.pdb,5.050440311431885
minniefold,eif2b3-scenario13_0_unrelaxed_rank_008_alphafold2_multimer_v1_model_4_seed_003.pdb,5.399250507354736
minniefold,eif2b3-scenario13_0_unrelaxed_rank_009_alphafold2_multimer_v1_model_3_seed_003.pdb,5.48399019241333
minniefold,eif2b3-scenario13_0_unrelaxed_rank_010_alphafold2_multimer_v1_model_5_seed_002.pdb,5.37308931350708
minniefold,eif2b3-scenario13_0_unrelaxed_rank_011_alphafold2_multimer_v1_model_2_seed_002.pdb,4.950335502624512
minniefold,eif2b3-scenario13_0_unrelaxed_rank_012_alphafold2_multimer_v1_model_4_seed_001.pdb,5.305051803588867
minniefold,eif2b3-scenario13_0_unrelaxed_rank_013_alphafold2_multimer_v1_model_2_seed_003.pdb,5.281365394592285
minniefold,eif2b3-scenario13_0_unrelaxed_rank_014_alphafold2_multimer_v1_model_3_seed_001.pdb,5.2512617111206055
minniefold,eif2b3-scenario13_0_unrelaxed_rank_015_alphafold2_multimer_v1_model_4_seed_000.pdb,5.346429824829102
minniefold,eif2b3-scenario13_0_unrelaxed_rank_016_alphafold2_multimer_v1_model_4_seed_002.pdb,5.143745422363281
minniefold,eif2b3-scenario13_0_unrelaxed_rank_017_alphafold2_multimer_v1_model_1_seed_002.pdb,4.93279504776001
minniefold,eif2b3-scenario13_0_unrelaxed_rank_018_alphafold2_multimer_v1_model_1_seed_000.pdb,5.190732955932617
minniefold,eif2b3-scenario13_0_unrelaxed_rank_019_alphafold2_multimer_v1_model_3_seed_000.pdb,5.541132926940918
minniefold,eif2b3-scenario13_0_unrelaxed_rank_020_alphafold2_multimer_v1_model_3_seed_002.pdb,5.303544521331787
minniefold,eif2b3-scenario14_0_unrelaxed_rank_001_alphafold2_multimer_v1_model_1_seed_003.pdb,5.377730369567871
minniefold,eif2b3-scenario14_0_unrelaxed_rank_002_alphafold2_multimer_v1_model_5_seed_003.pdb,5.70836353302002
minniefold,eif2b3-scenario14_0_unrelaxed_rank_003_alphafold2_multimer_v1_model_3_seed_003.pdb,5.220916748046875
minniefold,eif2b3-scenario14_0_unrelaxed_rank_004_alphafold2_multimer_v1_model_4_seed_003.pdb,5.385266780853272
minniefold,eif2b3-scenario14_0_unrelaxed_rank_005_alphafold2_multimer_v1_model_5_seed_002.pdb,5.289174556732178
minniefold,eif2b3-scenario14_0_unrelaxed_rank_006_alphafold2_multimer_v1_model_5_seed_001.pdb,5.801612377166748
minniefold,eif2b3-scenario14_0_unrelaxed_rank_007_alphafold2_multimer_v1_model_2_seed_003.pdb,5.247915744781494
minniefold,eif2b3-scenario14_0_unrelaxed_rank_008_alphafold2_multimer_v1_model_1_seed_001.pdb,5.225995063781738
minniefold,eif2b3-scenario14_0_unrelaxed_rank_009_alphafold2_multimer_v1_model_1_seed_002.pdb,5.009277820587158
minniefold,eif2b3-scenario14_0_unrelaxed_rank_010_alphafold2_multimer_v1_model_2_seed_001.pdb,5.074307441711426
minniefold,eif2b3-scenario14_0_unrelaxed_rank_011_alphafold2_multimer_v1_model_4_seed_001.pdb,5.36566162109375
minniefold,eif2b3-scenario14_0_unrelaxed_rank_012_alphafold2_multimer_v1_model_2_seed_002.pdb,4.874648571014404
minniefold,eif2b3-scenario14_0_unrelaxed_rank_013_alphafold2_multimer_v1_model_3_seed_001.pdb,5.713875770568848
minniefold,eif2b3-scenario14_0_unrelaxed_rank_014_alphafold2_multimer_v1_model_4_seed_002.pdb,5.112856388092041
minniefold,eif2b3-scenario14_0_unrelaxed_rank_015_alphafold2_multimer_v1_model_2_seed_000.pdb,5.325449466705322
minniefold,eif2b3-scenario14_0_unrelaxed_rank_016_alphafold2_multimer_v1_model_5_seed_000.pdb,5.642708778381348
minniefold,eif2b3-scenario14_0_unrelaxed_rank_017_alphafold2_multimer_v1_model_3_seed_002.pdb,5.0512895584106445
minniefold,eif2b3-scenario14_0_unrelaxed_rank_018_alphafold2_multimer_v1_model_1_seed_000.pdb,5.191568851470947
minniefold,eif2b3-scenario14_0_unrelaxed_rank_019_alphafold2_multimer_v1_model_4_seed_000.pdb,5.322729587554932
minniefold,eif2b3-scenario14_0_unrelaxed_rank_020_alphafold2_multimer_v1_model_3_seed_000.pdb,6.068972110748291
minniefold,eif2b3-scenario15_0_unrelaxed_rank_001_alphafold2_multimer_v2_model_2_seed_001.pdb,5.221118927001953
minniefold,eif2b3-scenario15_0_unrelaxed_rank_002_alphafold2_multimer_v2_model_2_seed_000.pdb,5.128786563873291
minniefold,eif2b3-scenario15_0_unrelaxed_rank_003_alphafold2_multimer_v2_model_1_seed_001.pdb,5.343784332275391
minniefold,eif2b3-scenario15_0_unrelaxed_rank_004_alphafold2_multimer_v2_model_1_seed_000.pdb,5.201445579528809
minniefold,eif2b3-scenario15_0_unrelaxed_rank_005_alphafold2_multimer_v2_model_3_seed_001.pdb,5.3390655517578125
minniefold,eif2b3-scenario15_0_unrelaxed_rank_006_alphafold2_multimer_v2_model_2_seed_003.pdb,5.211001396179199
minniefold,eif2b3-scenario15_0_unrelaxed_rank_007_alphafold2_multimer_v2_model_3_seed_000.pdb,5.224701404571533
minniefold,eif2b3-scenario15_0_unrelaxed_rank_008_alphafold2_multimer_v2_model_5_seed_000.pdb,5.291947841644287
minniefold,eif2b3-scenario15_0_unrelaxed_rank_009_alphafold2_multimer_v2_model_5_seed_001.pdb,5.540214538574219
minniefold,eif2b3-scenario15_0_unrelaxed_rank_010_alphafold2_multimer_v2_model_1_seed_003.pdb,5.282740592956543
minniefold,eif2b3-scenario15_0_unrelaxed_rank_011_alphafold2_multimer_v2_model_2_seed_002.pdb,5.25364351272583
minniefold,eif2b3-scenario15_0_unrelaxed_rank_012_alphafold2_multimer_v2_model_1_seed_002.pdb,5.27837610244751
minniefold,eif2b3-scenario15_0_unrelaxed_rank_013_alphafold2_multimer_v2_model_4_seed_001.pdb,5.279078483581543
minniefold,eif2b3-scenario15_0_unrelaxed_rank_014_alphafold2_multimer_v2_model_3_seed_003.pdb,5.336912631988525
minniefold,eif2b3-scenario15_0_unrelaxed_rank_015_alphafold2_multimer_v2_model_5_seed_003.pdb,5.43710994720459
minniefold,eif2b3-scenario15_0_unrelaxed_rank_016_alphafold2_multimer_v2_model_3_seed_002.pdb,5.310205459594727
minniefold,eif2b3-scenario15_0_unrelaxed_rank_017_alphafold2_multimer_v2_model_4_seed_000.pdb,5.198903560638428
minniefold,eif2b3-scenario15_0_unrelaxed_rank_018_alphafold2_multimer_v2_model_5_seed_002.pdb,5.371682643890381
minniefold,eif2b3-scenario15_0_unrelaxed_rank_019_alphafold2_multimer_v2_model_4_seed_003.pdb,5.267139911651611
minniefold,eif2b3-scenario15_0_unrelaxed_rank_020_alphafold2_multimer_v2_model_4_seed_002.pdb,5.200000762939453
minniefold,eif2b3-scenario16_0_unrelaxed_rank_001_alphafold2_multimer_v2_model_1_seed_000.pdb,5.155339241027832
minniefold,eif2b3-scenario16_0_unrelaxed_rank_002_alphafold2_multimer_v2_model_2_seed_003.pdb,5.293255805969238
minniefold,eif2b3-scenario16_0_unrelaxed_rank_003_alphafold2_multimer_v2_model_1_seed_003.pdb,5.321896076202393
minniefold,eif2b3-scenario16_0_unrelaxed_rank_004_alphafold2_multimer_v2_model_2_seed_000.pdb,5.271603107452393
minniefold,eif2b3-scenario16_0_unrelaxed_rank_005_alphafold2_multimer_v2_model_2_seed_001.pdb,5.285712242126465
minniefold,eif2b3-scenario16_0_unrelaxed_rank_006_alphafold2_multimer_v2_model_3_seed_003.pdb,5.504421234130859
minniefold,eif2b3-scenario16_0_unrelaxed_rank_007_alphafold2_multimer_v2_model_2_seed_002.pdb,5.199805736541748
minniefold,eif2b3-scenario16_0_unrelaxed_rank_008_alphafold2_multimer_v2_model_3_seed_000.pdb,5.27719259262085
minniefold,eif2b3-scenario16_0_unrelaxed_rank_009_alphafold2_multimer_v2_model_3_seed_002.pdb,5.348759651184082
minniefold,eif2b3-scenario16_0_unrelaxed_rank_010_alphafold2_multimer_v2_model_1_seed_001.pdb,5.289031982421875
minniefold,eif2b3-scenario16_0_unrelaxed_rank_011_alphafold2_multimer_v2_model_1_seed_002.pdb,5.297203063964844
minniefold,eif2b3-scenario16_0_unrelaxed_rank_012_alphafold2_multimer_v2_model_3_seed_001.pdb,5.428024768829346
minniefold,eif2b3-scenario16_0_unrelaxed_rank_013_alphafold2_multimer_v2_model_5_seed_000.pdb,5.378185749053955
minniefold,eif2b3-scenario16_0_unrelaxed_rank_014_alphafold2_multimer_v2_model_5_seed_003.pdb,5.495732307434082
minniefold,eif2b3-scenario16_0_unrelaxed_rank_015_alphafold2_multimer_v2_model_5_seed_001.pdb,5.377073287963867
minniefold,eif2b3-scenario16_0_unrelaxed_rank_016_alphafold2_multimer_v2_model_4_seed_000.pdb,5.174118995666504
minniefold,eif2b3-scenario16_0_unrelaxed_rank_017_alphafold2_multimer_v2_model_5_seed_002.pdb,5.475857734680176
minniefold,eif2b3-scenario16_0_unrelaxed_rank_018_alphafold2_multimer_v2_model_4_seed_003.pdb,5.354103088378906
minniefold,eif2b3-scenario16_0_unrelaxed_rank_019_alphafold2_multimer_v2_model_4_seed_001.pdb,5.283179759979248
minniefold,eif2b3-scenario16_0_unrelaxed_rank_020_alphafold2_multimer_v2_model_4_seed_002.pdb,5.285482883453369
minniefold,eif2b3-scenario17_0_unrelaxed_rank_001_alphafold2_multimer_v3_model_3_seed_001.pdb,5.2528910636901855
minniefold,eif2b3-scenario17_0_unrelaxed_rank_002_alphafold2_multimer_v3_model_3_seed_002.pdb,5.190293788909912
minniefold,eif2b3-scenario17_0_unrelaxed_rank_003_alphafold2_multimer_v3_model_3_seed_000.pdb,5.186559200286865
minniefold,eif2b3-scenario17_0_unrelaxed_rank_004_alphafold2_multimer_v3_model_4_seed_002.pdb,5.397065162658691
minniefold,eif2b3-scenario17_0_unrelaxed_rank_005_alphafold2_multimer_v3_model_3_seed_003.pdb,5.178679466247559
minniefold,eif2b3-scenario17_0_unrelaxed_rank_006_alphafold2_multimer_v3_model_5_seed_001.pdb,5.229423999786377
minniefold,eif2b3-scenario17_0_unrelaxed_rank_007_alphafold2_multimer_v3_model_5_seed_002.pdb,5.246320724487305
minniefold,eif2b3-scenario17_0_unrelaxed_rank_008_alphafold2_multimer_v3_model_5_seed_003.pdb,5.229012489318848
minniefold,eif2b3-scenario17_0_unrelaxed_rank_009_alphafold2_multimer_v3_model_4_seed_003.pdb,5.168188571929932
minniefold,eif2b3-scenario17_0_unrelaxed_rank_010_alphafold2_multimer_v3_model_4_seed_001.pdb,5.269307613372803
minniefold,eif2b3-scenario17_0_unrelaxed_rank_011_alphafold2_multimer_v3_model_1_seed_001.pdb,5.238850116729736
minniefold,eif2b3-scenario17_0_unrelaxed_rank_012_alphafold2_multimer_v3_model_1_seed_002.pdb,5.191941261291504
minniefold,eif2b3-scenario17_0_unrelaxed_rank_013_alphafold2_multimer_v3_model_4_seed_000.pdb,5.2499284744262695
minniefold,eif2b3-scenario17_0_unrelaxed_rank_014_alphafold2_multimer_v3_model_2_seed_003.pdb,5.1721296310424805
minniefold,eif2b3-scenario17_0_unrelaxed_rank_015_alphafold2_multimer_v3_model_1_seed_000.pdb,5.040263175964356
minniefold,eif2b3-scenario17_0_unrelaxed_rank_016_alphafold2_multimer_v3_model_2_seed_002.pdb,5.081795692443848
minniefold,eif2b3-scenario17_0_unrelaxed_rank_017_alphafold2_multimer_v3_model_1_seed_003.pdb,5.259546756744385
minniefold,eif2b3-scenario17_0_unrelaxed_rank_018_alphafold2_multimer_v3_model_5_seed_000.pdb,5.415561199188232
minniefold,eif2b3-scenario17_0_unrelaxed_rank_019_alphafold2_multimer_v3_model_2_seed_001.pdb,5.227508544921875
minniefold,eif2b3-scenario17_0_unrelaxed_rank_020_alphafold2_multimer_v3_model_2_seed_000.pdb,5.151615142822266
minniefold,eif2b3-scenario18_0_unrelaxed_rank_001_alphafold2_multimer_v3_model_3_seed_002.pdb,5.369316577911377
minniefold,eif2b3-scenario18_0_unrelaxed_rank_002_alphafold2_multimer_v3_model_4_seed_001.pdb,5.129650592803955
minniefold,eif2b3-scenario18_0_unrelaxed_rank_003_alphafold2_multimer_v3_model_3_seed_000.pdb,5.140071392059326
minniefold,eif2b3-scenario18_0_unrelaxed_rank_004_alphafold2_multimer_v3_model_4_seed_002.pdb,5.298548698425293
minniefold,eif2b3-scenario18_0_unrelaxed_rank_005_alphafold2_multimer_v3_model_4_seed_000.pdb,5.240236282348633
minniefold,eif2b3-scenario18_0_unrelaxed_rank_006_alphafold2_multimer_v3_model_3_seed_001.pdb,5.181187629699707
minniefold,eif2b3-scenario18_0_unrelaxed_rank_007_alphafold2_multimer_v3_model_5_seed_001.pdb,5.210573673248291
minniefold,eif2b3-scenario18_0_unrelaxed_rank_008_alphafold2_multimer_v3_model_3_seed_003.pdb,5.515626430511475
minniefold,eif2b3-scenario18_0_unrelaxed_rank_009_alphafold2_multimer_v3_model_5_seed_000.pdb,5.080471038818359
minniefold,eif2b3-scenario18_0_unrelaxed_rank_010_alphafold2_multimer_v3_model_2_seed_000.pdb,5.154072284698486
minniefold,eif2b3-scenario18_0_unrelaxed_rank_011_alphafold2_multimer_v3_model_1_seed_000.pdb,5.066883087158203
minniefold,eif2b3-scenario18_0_unrelaxed_rank_012_alphafold2_multimer_v3_model_1_seed_002.pdb,5.136394500732422
minniefold,eif2b3-scenario18_0_unrelaxed_rank_013_alphafold2_multimer_v3_model_2_seed_001.pdb,5.184060096740723
minniefold,eif2b3-scenario18_0_unrelaxed_rank_014_alphafold2_multimer_v3_model_1_seed_001.pdb,5.240139961242676
minniefold,eif2b3-scenario18_0_unrelaxed_rank_015_alphafold2_multimer_v3_model_1_seed_003.pdb,5.352324485778809
minniefold,eif2b3-scenario18_0_unrelaxed_rank_016_alphafold2_multimer_v3_model_2_seed_002.pdb,5.165585517883301
minniefold,eif2b3-scenario18_0_unrelaxed_rank_017_alphafold2_multimer_v3_model_4_seed_003.pdb,5.5862016677856445
minniefold,eif2b3-scenario18_0_unrelaxed_rank_018_alphafold2_multimer_v3_model_5_seed_002.pdb,5.804632663726807
minniefold,eif2b3-scenario18_0_unrelaxed_rank_019_alphafold2_multimer_v3_model_5_seed_003.pdb,6.098459720611572
minniefold,eif2b3-scenario18_0_unrelaxed_rank_020_alphafold2_multimer_v3_model_2_seed_003.pdb,5.608805179595947
minniefold,eif2b3-scenario19_0_unrelaxed_rank_001_alphafold2_ptm_model_2_seed_002.pdb,5.83163595199585
minniefold,eif2b3-scenario19_0_unrelaxed_rank_002_alphafold2_ptm_model_2_seed_000.pdb,6.891813278198242
minniefold,eif2b3-scenario19_0_unrelaxed_rank_003_alphafold2_ptm_model_2_seed_003.pdb,8.177517890930176
minniefold,eif2b3-scenario19_0_unrelaxed_rank_004_alphafold2_ptm_model_2_seed_001.pdb,7.5899658203125
minniefold,eif2b3-scenario19_0_unrelaxed_rank_005_alphafold2_ptm_model_4_seed_003.pdb,8.364002227783203
minniefold,eif2b3-scenario19_0_unrelaxed_rank_006_alphafold2_ptm_model_1_seed_002.pdb,6.198699951171875
minniefold,eif2b3-scenario19_0_unrelaxed_rank_007_alphafold2_ptm_model_1_seed_000.pdb,6.60392427444458
minniefold,eif2b3-scenario19_0_unrelaxed_rank_008_alphafold2_ptm_model_1_seed_003.pdb,8.36032485961914
minniefold,eif2b3-scenario19_0_unrelaxed_rank_009_alphafold2_ptm_model_1_seed_001.pdb,7.023899078369141
minniefold,eif2b3-scenario19_0_unrelaxed_rank_010_alphafold2_ptm_model_3_seed_002.pdb,6.8965349197387695
minniefold,eif2b3-scenario19_0_unrelaxed_rank_011_alphafold2_ptm_model_3_seed_000.pdb,7.721800327301025
minniefold,eif2b3-scenario19_0_unrelaxed_rank_012_alphafold2_ptm_model_4_seed_000.pdb,8.223798751831055
minniefold,eif2b3-scenario19_0_unrelaxed_rank_013_alphafold2_ptm_model_4_seed_002.pdb,6.993674755096436
minniefold,eif2b3-scenario19_0_unrelaxed_rank_014_alphafold2_ptm_model_3_seed_003.pdb,7.990464687347412
minniefold,eif2b3-scenario19_0_unrelaxed_rank_015_alphafold2_ptm_model_5_seed_002.pdb,6.672902584075928
minniefold,eif2b3-scenario19_0_unrelaxed_rank_016_alphafold2_ptm_model_3_seed_001.pdb,6.213987827301025
minniefold,eif2b3-scenario19_0_unrelaxed_rank_017_alphafold2_ptm_model_5_seed_003.pdb,6.521088123321533
minniefold,eif2b3-scenario19_0_unrelaxed_rank_018_alphafold2_ptm_model_5_seed_001.pdb,5.4932475090026855
minniefold,eif2b3-scenario19_0_unrelaxed_rank_019_alphafold2_ptm_model_5_seed_000.pdb,5.582361698150635
minniefold,eif2b3-scenario19_0_unrelaxed_rank_020_alphafold2_ptm_model_4_seed_001.pdb,6.684260368347168
minniefold,eif2b3-scenario20_0_unrelaxed_rank_001_alphafold2_ptm_model_2_seed_003.pdb,8.028739929199219
minniefold,eif2b3-scenario20_0_unrelaxed_rank_002_alphafold2_ptm_model_2_seed_002.pdb,6.08597469329834
minniefold,eif2b3-scenario20_0_unrelaxed_rank_003_alphafold2_ptm_model_2_seed_000.pdb,6.67002534866333
minniefold,eif2b3-scenario20_0_unrelaxed_rank_004_alphafold2_ptm_model_2_seed_001.pdb,8.165176391601562
minniefold,eif2b3-scenario20_0_unrelaxed_rank_005_alphafold2_ptm_model_4_seed_003.pdb,8.231880187988281
minniefold,eif2b3-scenario20_0_unrelaxed_rank_006_alphafold2_ptm_model_1_seed_000.pdb,6.514991760253906
minniefold,eif2b3-scenario20_0_unrelaxed_rank_007_alphafold2_ptm_model_3_seed_001.pdb,6.239262580871582
minniefold,eif2b3-scenario20_0_unrelaxed_rank_008_alphafold2_ptm_model_3_seed_003.pdb,8.138090133666992
minniefold,eif2b3-scenario20_0_unrelaxed_rank_009_alphafold2_ptm_model_1_seed_003.pdb,8.403773307800293
minniefold,eif2b3-scenario20_0_unrelaxed_rank_010_alphafold2_ptm_model_4_seed_000.pdb,7.20401668548584
minniefold,eif2b3-scenario20_0_unrelaxed_rank_011_alphafold2_ptm_model_1_seed_002.pdb,7.129056930541992
minniefold,eif2b3-scenario20_0_unrelaxed_rank_012_alphafold2_ptm_model_3_seed_002.pdb,7.439023017883301
minniefold,eif2b3-scenario20_0_unrelaxed_rank_013_alphafold2_ptm_model_4_seed_002.pdb,8.894293785095215
minniefold,eif2b3-scenario20_0_unrelaxed_rank_014_alphafold2_ptm_model_4_seed_001.pdb,7.864336490631103
minniefold,eif2b3-scenario20_0_unrelaxed_rank_015_alphafold2_ptm_model_5_seed_003.pdb,6.608046531677246
minniefold,eif2b3-scenario20_0_unrelaxed_rank_016_alphafold2_ptm_model_1_seed_001.pdb,7.527835845947266
minniefold,eif2b3-scenario20_0_unrelaxed_rank_017_alphafold2_ptm_model_3_seed_000.pdb,7.543857574462891
minniefold,eif2b3-scenario20_0_unrelaxed_rank_018_alphafold2_ptm_model_5_seed_002.pdb,6.599659442901611
minniefold,eif2b3-scenario20_0_unrelaxed_rank_019_alphafold2_ptm_model_5_seed_001.pdb,5.60104513168335
minniefold,eif2b3-scenario20_0_unrelaxed_rank_020_alphafold2_ptm_model_5_seed_000.pdb,5.544214725494385
minniefold,eif2b3-scenario21_0_unrelaxed_rank_001_alphafold2_ptm_model_2_seed_002.pdb,6.073132514953613
minniefold,eif2b3-scenario21_0_unrelaxed_rank_002_alphafold2_ptm_model_2_seed_000.pdb,7.429594039916992
minniefold,eif2b3-scenario21_0_unrelaxed_rank_003_alphafold2_ptm_model_2_seed_001.pdb,6.173052787780762
minniefold,eif2b3-scenario21_0_unrelaxed_rank_004_alphafold2_ptm_model_2_seed_003.pdb,6.235123157501221
minniefold,eif2b3-scenario21_0_unrelaxed_rank_005_alphafold2_ptm_model_1_seed_002.pdb,5.402069091796875
minniefold,eif2b3-scenario21_0_unrelaxed_rank_006_alphafold2_ptm_model_1_seed_000.pdb,6.196413516998291
minniefold,eif2b3-scenario21_0_unrelaxed_rank_007_alphafold2_ptm_model_1_seed_003.pdb,5.627500534057617
minniefold,eif2b3-scenario21_0_unrelaxed_rank_008_alphafold2_ptm_model_5_seed_003.pdb,5.119734287261963
minniefold,eif2b3-scenario21_0_unrelaxed_rank_009_alphafold2_ptm_model_4_seed_003.pdb,7.481760025024414
minniefold,eif2b3-scenario21_0_unrelaxed_rank_010_alphafold2_ptm_model_1_seed_001.pdb,6.723695278167725
minniefold,eif2b3-scenario21_0_unrelaxed_rank_011_alphafold2_ptm_model_3_seed_003.pdb,5.848826885223389
minniefold,eif2b3-scenario21_0_unrelaxed_rank_012_alphafold2_ptm_model_3_seed_001.pdb,8.136098861694336
minniefold,eif2b3-scenario21_0_unrelaxed_rank_013_alphafold2_ptm_model_3_seed_002.pdb,6.983401775360107
minniefold,eif2b3-scenario21_0_unrelaxed_rank_014_alphafold2_ptm_model_3_seed_000.pdb,6.552052021026611
minniefold,eif2b3-scenario21_0_unrelaxed_rank_015_alphafold2_ptm_model_4_seed_000.pdb,7.16788911819458
minniefold,eif2b3-scenario21_0_unrelaxed_rank_016_alphafold2_ptm_model_4_seed_002.pdb,8.03013801574707
minniefold,eif2b3-scenario21_0_unrelaxed_rank_017_alphafold2_ptm_model_4_seed_001.pdb,8.808152198791504
minniefold,eif2b3-scenario21_0_unrelaxed_rank_018_alphafold2_ptm_model_5_seed_000.pdb,5.459970951080322
minniefold,eif2b3-scenario21_0_unrelaxed_rank_019_alphafold2_ptm_model_5_seed_001.pdb,5.262799263000488
minniefold,eif2b3-scenario21_0_unrelaxed_rank_020_alphafold2_ptm_model_5_seed_002.pdb,5.217444896697998
minniefold,eif2b3-scenario22_0_unrelaxed_rank_001_alphafold2_ptm_model_2_seed_002.pdb,6.618476867675781
minniefold,eif2b3-scenario22_0_unrelaxed_rank_002_alphafold2_ptm_model_2_seed_001.pdb,6.905148983001709
minniefold,eif2b3-scenario22_0_unrelaxed_rank_003_alphafold2_ptm_model_2_seed_000.pdb,6.696890830993652
minniefold,eif2b3-scenario22_0_unrelaxed_rank_004_alphafold2_ptm_model_2_seed_003.pdb,8.172301292419434
minniefold,eif2b3-scenario22_0_unrelaxed_rank_005_alphafold2_ptm_model_1_seed_003.pdb,6.996981143951416
minniefold,eif2b3-scenario22_0_unrelaxed_rank_006_alphafold2_ptm_model_1_seed_001.pdb,6.081593990325928
minniefold,eif2b3-scenario22_0_unrelaxed_rank_007_alphafold2_ptm_model_3_seed_002.pdb,7.768819332122803
minniefold,eif2b3-scenario22_0_unrelaxed_rank_008_alphafold2_ptm_model_1_seed_002.pdb,5.84565019607544
minniefold,eif2b3-scenario22_0_unrelaxed_rank_009_alphafold2_ptm_model_1_seed_000.pdb,5.955464839935303
minniefold,eif2b3-scenario22_0_unrelaxed_rank_010_alphafold2_ptm_model_4_seed_000.pdb,7.031986713409424
minniefold,eif2b3-scenario22_0_unrelaxed_rank_011_alphafold2_ptm_model_3_seed_000.pdb,6.4586920738220215
minniefold,eif2b3-scenario22_0_unrelaxed_rank_012_alphafold2_ptm_model_4_seed_002.pdb,8.511662483215332
minniefold,eif2b3-scenario22_0_unrelaxed_rank_013_alphafold2_ptm_model_3_seed_001.pdb,8.906634330749512
minniefold,eif2b3-scenario22_0_unrelaxed_rank_014_alphafold2_ptm_model_5_seed_002.pdb,5.325334548950195
minniefold,eif2b3-scenario22_0_unrelaxed_rank_015_alphafold2_ptm_model_3_seed_003.pdb,8.681652069091797
minniefold,eif2b3-scenario22_0_unrelaxed_rank_016_alphafold2_ptm_model_5_seed_000.pdb,5.427714824676514
minniefold,eif2b3-scenario22_0_unrelaxed_rank_017_alphafold2_ptm_model_4_seed_003.pdb,9.095605850219728
minniefold,eif2b3-scenario22_0_unrelaxed_rank_018_alphafold2_ptm_model_4_seed_001.pdb,8.307957649230957
minniefold,eif2b3-scenario22_0_unrelaxed_rank_019_alphafold2_ptm_model_5_seed_001.pdb,5.164683818817139
minniefold,eif2b3-scenario22_0_unrelaxed_rank_020_alphafold2_ptm_model_5_seed_003.pdb,5.855282783508301
minniefold,eif2b3-scenario23_0_unrelaxed_rank_001_alphafold2_ptm_model_2_seed_002.pdb,6.804849147796631
minniefold,eif2b3-scenario23_0_unrelaxed_rank_002_alphafold2_ptm_model_2_seed_000.pdb,7.312118530273437
minniefold,eif2b3-scenario23_0_unrelaxed_rank_003_alphafold2_ptm_model_2_seed_003.pdb,7.224578857421875
minniefold,eif2b3-scenario23_0_unrelaxed_rank_004_alphafold2_ptm_model_2_seed_001.pdb,7.366103649139404
minniefold,eif2b3-scenario23_0_unrelaxed_rank_005_alphafold2_ptm_model_3_seed_000.pdb,6.22662353515625
minniefold,eif2b3-scenario23_0_unrelaxed_rank_006_alphafold2_ptm_model_3_seed_003.pdb,7.101443290710449
minniefold,eif2b3-scenario23_0_unrelaxed_rank_007_alphafold2_ptm_model_1_seed_002.pdb,5.737764358520508
minniefold,eif2b3-scenario23_0_unrelaxed_rank_008_alphafold2_ptm_model_4_seed_000.pdb,7.685459136962891
minniefold,eif2b3-scenario23_0_unrelaxed_rank_009_alphafold2_ptm_model_4_seed_003.pdb,8.464423179626465
minniefold,eif2b3-scenario23_0_unrelaxed_rank_010_alphafold2_ptm_model_1_seed_000.pdb,5.969529628753662
minniefold,eif2b3-scenario23_0_unrelaxed_rank_011_alphafold2_ptm_model_5_seed_003.pdb,5.180882453918457
minniefold,eif2b3-scenario23_0_unrelaxed_rank_012_alphafold2_ptm_model_3_seed_001.pdb,8.135454177856445
minniefold,eif2b3-scenario23_0_unrelaxed_rank_013_alphafold2_ptm_model_4_seed_001.pdb,7.74470043182373
minniefold,eif2b3-scenario23_0_unrelaxed_rank_014_alphafold2_ptm_model_3_seed_002.pdb,7.054020404815674
minniefold,eif2b3-scenario23_0_unrelaxed_rank_015_alphafold2_ptm_model_5_seed_001.pdb,5.574241161346436
minniefold,eif2b3-scenario23_0_unrelaxed_rank_016_alphafold2_ptm_model_1_seed_003.pdb,6.321038246154785
minniefold,eif2b3-scenario23_0_unrelaxed_rank_017_alphafold2_ptm_model_5_seed_000.pdb,5.60792350769043
minniefold,eif2b3-scenario23_0_unrelaxed_rank_018_alphafold2_ptm_model_4_seed_002.pdb,7.598865032196045
minniefold,eif2b3-scenario23_0_unrelaxed_rank_019_alphafold2_ptm_model_5_seed_002.pdb,5.186882972717285
minniefold,eif2b3-scenario23_0_unrelaxed_rank_020_alphafold2_ptm_model_1_seed_001.pdb,7.969009876251221
minniefold,eif2b3-scenario24_0_unrelaxed_rank_001_alphafold2_ptm_model_2_seed_003.pdb,8.204033851623535
minniefold,eif2b3-scenario24_0_unrelaxed_rank_002_alphafold2_ptm_model_2_seed_002.pdb,6.210128307342529
minniefold,eif2b3-scenario24_0_unrelaxed_rank_003_alphafold2_ptm_model_2_seed_000.pdb,7.830923080444336
minniefold,eif2b3-scenario24_0_unrelaxed_rank_004_alphafold2_ptm_model_2_seed_001.pdb,8.063579559326172
minniefold,eif2b3-scenario24_0_unrelaxed_rank_005_alphafold2_ptm_model_3_seed_002.pdb,5.646059989929199
minniefold,eif2b3-scenario24_0_unrelaxed_rank_006_alphafold2_ptm_model_3_seed_000.pdb,6.971003532409668
minniefold,eif2b3-scenario24_0_unrelaxed_rank_007_alphafold2_ptm_model_1_seed_002.pdb,5.523244380950928
minniefold,eif2b3-scenario24_0_unrelaxed_rank_008_alphafold2_ptm_model_4_seed_002.pdb,7.289725303649902
minniefold,eif2b3-scenario24_0_unrelaxed_rank_009_alphafold2_ptm_model_3_seed_001.pdb,8.62939167022705
minniefold,eif2b3-scenario24_0_unrelaxed_rank_010_alphafold2_ptm_model_4_seed_001.pdb,8.879179954528809
minniefold,eif2b3-scenario24_0_unrelaxed_rank_011_alphafold2_ptm_model_1_seed_001.pdb,7.29527473449707
minniefold,eif2b3-scenario24_0_unrelaxed_rank_012_alphafold2_ptm_model_1_seed_003.pdb,6.863715648651123
minniefold,eif2b3-scenario24_0_unrelaxed_rank_013_alphafold2_ptm_model_1_seed_000.pdb,6.690276145935059
minniefold,eif2b3-scenario24_0_unrelaxed_rank_014_alphafold2_ptm_model_3_seed_003.pdb,8.537813186645508
minniefold,eif2b3-scenario24_0_unrelaxed_rank_015_alphafold2_ptm_model_5_seed_000.pdb,5.6993584632873535
minniefold,eif2b3-scenario24_0_unrelaxed_rank_016_alphafold2_ptm_model_5_seed_002.pdb,5.075114727020264
minniefold,eif2b3-scenario24_0_unrelaxed_rank_017_alphafold2_ptm_model_4_seed_003.pdb,9.197260856628418
minniefold,eif2b3-scenario24_0_unrelaxed_rank_018_alphafold2_ptm_model_4_seed_000.pdb,7.843430519104004
minniefold,eif2b3-scenario24_0_unrelaxed_rank_019_alphafold2_ptm_model_5_seed_003.pdb,6.037088394165039
minniefold,eif2b3-scenario24_0_unrelaxed_rank_020_alphafold2_ptm_model_5_seed_001.pdb,5.538083553314209
