tool,PDB file,Distance
af3-multi,il1r1-multiseed_seed-0_sample-0_model.pdb,5.782703399658203
af3-multi,il1r1-multiseed_seed-0_sample-1_model.pdb,6.168945789337158
af3-multi,il1r1-multiseed_seed-0_sample-2_model.pdb,6.8833513259887695
af3-multi,il1r1-multiseed_seed-0_sample-3_model.pdb,6.170176982879639
af3-multi,il1r1-multiseed_seed-0_sample-4_model.pdb,5.929527282714844
af3-multi,il1r1-multiseed_seed-1_sample-0_model.pdb,7.042474746704102
af3-multi,il1r1-multiseed_seed-1_sample-1_model.pdb,6.068965911865234
af3-multi,il1r1-multiseed_seed-1_sample-2_model.pdb,6.351085662841797
af3-multi,il1r1-multiseed_seed-1_sample-3_model.pdb,5.781385898590088
af3-multi,il1r1-multiseed_seed-1_sample-4_model.pdb,6.671809673309326
af3-multi,il1r1-multiseed_seed-2_sample-0_model.pdb,6.009016513824463
af3-multi,il1r1-multiseed_seed-2_sample-1_model.pdb,6.211521625518799
af3-multi,il1r1-multiseed_seed-2_sample-2_model.pdb,6.420535087585449
af3-multi,il1r1-multiseed_seed-2_sample-3_model.pdb,6.470853328704834
af3-multi,il1r1-multiseed_seed-2_sample-4_model.pdb,6.317427158355713
af3-multi,il1r1-multiseed_seed-3_sample-0_model.pdb,6.402543067932129
af3-multi,il1r1-multiseed_seed-3_sample-1_model.pdb,6.112815856933594
af3-multi,il1r1-multiseed_seed-3_sample-2_model.pdb,6.086331367492676
af3-multi,il1r1-multiseed_seed-3_sample-3_model.pdb,6.849376201629639
af3-multi,il1r1-multiseed_seed-3_sample-4_model.pdb,6.327024936676025
af3-multi,il1r1-multiseed_seed-4_sample-0_model.pdb,6.352244853973389
af3-multi,il1r1-multiseed_seed-4_sample-1_model.pdb,6.522326946258545
af3-multi,il1r1-multiseed_seed-4_sample-2_model.pdb,6.543548583984375
af3-multi,il1r1-multiseed_seed-4_sample-3_model.pdb,5.58732795715332
af3-multi,il1r1-multiseed_seed-4_sample-4_model.pdb,5.928037166595459
af3-multi,il1r1-multiseed_seed-5_sample-0_model.pdb,6.047956943511963
af3-multi,il1r1-multiseed_seed-5_sample-1_model.pdb,5.967742443084717
af3-multi,il1r1-multiseed_seed-5_sample-2_model.pdb,5.909996032714844
af3-multi,il1r1-multiseed_seed-5_sample-3_model.pdb,6.368426322937012
af3-multi,il1r1-multiseed_seed-5_sample-4_model.pdb,6.601666927337647
af3-multi,il1r1-multiseed_seed-6_sample-0_model.pdb,6.428345680236816
af3-multi,il1r1-multiseed_seed-6_sample-1_model.pdb,6.82577657699585
af3-multi,il1r1-multiseed_seed-6_sample-2_model.pdb,6.303422451019287
af3-multi,il1r1-multiseed_seed-6_sample-3_model.pdb,6.324429512023926
af3-multi,il1r1-multiseed_seed-6_sample-4_model.pdb,6.096911907196045
af3-multi,il1r1-multiseed_seed-7_sample-0_model.pdb,6.141468524932861
af3-multi,il1r1-multiseed_seed-7_sample-1_model.pdb,6.095722675323486
af3-multi,il1r1-multiseed_seed-7_sample-2_model.pdb,6.154130458831787
af3-multi,il1r1-multiseed_seed-7_sample-3_model.pdb,5.962422847747803
af3-multi,il1r1-multiseed_seed-7_sample-4_model.pdb,6.433192729949951
af3-multi,il1r1-multiseed_seed-8_sample-0_model.pdb,6.072925567626953
af3-multi,il1r1-multiseed_seed-8_sample-1_model.pdb,6.441418170928955
af3-multi,il1r1-multiseed_seed-8_sample-2_model.pdb,6.230925559997559
af3-multi,il1r1-multiseed_seed-8_sample-3_model.pdb,5.929127216339111
af3-multi,il1r1-multiseed_seed-8_sample-4_model.pdb,6.369516372680664
af3-multi,il1r1-multiseed_seed-9_sample-0_model.pdb,6.071999549865723
af3-multi,il1r1-multiseed_seed-9_sample-1_model.pdb,6.138944625854492
af3-multi,il1r1-multiseed_seed-9_sample-2_model.pdb,6.270435333251953
af3-multi,il1r1-multiseed_seed-9_sample-3_model.pdb,6.60263204574585
af3-multi,il1r1-multiseed_seed-9_sample-4_model.pdb,5.943143367767334
af3-multi,il1r1-multiseed_seed-10_sample-0_model.pdb,6.09212064743042
af3-multi,il1r1-multiseed_seed-10_sample-1_model.pdb,6.151521682739258
af3-multi,il1r1-multiseed_seed-10_sample-2_model.pdb,6.9314961433410645
af3-multi,il1r1-multiseed_seed-10_sample-3_model.pdb,6.1274590492248535
af3-multi,il1r1-multiseed_seed-10_sample-4_model.pdb,6.155324459075928
af3-multi,il1r1-multiseed_seed-11_sample-0_model.pdb,6.42936897277832
af3-multi,il1r1-multiseed_seed-11_sample-1_model.pdb,6.704290866851807
af3-multi,il1r1-multiseed_seed-11_sample-2_model.pdb,5.146252632141113
af3-multi,il1r1-multiseed_seed-11_sample-3_model.pdb,5.772368907928467
af3-multi,il1r1-multiseed_seed-11_sample-4_model.pdb,6.126906394958496
af3-multi,il1r1-multiseed_seed-12_sample-0_model.pdb,6.170673847198486
af3-multi,il1r1-multiseed_seed-12_sample-1_model.pdb,6.2920660972595215
af3-multi,il1r1-multiseed_seed-12_sample-2_model.pdb,6.214202404022217
af3-multi,il1r1-multiseed_seed-12_sample-3_model.pdb,6.1609416007995605
af3-multi,il1r1-multiseed_seed-12_sample-4_model.pdb,5.793487071990967
af3-multi,il1r1-multiseed_seed-13_sample-0_model.pdb,6.551084041595459
af3-multi,il1r1-multiseed_seed-13_sample-1_model.pdb,6.4079670906066895
af3-multi,il1r1-multiseed_seed-13_sample-2_model.pdb,6.8828535079956055
af3-multi,il1r1-multiseed_seed-13_sample-3_model.pdb,6.369590759277344
af3-multi,il1r1-multiseed_seed-13_sample-4_model.pdb,6.442174911499023
af3-multi,il1r1-multiseed_seed-14_sample-0_model.pdb,6.294861793518066
af3-multi,il1r1-multiseed_seed-14_sample-1_model.pdb,7.228311061859131
af3-multi,il1r1-multiseed_seed-14_sample-2_model.pdb,5.682945728302002
af3-multi,il1r1-multiseed_seed-14_sample-3_model.pdb,6.252562046051025
af3-multi,il1r1-multiseed_seed-14_sample-4_model.pdb,6.217238426208496
af3-multi,il1r1-multiseed_seed-15_sample-0_model.pdb,6.258781433105469
af3-multi,il1r1-multiseed_seed-15_sample-1_model.pdb,6.078229427337647
af3-multi,il1r1-multiseed_seed-15_sample-2_model.pdb,5.818421363830566
af3-multi,il1r1-multiseed_seed-15_sample-3_model.pdb,6.225269794464111
af3-multi,il1r1-multiseed_seed-15_sample-4_model.pdb,6.510950088500977
af3-multi,il1r1-multiseed_seed-16_sample-0_model.pdb,5.920126914978027
af3-multi,il1r1-multiseed_seed-16_sample-1_model.pdb,6.990079879760742
af3-multi,il1r1-multiseed_seed-16_sample-2_model.pdb,6.575151920318604
af3-multi,il1r1-multiseed_seed-16_sample-3_model.pdb,6.80662727355957
af3-multi,il1r1-multiseed_seed-16_sample-4_model.pdb,5.974125862121582
af3-multi,il1r1-multiseed_seed-17_sample-0_model.pdb,6.466884613037109
af3-multi,il1r1-multiseed_seed-17_sample-1_model.pdb,6.670346736907959
af3-multi,il1r1-multiseed_seed-17_sample-2_model.pdb,6.462306499481201
af3-multi,il1r1-multiseed_seed-17_sample-3_model.pdb,6.32167911529541
af3-multi,il1r1-multiseed_seed-17_sample-4_model.pdb,6.623321056365967
af3-multi,il1r1-multiseed_seed-18_sample-0_model.pdb,6.694456100463867
af3-multi,il1r1-multiseed_seed-18_sample-1_model.pdb,6.257894992828369
af3-multi,il1r1-multiseed_seed-18_sample-2_model.pdb,6.462295055389404
af3-multi,il1r1-multiseed_seed-18_sample-3_model.pdb,6.0661702156066895
af3-multi,il1r1-multiseed_seed-18_sample-4_model.pdb,6.302586555480957
af3-multi,il1r1-multiseed_seed-19_sample-0_model.pdb,6.837878704071045
af3-multi,il1r1-multiseed_seed-19_sample-1_model.pdb,6.170299530029297
af3-multi,il1r1-multiseed_seed-19_sample-2_model.pdb,6.276747703552246
af3-multi,il1r1-multiseed_seed-19_sample-3_model.pdb,6.924261093139648
af3-multi,il1r1-multiseed_seed-19_sample-4_model.pdb,6.660762786865234
af3-multi,il1r1-multiseed_seed-20_sample-0_model.pdb,6.50381326675415
af3-multi,il1r1-multiseed_seed-20_sample-1_model.pdb,5.9564714431762695
af3-multi,il1r1-multiseed_seed-20_sample-2_model.pdb,6.367665767669678
af3-multi,il1r1-multiseed_seed-20_sample-3_model.pdb,6.022942066192627
af3-multi,il1r1-multiseed_seed-20_sample-4_model.pdb,6.583846092224121
af3-multi,il1r1-multiseed_seed-21_sample-0_model.pdb,6.427429676055908
af3-multi,il1r1-multiseed_seed-21_sample-1_model.pdb,7.23533821105957
af3-multi,il1r1-multiseed_seed-21_sample-2_model.pdb,6.809253215789795
af3-multi,il1r1-multiseed_seed-21_sample-3_model.pdb,6.468418598175049
af3-multi,il1r1-multiseed_seed-21_sample-4_model.pdb,6.712351322174072
af3-multi,il1r1-multiseed_seed-22_sample-0_model.pdb,6.048309803009033
af3-multi,il1r1-multiseed_seed-22_sample-1_model.pdb,6.834845542907715
af3-multi,il1r1-multiseed_seed-22_sample-2_model.pdb,6.381181240081787
af3-multi,il1r1-multiseed_seed-22_sample-3_model.pdb,6.509459972381592
af3-multi,il1r1-multiseed_seed-22_sample-4_model.pdb,6.735673904418945
af3-multi,il1r1-multiseed_seed-23_sample-0_model.pdb,7.234024047851562
af3-multi,il1r1-multiseed_seed-23_sample-1_model.pdb,6.461623668670654
af3-multi,il1r1-multiseed_seed-23_sample-2_model.pdb,6.520462512969971
af3-multi,il1r1-multiseed_seed-23_sample-3_model.pdb,6.840084552764893
af3-multi,il1r1-multiseed_seed-23_sample-4_model.pdb,6.186319351196289
af3-multi,il1r1-multiseed_seed-24_sample-0_model.pdb,6.798820018768311
af3-multi,il1r1-multiseed_seed-24_sample-1_model.pdb,6.445130348205566
af3-multi,il1r1-multiseed_seed-24_sample-2_model.pdb,6.804845333099365
af3-multi,il1r1-multiseed_seed-24_sample-3_model.pdb,6.487089157104492
af3-multi,il1r1-multiseed_seed-24_sample-4_model.pdb,6.891295909881592
af3-multi,il1r1-multiseed_seed-25_sample-0_model.pdb,5.924306392669678
af3-multi,il1r1-multiseed_seed-25_sample-1_model.pdb,5.877899169921875
af3-multi,il1r1-multiseed_seed-25_sample-2_model.pdb,6.431146621704102
af3-multi,il1r1-multiseed_seed-25_sample-3_model.pdb,6.329221725463867
af3-multi,il1r1-multiseed_seed-25_sample-4_model.pdb,6.406114101409912
af3-multi,il1r1-multiseed_seed-26_sample-0_model.pdb,6.38274621963501
af3-multi,il1r1-multiseed_seed-26_sample-1_model.pdb,6.482274055480957
af3-multi,il1r1-multiseed_seed-26_sample-2_model.pdb,6.2409515380859375
af3-multi,il1r1-multiseed_seed-26_sample-3_model.pdb,6.456241130828857
af3-multi,il1r1-multiseed_seed-26_sample-4_model.pdb,6.568775653839111
af3-multi,il1r1-multiseed_seed-27_sample-0_model.pdb,6.129595756530762
af3-multi,il1r1-multiseed_seed-27_sample-1_model.pdb,6.264233112335205
af3-multi,il1r1-multiseed_seed-27_sample-2_model.pdb,6.63522481918335
af3-multi,il1r1-multiseed_seed-27_sample-3_model.pdb,6.76063346862793
af3-multi,il1r1-multiseed_seed-27_sample-4_model.pdb,6.260066509246826
af3-multi,il1r1-multiseed_seed-28_sample-0_model.pdb,6.0536417961120605
af3-multi,il1r1-multiseed_seed-28_sample-1_model.pdb,7.557194709777832
af3-multi,il1r1-multiseed_seed-28_sample-2_model.pdb,7.16717004776001
af3-multi,il1r1-multiseed_seed-28_sample-3_model.pdb,6.3308844566345215
af3-multi,il1r1-multiseed_seed-28_sample-4_model.pdb,5.941068649291992
af3-multi,il1r1-multiseed_seed-29_sample-0_model.pdb,6.733973979949951
af3-multi,il1r1-multiseed_seed-29_sample-1_model.pdb,6.069092273712158
af3-multi,il1r1-multiseed_seed-29_sample-2_model.pdb,6.209611415863037
af3-multi,il1r1-multiseed_seed-29_sample-3_model.pdb,6.34401273727417
af3-multi,il1r1-multiseed_seed-29_sample-4_model.pdb,6.167263984680176
af3-multi,il1r1-multiseed_seed-30_sample-0_model.pdb,5.901090145111084
af3-multi,il1r1-multiseed_seed-30_sample-1_model.pdb,6.490809917449951
af3-multi,il1r1-multiseed_seed-30_sample-2_model.pdb,6.765892505645752
af3-multi,il1r1-multiseed_seed-30_sample-3_model.pdb,6.496120452880859
af3-multi,il1r1-multiseed_seed-30_sample-4_model.pdb,6.118893146514893
af3-multi,il1r1-multiseed_seed-31_sample-0_model.pdb,6.447709083557129
af3-multi,il1r1-multiseed_seed-31_sample-1_model.pdb,6.451642990112305
af3-multi,il1r1-multiseed_seed-31_sample-2_model.pdb,6.305891990661621
af3-multi,il1r1-multiseed_seed-31_sample-3_model.pdb,5.570520401000977
af3-multi,il1r1-multiseed_seed-31_sample-4_model.pdb,6.486917018890381
af3-multi,il1r1-multiseed_seed-32_sample-0_model.pdb,6.839532375335693
af3-multi,il1r1-multiseed_seed-32_sample-1_model.pdb,6.382237911224365
af3-multi,il1r1-multiseed_seed-32_sample-2_model.pdb,6.454624176025391
af3-multi,il1r1-multiseed_seed-32_sample-3_model.pdb,6.5106401443481445
af3-multi,il1r1-multiseed_seed-32_sample-4_model.pdb,6.2284979820251465
af3-multi,il1r1-multiseed_seed-33_sample-0_model.pdb,6.405823707580566
af3-multi,il1r1-multiseed_seed-33_sample-1_model.pdb,6.650965690612793
af3-multi,il1r1-multiseed_seed-33_sample-2_model.pdb,6.506550312042236
af3-multi,il1r1-multiseed_seed-33_sample-3_model.pdb,6.509941101074219
af3-multi,il1r1-multiseed_seed-33_sample-4_model.pdb,6.618954181671143
af3-multi,il1r1-multiseed_seed-34_sample-0_model.pdb,6.49167013168335
af3-multi,il1r1-multiseed_seed-34_sample-1_model.pdb,5.750420093536377
af3-multi,il1r1-multiseed_seed-34_sample-2_model.pdb,6.478435039520264
af3-multi,il1r1-multiseed_seed-34_sample-3_model.pdb,6.655425548553467
af3-multi,il1r1-multiseed_seed-34_sample-4_model.pdb,6.442911624908447
af3-multi,il1r1-multiseed_seed-35_sample-0_model.pdb,6.491762638092041
af3-multi,il1r1-multiseed_seed-35_sample-1_model.pdb,6.366846561431885
af3-multi,il1r1-multiseed_seed-35_sample-2_model.pdb,6.418032646179199
af3-multi,il1r1-multiseed_seed-35_sample-3_model.pdb,6.24408769607544
af3-multi,il1r1-multiseed_seed-35_sample-4_model.pdb,4.964956283569336
af3-multi,il1r1-multiseed_seed-36_sample-0_model.pdb,6.336246013641357
af3-multi,il1r1-multiseed_seed-36_sample-1_model.pdb,6.707655906677246
af3-multi,il1r1-multiseed_seed-36_sample-2_model.pdb,6.181818008422852
af3-multi,il1r1-multiseed_seed-36_sample-3_model.pdb,5.982301235198975
af3-multi,il1r1-multiseed_seed-36_sample-4_model.pdb,6.593907833099365
af3-multi,il1r1-multiseed_seed-37_sample-0_model.pdb,6.429345607757568
af3-multi,il1r1-multiseed_seed-37_sample-1_model.pdb,6.411098480224609
af3-multi,il1r1-multiseed_seed-37_sample-2_model.pdb,6.99355936050415
af3-multi,il1r1-multiseed_seed-37_sample-3_model.pdb,6.44066858291626
af3-multi,il1r1-multiseed_seed-37_sample-4_model.pdb,6.14655065536499
af3-multi,il1r1-multiseed_seed-38_sample-0_model.pdb,6.600543022155762
af3-multi,il1r1-multiseed_seed-38_sample-1_model.pdb,6.734292984008789
af3-multi,il1r1-multiseed_seed-38_sample-2_model.pdb,6.32411003112793
af3-multi,il1r1-multiseed_seed-38_sample-3_model.pdb,6.383931636810303
af3-multi,il1r1-multiseed_seed-38_sample-4_model.pdb,6.300756454467773
af3-multi,il1r1-multiseed_seed-39_sample-0_model.pdb,6.577211856842041
af3-multi,il1r1-multiseed_seed-39_sample-1_model.pdb,6.341862678527832
af3-multi,il1r1-multiseed_seed-39_sample-2_model.pdb,6.364092350006104
af3-multi,il1r1-multiseed_seed-39_sample-3_model.pdb,6.947817325592041
af3-multi,il1r1-multiseed_seed-39_sample-4_model.pdb,6.482202053070068
af3-multi,il1r1-multiseed_seed-40_sample-0_model.pdb,6.355703353881836
af3-multi,il1r1-multiseed_seed-40_sample-1_model.pdb,7.050473690032959
af3-multi,il1r1-multiseed_seed-40_sample-2_model.pdb,6.458277702331543
af3-multi,il1r1-multiseed_seed-40_sample-3_model.pdb,6.180277824401856
af3-multi,il1r1-multiseed_seed-40_sample-4_model.pdb,6.330743312835693
af3-multi,il1r1-multiseed_seed-41_sample-0_model.pdb,6.274918079376221
af3-multi,il1r1-multiseed_seed-41_sample-1_model.pdb,6.502181529998779
af3-multi,il1r1-multiseed_seed-41_sample-2_model.pdb,6.756881237030029
af3-multi,il1r1-multiseed_seed-41_sample-3_model.pdb,6.530490398406982
af3-multi,il1r1-multiseed_seed-41_sample-4_model.pdb,5.959561824798584
af3-multi,il1r1-multiseed_seed-42_sample-0_model.pdb,6.115644931793213
af3-multi,il1r1-multiseed_seed-42_sample-1_model.pdb,6.194707870483398
af3-multi,il1r1-multiseed_seed-42_sample-2_model.pdb,6.334600925445557
af3-multi,il1r1-multiseed_seed-42_sample-3_model.pdb,6.494660377502441
af3-multi,il1r1-multiseed_seed-42_sample-4_model.pdb,6.514124870300293
af3-multi,il1r1-multiseed_seed-43_sample-0_model.pdb,5.236917018890381
af3-multi,il1r1-multiseed_seed-43_sample-1_model.pdb,5.845986366271973
af3-multi,il1r1-multiseed_seed-43_sample-2_model.pdb,5.489549160003662
af3-multi,il1r1-multiseed_seed-43_sample-3_model.pdb,6.445169925689697
af3-multi,il1r1-multiseed_seed-43_sample-4_model.pdb,5.9850664138793945
af3-multi,il1r1-multiseed_seed-44_sample-0_model.pdb,5.997594833374023
af3-multi,il1r1-multiseed_seed-44_sample-1_model.pdb,6.420526027679443
af3-multi,il1r1-multiseed_seed-44_sample-2_model.pdb,6.328951835632324
af3-multi,il1r1-multiseed_seed-44_sample-3_model.pdb,6.515349864959717
af3-multi,il1r1-multiseed_seed-44_sample-4_model.pdb,6.3613128662109375
af3-multi,il1r1-multiseed_seed-45_sample-0_model.pdb,6.366376876831055
af3-multi,il1r1-multiseed_seed-45_sample-1_model.pdb,6.00533390045166
af3-multi,il1r1-multiseed_seed-45_sample-2_model.pdb,6.438464641571045
af3-multi,il1r1-multiseed_seed-45_sample-3_model.pdb,6.192428112030029
af3-multi,il1r1-multiseed_seed-45_sample-4_model.pdb,6.028872966766357
af3-multi,il1r1-multiseed_seed-46_sample-0_model.pdb,6.463407516479492
af3-multi,il1r1-multiseed_seed-46_sample-1_model.pdb,6.995503902435303
af3-multi,il1r1-multiseed_seed-46_sample-2_model.pdb,6.501240253448486
af3-multi,il1r1-multiseed_seed-46_sample-3_model.pdb,6.162124633789063
af3-multi,il1r1-multiseed_seed-46_sample-4_model.pdb,6.631169319152832
af3-multi,il1r1-multiseed_seed-47_sample-0_model.pdb,6.305984973907471
af3-multi,il1r1-multiseed_seed-47_sample-1_model.pdb,6.165734767913818
af3-multi,il1r1-multiseed_seed-47_sample-2_model.pdb,5.901947021484375
af3-multi,il1r1-multiseed_seed-47_sample-3_model.pdb,6.542334079742432
af3-multi,il1r1-multiseed_seed-47_sample-4_model.pdb,6.21392822265625
af3-multi,il1r1-multiseed_seed-48_sample-0_model.pdb,6.48451566696167
af3-multi,il1r1-multiseed_seed-48_sample-1_model.pdb,6.412685394287109
af3-multi,il1r1-multiseed_seed-48_sample-2_model.pdb,7.002128601074219
af3-multi,il1r1-multiseed_seed-48_sample-3_model.pdb,6.472864151000977
af3-multi,il1r1-multiseed_seed-48_sample-4_model.pdb,6.222263813018799
af3-multi,il1r1-multiseed_seed-49_sample-0_model.pdb,6.986515045166016
af3-multi,il1r1-multiseed_seed-49_sample-1_model.pdb,6.341909408569336
af3-multi,il1r1-multiseed_seed-49_sample-2_model.pdb,6.318352699279785
af3-multi,il1r1-multiseed_seed-49_sample-3_model.pdb,6.669921875
af3-multi,il1r1-multiseed_seed-49_sample-4_model.pdb,6.221914768218994
af3-multi,il1r1-multiseed_seed-50_sample-0_model.pdb,6.973092079162598
af3-multi,il1r1-multiseed_seed-50_sample-1_model.pdb,6.408480644226074
af3-multi,il1r1-multiseed_seed-50_sample-2_model.pdb,6.328763484954834
af3-multi,il1r1-multiseed_seed-50_sample-3_model.pdb,6.139091968536377
af3-multi,il1r1-multiseed_seed-50_sample-4_model.pdb,6.678925037384033
af3-multi,il1r1-multiseed_seed-51_sample-0_model.pdb,6.265254020690918
af3-multi,il1r1-multiseed_seed-51_sample-1_model.pdb,6.494581699371338
af3-multi,il1r1-multiseed_seed-51_sample-2_model.pdb,6.216458320617676
af3-multi,il1r1-multiseed_seed-51_sample-3_model.pdb,5.930696487426758
af3-multi,il1r1-multiseed_seed-51_sample-4_model.pdb,6.47715950012207
af3-multi,il1r1-multiseed_seed-52_sample-0_model.pdb,6.558526992797852
af3-multi,il1r1-multiseed_seed-52_sample-1_model.pdb,5.997241497039795
af3-multi,il1r1-multiseed_seed-52_sample-2_model.pdb,6.0551438331604
af3-multi,il1r1-multiseed_seed-52_sample-3_model.pdb,6.627530574798584
af3-multi,il1r1-multiseed_seed-52_sample-4_model.pdb,6.521060943603516
af3-multi,il1r1-multiseed_seed-53_sample-0_model.pdb,6.658576011657715
af3-multi,il1r1-multiseed_seed-53_sample-1_model.pdb,6.767480373382568
af3-multi,il1r1-multiseed_seed-53_sample-2_model.pdb,5.977101802825928
af3-multi,il1r1-multiseed_seed-53_sample-3_model.pdb,6.39700174331665
af3-multi,il1r1-multiseed_seed-53_sample-4_model.pdb,6.428337574005127
af3-multi,il1r1-multiseed_seed-54_sample-0_model.pdb,6.754868507385254
af3-multi,il1r1-multiseed_seed-54_sample-1_model.pdb,6.482942581176758
af3-multi,il1r1-multiseed_seed-54_sample-2_model.pdb,6.083086490631104
af3-multi,il1r1-multiseed_seed-54_sample-3_model.pdb,6.8325276374816895
af3-multi,il1r1-multiseed_seed-54_sample-4_model.pdb,5.237781524658203
af3-multi,il1r1-multiseed_seed-55_sample-0_model.pdb,6.7913031578063965
af3-multi,il1r1-multiseed_seed-55_sample-1_model.pdb,5.903131484985352
af3-multi,il1r1-multiseed_seed-55_sample-2_model.pdb,6.335850715637207
af3-multi,il1r1-multiseed_seed-55_sample-3_model.pdb,6.691193580627441
af3-multi,il1r1-multiseed_seed-55_sample-4_model.pdb,5.942162990570068
af3-multi,il1r1-multiseed_seed-56_sample-0_model.pdb,5.754490375518799
af3-multi,il1r1-multiseed_seed-56_sample-1_model.pdb,6.418772220611572
af3-multi,il1r1-multiseed_seed-56_sample-2_model.pdb,6.258652210235596
af3-multi,il1r1-multiseed_seed-56_sample-3_model.pdb,6.022942066192627
af3-multi,il1r1-multiseed_seed-56_sample-4_model.pdb,6.099221706390381
af3-multi,il1r1-multiseed_seed-57_sample-0_model.pdb,6.133365154266357
af3-multi,il1r1-multiseed_seed-57_sample-1_model.pdb,5.859504222869873
af3-multi,il1r1-multiseed_seed-57_sample-2_model.pdb,6.418063163757324
af3-multi,il1r1-multiseed_seed-57_sample-3_model.pdb,6.278977394104004
af3-multi,il1r1-multiseed_seed-57_sample-4_model.pdb,6.106389999389648
af3-multi,il1r1-multiseed_seed-58_sample-0_model.pdb,5.968981742858887
af3-multi,il1r1-multiseed_seed-58_sample-1_model.pdb,6.450901031494141
af3-multi,il1r1-multiseed_seed-58_sample-2_model.pdb,6.331515312194824
af3-multi,il1r1-multiseed_seed-58_sample-3_model.pdb,6.473165988922119
af3-multi,il1r1-multiseed_seed-58_sample-4_model.pdb,6.200650691986084
af3-multi,il1r1-multiseed_seed-59_sample-0_model.pdb,7.685027599334717
af3-multi,il1r1-multiseed_seed-59_sample-1_model.pdb,6.305996894836426
af3-multi,il1r1-multiseed_seed-59_sample-2_model.pdb,6.133779525756836
af3-multi,il1r1-multiseed_seed-59_sample-3_model.pdb,6.048217296600342
af3-multi,il1r1-multiseed_seed-59_sample-4_model.pdb,6.346446990966797
af3-multi,il1r1-multiseed_seed-60_sample-0_model.pdb,6.268222332000732
af3-multi,il1r1-multiseed_seed-60_sample-1_model.pdb,6.409884929656982
af3-multi,il1r1-multiseed_seed-60_sample-2_model.pdb,6.482004642486572
af3-multi,il1r1-multiseed_seed-60_sample-3_model.pdb,5.783190727233887
af3-multi,il1r1-multiseed_seed-60_sample-4_model.pdb,6.01378345489502
af3-multi,il1r1-multiseed_seed-61_sample-0_model.pdb,6.560213088989258
af3-multi,il1r1-multiseed_seed-61_sample-1_model.pdb,6.703207969665527
af3-multi,il1r1-multiseed_seed-61_sample-2_model.pdb,6.501657962799072
af3-multi,il1r1-multiseed_seed-61_sample-3_model.pdb,6.0890045166015625
af3-multi,il1r1-multiseed_seed-61_sample-4_model.pdb,6.221645355224609
af3-multi,il1r1-multiseed_seed-62_sample-0_model.pdb,6.532442092895508
af3-multi,il1r1-multiseed_seed-62_sample-1_model.pdb,5.8373308181762695
af3-multi,il1r1-multiseed_seed-62_sample-2_model.pdb,6.2533860206604
af3-multi,il1r1-multiseed_seed-62_sample-3_model.pdb,6.591111183166504
af3-multi,il1r1-multiseed_seed-62_sample-4_model.pdb,6.34958028793335
af3-multi,il1r1-multiseed_seed-63_sample-0_model.pdb,6.346428871154785
af3-multi,il1r1-multiseed_seed-63_sample-1_model.pdb,6.763935565948486
af3-multi,il1r1-multiseed_seed-63_sample-2_model.pdb,6.274684429168701
af3-multi,il1r1-multiseed_seed-63_sample-3_model.pdb,6.912952899932861
af3-multi,il1r1-multiseed_seed-63_sample-4_model.pdb,6.254003524780273
af3-multi,il1r1-multiseed_seed-64_sample-0_model.pdb,6.993436336517334
af3-multi,il1r1-multiseed_seed-64_sample-1_model.pdb,6.3357014656066895
af3-multi,il1r1-multiseed_seed-64_sample-2_model.pdb,6.464336395263672
af3-multi,il1r1-multiseed_seed-64_sample-3_model.pdb,6.273828983306885
af3-multi,il1r1-multiseed_seed-64_sample-4_model.pdb,5.98848295211792
af3-multi,il1r1-multiseed_seed-65_sample-0_model.pdb,6.548956394195557
af3-multi,il1r1-multiseed_seed-65_sample-1_model.pdb,6.817848205566406
af3-multi,il1r1-multiseed_seed-65_sample-2_model.pdb,5.935758113861084
af3-multi,il1r1-multiseed_seed-65_sample-3_model.pdb,6.686743259429932
af3-multi,il1r1-multiseed_seed-65_sample-4_model.pdb,6.214247703552246
af3-multi,il1r1-multiseed_seed-66_sample-0_model.pdb,5.792098522186279
af3-multi,il1r1-multiseed_seed-66_sample-1_model.pdb,6.265638828277588
af3-multi,il1r1-multiseed_seed-66_sample-2_model.pdb,6.076076030731201
af3-multi,il1r1-multiseed_seed-66_sample-3_model.pdb,6.74660062789917
af3-multi,il1r1-multiseed_seed-66_sample-4_model.pdb,6.012016296386719
af3-multi,il1r1-multiseed_seed-67_sample-0_model.pdb,6.330493450164795
af3-multi,il1r1-multiseed_seed-67_sample-1_model.pdb,5.795151710510254
af3-multi,il1r1-multiseed_seed-67_sample-2_model.pdb,6.892821311950684
af3-multi,il1r1-multiseed_seed-67_sample-3_model.pdb,6.646939277648926
af3-multi,il1r1-multiseed_seed-67_sample-4_model.pdb,6.0860371589660645
af3-multi,il1r1-multiseed_seed-68_sample-0_model.pdb,5.987347602844238
af3-multi,il1r1-multiseed_seed-68_sample-1_model.pdb,6.355372428894043
af3-multi,il1r1-multiseed_seed-68_sample-2_model.pdb,6.387296676635742
af3-multi,il1r1-multiseed_seed-68_sample-3_model.pdb,6.211638450622559
af3-multi,il1r1-multiseed_seed-68_sample-4_model.pdb,6.033850193023682
af3-multi,il1r1-multiseed_seed-69_sample-0_model.pdb,6.060351371765137
af3-multi,il1r1-multiseed_seed-69_sample-1_model.pdb,5.99150276184082
af3-multi,il1r1-multiseed_seed-69_sample-2_model.pdb,6.0369648933410645
af3-multi,il1r1-multiseed_seed-69_sample-3_model.pdb,6.946000099182129
af3-multi,il1r1-multiseed_seed-69_sample-4_model.pdb,6.275138854980469
af3-multi,il1r1-multiseed_seed-70_sample-0_model.pdb,6.355148792266846
af3-multi,il1r1-multiseed_seed-70_sample-1_model.pdb,5.457077503204346
af3-multi,il1r1-multiseed_seed-70_sample-2_model.pdb,6.238453388214111
af3-multi,il1r1-multiseed_seed-70_sample-3_model.pdb,6.78575611114502
af3-multi,il1r1-multiseed_seed-70_sample-4_model.pdb,6.263340950012207
af3-multi,il1r1-multiseed_seed-71_sample-0_model.pdb,6.659936428070068
af3-multi,il1r1-multiseed_seed-71_sample-1_model.pdb,5.8388848304748535
af3-multi,il1r1-multiseed_seed-71_sample-2_model.pdb,6.934483051300049
af3-multi,il1r1-multiseed_seed-71_sample-3_model.pdb,6.825053691864014
af3-multi,il1r1-multiseed_seed-71_sample-4_model.pdb,6.50531530380249
af3-multi,il1r1-multiseed_seed-72_sample-0_model.pdb,6.261904239654541
af3-multi,il1r1-multiseed_seed-72_sample-1_model.pdb,6.607357025146484
af3-multi,il1r1-multiseed_seed-72_sample-2_model.pdb,6.577527046203613
af3-multi,il1r1-multiseed_seed-72_sample-3_model.pdb,6.56777286529541
af3-multi,il1r1-multiseed_seed-72_sample-4_model.pdb,6.732349872589111
af3-multi,il1r1-multiseed_seed-73_sample-0_model.pdb,6.758126258850098
af3-multi,il1r1-multiseed_seed-73_sample-1_model.pdb,5.866952419281006
af3-multi,il1r1-multiseed_seed-73_sample-2_model.pdb,6.445762634277344
af3-multi,il1r1-multiseed_seed-73_sample-3_model.pdb,6.371316909790039
af3-multi,il1r1-multiseed_seed-73_sample-4_model.pdb,6.523278713226318
af3-multi,il1r1-multiseed_seed-74_sample-0_model.pdb,6.44527006149292
af3-multi,il1r1-multiseed_seed-74_sample-1_model.pdb,6.183917999267578
af3-multi,il1r1-multiseed_seed-74_sample-2_model.pdb,6.385178089141846
af3-multi,il1r1-multiseed_seed-74_sample-3_model.pdb,6.931548118591309
af3-multi,il1r1-multiseed_seed-74_sample-4_model.pdb,6.329657077789307
af3-multi,il1r1-multiseed_seed-75_sample-0_model.pdb,6.711958885192871
af3-multi,il1r1-multiseed_seed-75_sample-1_model.pdb,5.5998311042785645
af3-multi,il1r1-multiseed_seed-75_sample-2_model.pdb,6.521392822265625
af3-multi,il1r1-multiseed_seed-75_sample-3_model.pdb,6.553176403045654
af3-multi,il1r1-multiseed_seed-75_sample-4_model.pdb,6.401278495788574
af3-multi,il1r1-multiseed_seed-76_sample-0_model.pdb,6.047482490539551
af3-multi,il1r1-multiseed_seed-76_sample-1_model.pdb,6.305356979370117
af3-multi,il1r1-multiseed_seed-76_sample-2_model.pdb,6.508475303649902
af3-multi,il1r1-multiseed_seed-76_sample-3_model.pdb,6.246503829956055
af3-multi,il1r1-multiseed_seed-76_sample-4_model.pdb,6.705488681793213
af3-multi,il1r1-multiseed_seed-77_sample-0_model.pdb,6.1743268966674805
af3-multi,il1r1-multiseed_seed-77_sample-1_model.pdb,5.390533924102783
af3-multi,il1r1-multiseed_seed-77_sample-2_model.pdb,6.204751968383789
af3-multi,il1r1-multiseed_seed-77_sample-3_model.pdb,6.241164207458496
af3-multi,il1r1-multiseed_seed-77_sample-4_model.pdb,6.802773952484131
af3-multi,il1r1-multiseed_seed-78_sample-0_model.pdb,6.395807266235352
af3-multi,il1r1-multiseed_seed-78_sample-1_model.pdb,5.861724376678467
af3-multi,il1r1-multiseed_seed-78_sample-2_model.pdb,6.755107879638672
af3-multi,il1r1-multiseed_seed-78_sample-3_model.pdb,6.488211631774902
af3-multi,il1r1-multiseed_seed-78_sample-4_model.pdb,6.426477432250977
af3-multi,il1r1-multiseed_seed-79_sample-0_model.pdb,6.268762588500977
af3-multi,il1r1-multiseed_seed-79_sample-1_model.pdb,6.500365734100342
af3-multi,il1r1-multiseed_seed-79_sample-2_model.pdb,6.405339241027832
af3-multi,il1r1-multiseed_seed-79_sample-3_model.pdb,6.242695331573486
af3-multi,il1r1-multiseed_seed-79_sample-4_model.pdb,6.2249627113342285
af3-multi,il1r1-multiseed_seed-80_sample-0_model.pdb,6.277787685394287
af3-multi,il1r1-multiseed_seed-80_sample-1_model.pdb,5.219911575317383
af3-multi,il1r1-multiseed_seed-80_sample-2_model.pdb,6.242249965667725
af3-multi,il1r1-multiseed_seed-80_sample-3_model.pdb,6.484045028686523
af3-multi,il1r1-multiseed_seed-80_sample-4_model.pdb,6.516943454742432
af3-multi,il1r1-multiseed_seed-81_sample-0_model.pdb,6.822996616363525
af3-multi,il1r1-multiseed_seed-81_sample-1_model.pdb,6.484630107879639
af3-multi,il1r1-multiseed_seed-81_sample-2_model.pdb,7.155521392822266
af3-multi,il1r1-multiseed_seed-81_sample-3_model.pdb,6.639537811279297
af3-multi,il1r1-multiseed_seed-81_sample-4_model.pdb,6.632170677185059
af3-multi,il1r1-multiseed_seed-82_sample-0_model.pdb,5.950841426849365
af3-multi,il1r1-multiseed_seed-82_sample-1_model.pdb,6.096128463745117
af3-multi,il1r1-multiseed_seed-82_sample-2_model.pdb,6.464898586273193
af3-multi,il1r1-multiseed_seed-82_sample-3_model.pdb,6.368025779724121
af3-multi,il1r1-multiseed_seed-82_sample-4_model.pdb,6.313807964324951
af3-multi,il1r1-multiseed_seed-83_sample-0_model.pdb,6.224930286407471
af3-multi,il1r1-multiseed_seed-83_sample-1_model.pdb,5.858895301818848
af3-multi,il1r1-multiseed_seed-83_sample-2_model.pdb,5.376763343811035
af3-multi,il1r1-multiseed_seed-83_sample-3_model.pdb,5.741169452667236
af3-multi,il1r1-multiseed_seed-83_sample-4_model.pdb,6.328265190124512
af3-multi,il1r1-multiseed_seed-84_sample-0_model.pdb,5.627092361450195
af3-multi,il1r1-multiseed_seed-84_sample-1_model.pdb,6.510035037994385
af3-multi,il1r1-multiseed_seed-84_sample-2_model.pdb,6.1940789222717285
af3-multi,il1r1-multiseed_seed-84_sample-3_model.pdb,6.033927440643311
af3-multi,il1r1-multiseed_seed-84_sample-4_model.pdb,6.006851673126221
af3-multi,il1r1-multiseed_seed-85_sample-0_model.pdb,6.212738037109375
af3-multi,il1r1-multiseed_seed-85_sample-1_model.pdb,6.536777496337891
af3-multi,il1r1-multiseed_seed-85_sample-2_model.pdb,6.207740783691406
af3-multi,il1r1-multiseed_seed-85_sample-3_model.pdb,6.253654956817627
af3-multi,il1r1-multiseed_seed-85_sample-4_model.pdb,5.960433006286621
af3-multi,il1r1-multiseed_seed-86_sample-0_model.pdb,6.513552665710449
af3-multi,il1r1-multiseed_seed-86_sample-1_model.pdb,6.187854290008545
af3-multi,il1r1-multiseed_seed-86_sample-2_model.pdb,6.518095016479492
af3-multi,il1r1-multiseed_seed-86_sample-3_model.pdb,6.502852439880371
af3-multi,il1r1-multiseed_seed-86_sample-4_model.pdb,6.002378940582275
af3-multi,il1r1-multiseed_seed-87_sample-0_model.pdb,6.979742527008057
af3-multi,il1r1-multiseed_seed-87_sample-1_model.pdb,6.1602983474731445
af3-multi,il1r1-multiseed_seed-87_sample-2_model.pdb,5.973082542419434
af3-multi,il1r1-multiseed_seed-87_sample-3_model.pdb,6.82183313369751
af3-multi,il1r1-multiseed_seed-87_sample-4_model.pdb,6.463681697845459
af3-multi,il1r1-multiseed_seed-88_sample-0_model.pdb,6.459235668182373
af3-multi,il1r1-multiseed_seed-88_sample-1_model.pdb,6.196872711181641
af3-multi,il1r1-multiseed_seed-88_sample-2_model.pdb,6.8594183921813965
af3-multi,il1r1-multiseed_seed-88_sample-3_model.pdb,6.409618854522705
af3-multi,il1r1-multiseed_seed-88_sample-4_model.pdb,6.37519645690918
af3-multi,il1r1-multiseed_seed-89_sample-0_model.pdb,6.480085372924805
af3-multi,il1r1-multiseed_seed-89_sample-1_model.pdb,6.577275276184082
af3-multi,il1r1-multiseed_seed-89_sample-2_model.pdb,6.50343132019043
af3-multi,il1r1-multiseed_seed-89_sample-3_model.pdb,6.537008285522461
af3-multi,il1r1-multiseed_seed-89_sample-4_model.pdb,7.025468349456787
af3-multi,il1r1-multiseed_seed-90_sample-0_model.pdb,6.027105808258057
af3-multi,il1r1-multiseed_seed-90_sample-1_model.pdb,6.210795402526856
af3-multi,il1r1-multiseed_seed-90_sample-2_model.pdb,5.952900409698486
af3-multi,il1r1-multiseed_seed-90_sample-3_model.pdb,6.439338207244873
af3-multi,il1r1-multiseed_seed-90_sample-4_model.pdb,6.1002068519592285
af3-multi,il1r1-multiseed_seed-91_sample-0_model.pdb,7.103054523468018
af3-multi,il1r1-multiseed_seed-91_sample-1_model.pdb,6.095986843109131
af3-multi,il1r1-multiseed_seed-91_sample-2_model.pdb,6.0792412757873535
af3-multi,il1r1-multiseed_seed-91_sample-3_model.pdb,6.311849594116211
af3-multi,il1r1-multiseed_seed-91_sample-4_model.pdb,6.570353984832764
af3-multi,il1r1-multiseed_seed-92_sample-0_model.pdb,6.540698528289795
af3-multi,il1r1-multiseed_seed-92_sample-1_model.pdb,6.119688034057617
af3-multi,il1r1-multiseed_seed-92_sample-2_model.pdb,6.513920783996582
af3-multi,il1r1-multiseed_seed-92_sample-3_model.pdb,6.846151351928711
af3-multi,il1r1-multiseed_seed-92_sample-4_model.pdb,6.136429786682129
af3-multi,il1r1-multiseed_seed-93_sample-0_model.pdb,6.323808670043945
af3-multi,il1r1-multiseed_seed-93_sample-1_model.pdb,6.578320026397705
af3-multi,il1r1-multiseed_seed-93_sample-2_model.pdb,6.062206745147705
af3-multi,il1r1-multiseed_seed-93_sample-3_model.pdb,6.539670467376709
af3-multi,il1r1-multiseed_seed-93_sample-4_model.pdb,6.66837215423584
af3-multi,il1r1-multiseed_seed-94_sample-0_model.pdb,6.258605480194092
af3-multi,il1r1-multiseed_seed-94_sample-1_model.pdb,6.157574653625488
af3-multi,il1r1-multiseed_seed-94_sample-2_model.pdb,5.820710182189941
af3-multi,il1r1-multiseed_seed-94_sample-3_model.pdb,6.487387657165527
af3-multi,il1r1-multiseed_seed-94_sample-4_model.pdb,6.432405948638916
af3-multi,il1r1-multiseed_seed-95_sample-0_model.pdb,6.448634624481201
af3-multi,il1r1-multiseed_seed-95_sample-1_model.pdb,6.122650146484375
af3-multi,il1r1-multiseed_seed-95_sample-2_model.pdb,5.633967876434326
af3-multi,il1r1-multiseed_seed-95_sample-3_model.pdb,6.227645397186279
af3-multi,il1r1-multiseed_seed-95_sample-4_model.pdb,6.2354278564453125
af3-multi,il1r1-multiseed_seed-96_sample-0_model.pdb,5.918513774871826
af3-multi,il1r1-multiseed_seed-96_sample-1_model.pdb,5.819201946258545
af3-multi,il1r1-multiseed_seed-96_sample-2_model.pdb,6.572719573974609
af3-multi,il1r1-multiseed_seed-96_sample-3_model.pdb,6.181216239929199
af3-multi,il1r1-multiseed_seed-96_sample-4_model.pdb,6.051145553588867
af3-multi,il1r1-multiseed_seed-97_sample-0_model.pdb,6.745173454284668
af3-multi,il1r1-multiseed_seed-97_sample-1_model.pdb,6.539347171783447
af3-multi,il1r1-multiseed_seed-97_sample-2_model.pdb,6.483633995056152
af3-multi,il1r1-multiseed_seed-97_sample-3_model.pdb,6.704987525939941
af3-multi,il1r1-multiseed_seed-97_sample-4_model.pdb,5.94761848449707
af3-multi,il1r1-multiseed_seed-98_sample-0_model.pdb,5.822140693664551
af3-multi,il1r1-multiseed_seed-98_sample-1_model.pdb,6.020685195922852
af3-multi,il1r1-multiseed_seed-98_sample-2_model.pdb,6.232473373413086
af3-multi,il1r1-multiseed_seed-98_sample-3_model.pdb,6.18820333480835
af3-multi,il1r1-multiseed_seed-98_sample-4_model.pdb,6.560851097106934
af3-multi,il1r1-multiseed_seed-99_sample-0_model.pdb,6.769266128540039
af3-multi,il1r1-multiseed_seed-99_sample-1_model.pdb,6.5701003074646
af3-multi,il1r1-multiseed_seed-99_sample-2_model.pdb,6.754392147064209
af3-multi,il1r1-multiseed_seed-99_sample-3_model.pdb,6.305635929107666
af3-multi,il1r1-multiseed_seed-99_sample-4_model.pdb,6.3846940994262695
af3_cluster,il1r1_clustered_il1r1_000_seed-0_sample-0_model.pdb,4.73768424987793
af3_cluster,il1r1_clustered_il1r1_001_seed-0_sample-0_model.pdb,6.543334007263184
af3_cluster,il1r1_clustered_il1r1_002_seed-0_sample-0_model.pdb,6.670114517211914
af3_cluster,il1r1_clustered_il1r1_003_seed-0_sample-0_model.pdb,6.383729457855225
af3_cluster,il1r1_clustered_il1r1_004_seed-0_sample-0_model.pdb,8.817877769470215
af3_cluster,il1r1_clustered_il1r1_005_seed-0_sample-0_model.pdb,7.433504104614258
af3_cluster,il1r1_clustered_il1r1_006_seed-0_sample-0_model.pdb,6.309028148651123
af3_cluster,il1r1_clustered_il1r1_007_seed-0_sample-0_model.pdb,11.24881649017334
af3_cluster,il1r1_clustered_il1r1_008_seed-0_sample-0_model.pdb,7.144076824188232
af3_cluster,il1r1_clustered_il1r1_009_seed-0_sample-0_model.pdb,5.710124969482422
af3_cluster,il1r1_clustered_il1r1_010_seed-0_sample-0_model.pdb,8.241328239440918
af3_cluster,il1r1_clustered_il1r1_011_seed-0_sample-0_model.pdb,7.620848178863525
af3_cluster,il1r1_clustered_il1r1_012_seed-0_sample-0_model.pdb,6.001758575439453
af3_cluster,il1r1_clustered_il1r1_013_seed-0_sample-0_model.pdb,5.993118762969971
af3_cluster,il1r1_clustered_il1r1_014_seed-0_sample-0_model.pdb,7.80995512008667
af3_cluster,il1r1_clustered_il1r1_015_seed-0_sample-0_model.pdb,5.544703960418701
af3_cluster,il1r1_clustered_il1r1_016_seed-0_sample-0_model.pdb,7.408283233642578
af3_cluster,il1r1_clustered_il1r1_017_seed-0_sample-0_model.pdb,8.173216819763184
af3_cluster,il1r1_clustered_il1r1_018_seed-0_sample-0_model.pdb,6.498125553131104
af3_cluster,il1r1_clustered_il1r1_019_seed-0_sample-0_model.pdb,7.7308831214904785
af3_cluster,il1r1_clustered_il1r1_020_seed-0_sample-0_model.pdb,7.9413676261901855
af3_cluster,il1r1_clustered_il1r1_021_seed-0_sample-0_model.pdb,6.491264820098877
af3_cluster,il1r1_clustered_il1r1_022_seed-0_sample-0_model.pdb,4.972123146057129
af3_cluster,il1r1_clustered_il1r1_023_seed-0_sample-0_model.pdb,7.981575965881348
af3_cluster,il1r1_clustered_il1r1_024_seed-0_sample-0_model.pdb,6.488257884979248
af3_cluster,il1r1_clustered_il1r1_025_seed-0_sample-0_model.pdb,10.165639877319336
af3_cluster,il1r1_clustered_il1r1_026_seed-0_sample-0_model.pdb,8.964150428771973
af3_cluster,il1r1_clustered_il1r1_027_seed-0_sample-0_model.pdb,7.152608394622803
af3_cluster,il1r1_clustered_il1r1_028_seed-0_sample-0_model.pdb,7.386589050292969
af3_cluster,il1r1_clustered_il1r1_029_seed-0_sample-0_model.pdb,7.325848579406738
af3_cluster,il1r1_clustered_il1r1_030_seed-0_sample-0_model.pdb,10.348882675170898
af3_cluster,il1r1_clustered_il1r1_031_seed-0_sample-0_model.pdb,7.455023765563965
af3_cluster,il1r1_clustered_il1r1_032_seed-0_sample-0_model.pdb,8.37992000579834
af3_cluster,il1r1_clustered_il1r1_033_seed-0_sample-0_model.pdb,10.929926872253418
af3_cluster,il1r1_clustered_il1r1_034_seed-0_sample-0_model.pdb,7.118799686431885
af3_cluster,il1r1_clustered_il1r1_035_seed-0_sample-0_model.pdb,7.641290664672852
af3_cluster,il1r1_clustered_il1r1_036_seed-0_sample-0_model.pdb,9.867497444152832
af3_cluster,il1r1_clustered_il1r1_037_seed-0_sample-0_model.pdb,9.003076553344727
af3_cluster,il1r1_clustered_il1r1_038_seed-0_sample-0_model.pdb,7.077126502990723
af3_cluster,il1r1_clustered_il1r1_039_seed-0_sample-0_model.pdb,11.27467155456543
af3_cluster,il1r1_clustered_il1r1_040_seed-0_sample-0_model.pdb,8.447220802307129
af3_cluster,il1r1_clustered_il1r1_041_seed-0_sample-0_model.pdb,9.02151584625244
af3_cluster,il1r1_clustered_il1r1_042_seed-0_sample-0_model.pdb,10.02701187133789
af3_cluster,il1r1_clustered_il1r1_043_seed-0_sample-0_model.pdb,6.427924156188965
af3_cluster,il1r1_clustered_il1r1_044_seed-0_sample-0_model.pdb,8.905972480773926
af3_cluster,il1r1_clustered_il1r1_045_seed-0_sample-0_model.pdb,7.978774070739746
af3_cluster,il1r1_clustered_il1r1_046_seed-0_sample-0_model.pdb,7.78204870223999
af3_cluster,il1r1_clustered_il1r1_047_seed-0_sample-0_model.pdb,10.589985847473145
af3_cluster,il1r1_clustered_il1r1_048_seed-0_sample-0_model.pdb,8.955286026000977
af3_cluster,il1r1_clustered_il1r1_049_seed-0_sample-0_model.pdb,8.97696304321289
af3_cluster,il1r1_clustered_il1r1_050_seed-0_sample-0_model.pdb,11.631369590759276
af3_cluster,il1r1_clustered_il1r1_051_seed-0_sample-0_model.pdb,8.252652168273926
af3_cluster,il1r1_clustered_il1r1_052_seed-0_sample-0_model.pdb,6.58881950378418
af3_cluster,il1r1_clustered_il1r1_053_seed-0_sample-0_model.pdb,8.71761417388916
af3_cluster,il1r1_clustered_il1r1_054_seed-0_sample-0_model.pdb,10.035125732421877
af3_cluster,il1r1_clustered_il1r1_u10-000_seed-0_sample-0_model.pdb,5.630009174346924
af3_cluster,il1r1_clustered_il1r1_u10-001_seed-0_sample-0_model.pdb,5.616295337677002
af3_cluster,il1r1_clustered_il1r1_u10-002_seed-0_sample-0_model.pdb,7.791677951812744
af3_cluster,il1r1_clustered_il1r1_u10-003_seed-0_sample-0_model.pdb,4.32203483581543
af3_cluster,il1r1_clustered_il1r1_u10-004_seed-0_sample-0_model.pdb,5.628235340118408
af3_cluster,il1r1_clustered_il1r1_u10-005_seed-0_sample-0_model.pdb,6.210602760314941
af3_cluster,il1r1_clustered_il1r1_u10-006_seed-0_sample-0_model.pdb,6.483032703399658
af3_cluster,il1r1_clustered_il1r1_u10-007_seed-0_sample-0_model.pdb,6.641208648681641
af3_cluster,il1r1_clustered_il1r1_u10-008_seed-0_sample-0_model.pdb,5.701401710510254
af3_cluster,il1r1_clustered_il1r1_u100-001_seed-0_sample-0_model.pdb,6.020267963409424
af3_cluster,il1r1_clustered_il1r1_u100-004_seed-0_sample-0_model.pdb,5.081187725067139
af3_cluster,il1r1_clustered_il1r1_u100-005_seed-0_sample-0_model.pdb,6.246520042419434
af3_cluster,il1r1_clustered_il1r1_u100-006_seed-0_sample-0_model.pdb,6.088658809661865
af3_cluster,il1r1_clustered_il1r1_u100-008_seed-0_sample-0_model.pdb,5.371961116790772
af3_cluster,il1r1_clustered_il1r1_u100-009_seed-0_sample-0_model.pdb,5.787521362304688
af3sample2,il1r1_perturbed_result_model_1_pred_1_nodropout_perturbed_msa_seed-0_sample-0_model.pdb,6.030253887176514
af3sample2,il1r1_perturbed_result_model_1_pred_2_nodropout_perturbed_msa_seed-0_sample-0_model.pdb,5.370830059051514
af3sample2,il1r1_perturbed_result_model_1_pred_3_nodropout_perturbed_msa_seed-0_sample-0_model.pdb,7.279543876647949
af3sample2,il1r1_perturbed_result_model_1_pred_4_nodropout_perturbed_msa_seed-0_sample-0_model.pdb,5.555486679077148
af3sample2,il1r1_perturbed_result_model_1_pred_5_nodropout_perturbed_msa_seed-0_sample-0_model.pdb,5.969405174255371
af3sample2,il1r1_perturbed_result_model_1_pred_6_nodropout_perturbed_msa_seed-0_sample-0_model.pdb,5.447678089141846
af3sample2,il1r1_perturbed_result_model_1_pred_7_nodropout_perturbed_msa_seed-0_sample-0_model.pdb,5.580775260925293
af3sample2,il1r1_perturbed_result_model_1_pred_8_nodropout_perturbed_msa_seed-0_sample-0_model.pdb,5.894389152526856
af3sample2,il1r1_perturbed_result_model_1_pred_9_nodropout_perturbed_msa_seed-0_sample-0_model.pdb,6.193775177001953
af3sample2,il1r1_perturbed_result_model_1_pred_10_nodropout_perturbed_msa_seed-0_sample-0_model.pdb,5.895493030548096
af3sample2,il1r1_perturbed_result_model_1_pred_11_nodropout_perturbed_msa_seed-0_sample-0_model.pdb,5.292264461517334
af3sample2,il1r1_perturbed_result_model_1_pred_12_nodropout_perturbed_msa_seed-0_sample-0_model.pdb,6.831287384033203
af3sample2,il1r1_perturbed_result_model_1_pred_13_nodropout_perturbed_msa_seed-0_sample-0_model.pdb,5.649292469024658
af3sample2,il1r1_perturbed_result_model_1_pred_14_nodropout_perturbed_msa_seed-0_sample-0_model.pdb,5.4240264892578125
af3sample2,il1r1_perturbed_result_model_1_pred_15_nodropout_perturbed_msa_seed-0_sample-0_model.pdb,6.02645206451416
af3sample2,il1r1_perturbed_result_model_1_pred_16_nodropout_perturbed_msa_seed-0_sample-0_model.pdb,5.198098182678223
af3sample2,il1r1_perturbed_result_model_1_pred_17_nodropout_perturbed_msa_seed-0_sample-0_model.pdb,5.606080532073975
af3sample2,il1r1_perturbed_result_model_1_pred_18_nodropout_perturbed_msa_seed-0_sample-0_model.pdb,5.887704372406006
af3sample2,il1r1_perturbed_result_model_1_pred_19_nodropout_perturbed_msa_seed-0_sample-0_model.pdb,6.2041449546813965
af3sample2,il1r1_perturbed_result_model_1_pred_20_nodropout_perturbed_msa_seed-0_sample-0_model.pdb,5.8406853675842285
af3sample2,il1r1_perturbed_result_model_1_pred_21_nodropout_perturbed_msa_seed-0_sample-0_model.pdb,5.821393966674805
af3sample2,il1r1_perturbed_result_model_1_pred_22_nodropout_perturbed_msa_seed-0_sample-0_model.pdb,6.657901763916016
af3sample2,il1r1_perturbed_result_model_1_pred_23_nodropout_perturbed_msa_seed-0_sample-0_model.pdb,5.766327857971191
af3sample2,il1r1_perturbed_result_model_1_pred_24_nodropout_perturbed_msa_seed-0_sample-0_model.pdb,6.253567218780518
af3sample2,il1r1_perturbed_result_model_1_pred_25_nodropout_perturbed_msa_seed-0_sample-0_model.pdb,5.529219627380371
af3sample2,il1r1_perturbed_result_model_1_pred_26_nodropout_perturbed_msa_seed-0_sample-0_model.pdb,5.680014610290527
af3sample2,il1r1_perturbed_result_model_1_pred_27_nodropout_perturbed_msa_seed-0_sample-0_model.pdb,5.150986671447754
af3sample2,il1r1_perturbed_result_model_1_pred_28_nodropout_perturbed_msa_seed-0_sample-0_model.pdb,5.941965579986572
af3sample2,il1r1_perturbed_result_model_1_pred_29_nodropout_perturbed_msa_seed-0_sample-0_model.pdb,5.834042549133301
af3sample2,il1r1_perturbed_result_model_1_pred_30_nodropout_perturbed_msa_seed-0_sample-0_model.pdb,5.75898027420044
af3sample2,il1r1_perturbed_result_model_1_pred_31_nodropout_perturbed_msa_seed-0_sample-0_model.pdb,5.381100654602051
af3sample2,il1r1_perturbed_result_model_1_pred_32_nodropout_perturbed_msa_seed-0_sample-0_model.pdb,5.598499774932861
af3sample2,il1r1_perturbed_result_model_1_pred_33_nodropout_perturbed_msa_seed-0_sample-0_model.pdb,5.735249042510986
af3sample2,il1r1_perturbed_result_model_1_pred_34_nodropout_perturbed_msa_seed-0_sample-0_model.pdb,5.668185234069824
af3sample2,il1r1_perturbed_result_model_1_pred_35_nodropout_perturbed_msa_seed-0_sample-0_model.pdb,6.302250385284424
af3sample2,il1r1_perturbed_result_model_1_pred_36_nodropout_perturbed_msa_seed-0_sample-0_model.pdb,5.71369743347168
af3sample2,il1r1_perturbed_result_model_1_pred_37_nodropout_perturbed_msa_seed-0_sample-0_model.pdb,6.25294828414917
af3sample2,il1r1_perturbed_result_model_1_pred_38_nodropout_perturbed_msa_seed-0_sample-0_model.pdb,5.85681676864624
af3sample2,il1r1_perturbed_result_model_1_pred_39_nodropout_perturbed_msa_seed-0_sample-0_model.pdb,5.889047145843506
af3sample2,il1r1_perturbed_result_model_1_pred_40_nodropout_perturbed_msa_seed-0_sample-0_model.pdb,7.229855537414551
af3sample2,il1r1_perturbed_result_model_1_pred_41_nodropout_perturbed_msa_seed-0_sample-0_model.pdb,5.742093563079834
af3sample2,il1r1_perturbed_result_model_1_pred_42_nodropout_perturbed_msa_seed-0_sample-0_model.pdb,5.65310001373291
af3sample2,il1r1_perturbed_result_model_1_pred_43_nodropout_perturbed_msa_seed-0_sample-0_model.pdb,5.939233779907227
af3sample2,il1r1_perturbed_result_model_1_pred_44_nodropout_perturbed_msa_seed-0_sample-0_model.pdb,5.621208667755127
af3sample2,il1r1_perturbed_result_model_1_pred_45_nodropout_perturbed_msa_seed-0_sample-0_model.pdb,5.684103012084961
af3sample2,il1r1_perturbed_result_model_1_pred_46_nodropout_perturbed_msa_seed-0_sample-0_model.pdb,6.157853126525879
af3sample2,il1r1_perturbed_result_model_1_pred_47_nodropout_perturbed_msa_seed-0_sample-0_model.pdb,5.8168487548828125
af3sample2,il1r1_perturbed_result_model_1_pred_49_nodropout_perturbed_msa_seed-0_sample-0_model.pdb,5.731137275695801
af3sample2,il1r1_perturbed_result_model_1_pred_50_nodropout_perturbed_msa_seed-0_sample-0_model.pdb,5.775027751922607
af3sample2,il1r1_perturbed_result_model_1_pred_51_nodropout_perturbed_msa_seed-0_sample-0_model.pdb,5.7770771980285645
af3sample2,il1r1_perturbed_result_model_1_pred_52_nodropout_perturbed_msa_seed-0_sample-0_model.pdb,5.532392978668213
af3sample2,il1r1_perturbed_result_model_1_pred_53_nodropout_perturbed_msa_seed-0_sample-0_model.pdb,5.707345008850098
af3sample2,il1r1_perturbed_result_model_1_pred_54_nodropout_perturbed_msa_seed-0_sample-0_model.pdb,5.243215560913086
af3sample2,il1r1_perturbed_result_model_1_pred_55_nodropout_perturbed_msa_seed-0_sample-0_model.pdb,5.54185962677002
af3sample2,il1r1_perturbed_result_model_1_pred_56_nodropout_perturbed_msa_seed-0_sample-0_model.pdb,5.48068380355835
af3sample2,il1r1_perturbed_result_model_1_pred_57_nodropout_perturbed_msa_seed-0_sample-0_model.pdb,5.254409790039063
af3sample2,il1r1_perturbed_result_model_1_pred_58_nodropout_perturbed_msa_seed-0_sample-0_model.pdb,5.457053661346436
af3sample2,il1r1_perturbed_result_model_1_pred_59_nodropout_perturbed_msa_seed-0_sample-0_model.pdb,6.1218743324279785
af3sample2,il1r1_perturbed_result_model_1_pred_60_nodropout_perturbed_msa_seed-0_sample-0_model.pdb,5.692881107330322
af3sample2,il1r1_perturbed_result_model_1_pred_61_nodropout_perturbed_msa_seed-0_sample-0_model.pdb,5.5750508308410645
af3sample2,il1r1_perturbed_result_model_1_pred_62_nodropout_perturbed_msa_seed-0_sample-0_model.pdb,7.27812910079956
af3sample2,il1r1_perturbed_result_model_1_pred_63_nodropout_perturbed_msa_seed-0_sample-0_model.pdb,5.866047382354736
af3sample2,il1r1_perturbed_result_model_1_pred_64_nodropout_perturbed_msa_seed-0_sample-0_model.pdb,6.319563865661621
af3sample2,il1r1_perturbed_result_model_1_pred_65_nodropout_perturbed_msa_seed-0_sample-0_model.pdb,5.940019607543945
af3sample2,il1r1_perturbed_result_model_1_pred_66_nodropout_perturbed_msa_seed-0_sample-0_model.pdb,5.686006546020508
af3sample2,il1r1_perturbed_result_model_1_pred_67_nodropout_perturbed_msa_seed-0_sample-0_model.pdb,5.2551140785217285
af3sample2,il1r1_perturbed_result_model_1_pred_68_nodropout_perturbed_msa_seed-0_sample-0_model.pdb,5.588565826416016
af3sample2,il1r1_perturbed_result_model_1_pred_69_nodropout_perturbed_msa_seed-0_sample-0_model.pdb,5.654741764068604
af3sample2,il1r1_perturbed_result_model_1_pred_70_nodropout_perturbed_msa_seed-0_sample-0_model.pdb,5.568847179412842
af3sample2,il1r1_perturbed_result_model_1_pred_71_nodropout_perturbed_msa_seed-0_sample-0_model.pdb,5.558876514434815
af3sample2,il1r1_perturbed_result_model_1_pred_72_nodropout_perturbed_msa_seed-0_sample-0_model.pdb,7.273045063018799
af3sample2,il1r1_perturbed_result_model_1_pred_73_nodropout_perturbed_msa_seed-0_sample-0_model.pdb,5.935579299926758
af3sample2,il1r1_perturbed_result_model_1_pred_74_nodropout_perturbed_msa_seed-0_sample-0_model.pdb,5.765874862670898
af3sample2,il1r1_perturbed_result_model_1_pred_75_nodropout_perturbed_msa_seed-0_sample-0_model.pdb,5.813767910003662
af3sample2,il1r1_perturbed_result_model_1_pred_76_nodropout_perturbed_msa_seed-0_sample-0_model.pdb,5.703756809234619
af3sample2,il1r1_perturbed_result_model_1_pred_77_nodropout_perturbed_msa_seed-0_sample-0_model.pdb,5.533529281616211
af3sample2,il1r1_perturbed_result_model_1_pred_78_nodropout_perturbed_msa_seed-0_sample-0_model.pdb,5.326197147369385
af3sample2,il1r1_perturbed_result_model_1_pred_79_nodropout_perturbed_msa_seed-0_sample-0_model.pdb,6.151524543762207
af3sample2,il1r1_perturbed_result_model_1_pred_80_nodropout_perturbed_msa_seed-0_sample-0_model.pdb,5.600988388061523
af3sample2,il1r1_perturbed_result_model_1_pred_81_nodropout_perturbed_msa_seed-0_sample-0_model.pdb,6.08994197845459
af3sample2,il1r1_perturbed_result_model_1_pred_82_nodropout_perturbed_msa_seed-0_sample-0_model.pdb,5.363664150238037
af3sample2,il1r1_perturbed_result_model_1_pred_83_nodropout_perturbed_msa_seed-0_sample-0_model.pdb,5.731868743896484
af3sample2,il1r1_perturbed_result_model_1_pred_84_nodropout_perturbed_msa_seed-0_sample-0_model.pdb,5.885526657104492
af3sample2,il1r1_perturbed_result_model_1_pred_85_nodropout_perturbed_msa_seed-0_sample-0_model.pdb,5.589036464691162
af3sample2,il1r1_perturbed_result_model_1_pred_86_nodropout_perturbed_msa_seed-0_sample-0_model.pdb,5.623312473297119
af3sample2,il1r1_perturbed_result_model_1_pred_87_nodropout_perturbed_msa_seed-0_sample-0_model.pdb,5.934848785400391
af3sample2,il1r1_perturbed_result_model_1_pred_88_nodropout_perturbed_msa_seed-0_sample-0_model.pdb,5.93927526473999
af3sample2,il1r1_perturbed_result_model_1_pred_89_nodropout_perturbed_msa_seed-0_sample-0_model.pdb,5.752335548400879
af3sample2,il1r1_perturbed_result_model_1_pred_90_nodropout_perturbed_msa_seed-0_sample-0_model.pdb,5.970488548278809
af3sample2,il1r1_perturbed_result_model_1_pred_91_nodropout_perturbed_msa_seed-0_sample-0_model.pdb,5.739137172698975
af3sample2,il1r1_perturbed_result_model_1_pred_92_nodropout_perturbed_msa_seed-0_sample-0_model.pdb,5.830705165863037
af3sample2,il1r1_perturbed_result_model_1_pred_93_nodropout_perturbed_msa_seed-0_sample-0_model.pdb,5.761558532714844
af3sample2,il1r1_perturbed_result_model_1_pred_94_nodropout_perturbed_msa_seed-0_sample-0_model.pdb,5.601334571838379
af3sample2,il1r1_perturbed_result_model_1_pred_95_nodropout_perturbed_msa_seed-0_sample-0_model.pdb,5.852305889129639
af3sample2,il1r1_perturbed_result_model_1_pred_96_nodropout_perturbed_msa_seed-0_sample-0_model.pdb,5.773037910461426
af3sample2,il1r1_perturbed_result_model_1_pred_97_nodropout_perturbed_msa_seed-0_sample-0_model.pdb,5.901366710662842
af3sample2,il1r1_perturbed_result_model_1_pred_98_nodropout_perturbed_msa_seed-0_sample-0_model.pdb,6.335644721984863
af3sample2,il1r1_perturbed_result_model_1_pred_99_nodropout_perturbed_msa_seed-0_sample-0_model.pdb,5.564918041229248
af3sample2,il1r1_perturbed_result_model_1_pred_100_nodropout_perturbed_msa_seed-0_sample-0_model.pdb,6.090664863586426
af3sample2,il1r1_perturbed_result_model_2_pred_1_nodropout_perturbed_msa_seed-0_sample-0_model.pdb,5.647247314453125
af3sample2,il1r1_perturbed_result_model_2_pred_2_nodropout_perturbed_msa_seed-0_sample-0_model.pdb,5.543030261993408
af3sample2,il1r1_perturbed_result_model_2_pred_3_nodropout_perturbed_msa_seed-0_sample-0_model.pdb,6.125319957733154
af3sample2,il1r1_perturbed_result_model_2_pred_4_nodropout_perturbed_msa_seed-0_sample-0_model.pdb,6.472141265869141
af3sample2,il1r1_perturbed_result_model_2_pred_5_nodropout_perturbed_msa_seed-0_sample-0_model.pdb,6.266007900238037
af3sample2,il1r1_perturbed_result_model_2_pred_6_nodropout_perturbed_msa_seed-0_sample-0_model.pdb,5.897958278656006
af3sample2,il1r1_perturbed_result_model_2_pred_7_nodropout_perturbed_msa_seed-0_sample-0_model.pdb,5.680572032928467
af3sample2,il1r1_perturbed_result_model_2_pred_8_nodropout_perturbed_msa_seed-0_sample-0_model.pdb,6.082460880279541
af3sample2,il1r1_perturbed_result_model_2_pred_9_nodropout_perturbed_msa_seed-0_sample-0_model.pdb,5.888214588165283
af3sample2,il1r1_perturbed_result_model_2_pred_10_nodropout_perturbed_msa_seed-0_sample-0_model.pdb,5.426865100860596
af3sample2,il1r1_perturbed_result_model_2_pred_11_nodropout_perturbed_msa_seed-0_sample-0_model.pdb,5.832998275756836
af3sample2,il1r1_perturbed_result_model_2_pred_12_nodropout_perturbed_msa_seed-0_sample-0_model.pdb,5.766778945922852
af3sample2,il1r1_perturbed_result_model_2_pred_13_nodropout_perturbed_msa_seed-0_sample-0_model.pdb,6.248010635375977
af3sample2,il1r1_perturbed_result_model_2_pred_14_nodropout_perturbed_msa_seed-0_sample-0_model.pdb,5.540298938751221
af3sample2,il1r1_perturbed_result_model_2_pred_15_nodropout_perturbed_msa_seed-0_sample-0_model.pdb,5.732203006744385
af3sample2,il1r1_perturbed_result_model_2_pred_16_nodropout_perturbed_msa_seed-0_sample-0_model.pdb,5.762110710144043
af3sample2,il1r1_perturbed_result_model_2_pred_17_nodropout_perturbed_msa_seed-0_sample-0_model.pdb,6.438377380371094
af3sample2,il1r1_perturbed_result_model_2_pred_18_nodropout_perturbed_msa_seed-0_sample-0_model.pdb,5.912111282348633
af3sample2,il1r1_perturbed_result_model_2_pred_19_nodropout_perturbed_msa_seed-0_sample-0_model.pdb,6.007484436035156
af3sample2,il1r1_perturbed_result_model_2_pred_20_nodropout_perturbed_msa_seed-0_sample-0_model.pdb,5.769392967224121
af3sample2,il1r1_perturbed_result_model_2_pred_21_nodropout_perturbed_msa_seed-0_sample-0_model.pdb,5.586598873138428
af3sample2,il1r1_perturbed_result_model_2_pred_22_nodropout_perturbed_msa_seed-0_sample-0_model.pdb,5.623422145843506
af3sample2,il1r1_perturbed_result_model_2_pred_23_nodropout_perturbed_msa_seed-0_sample-0_model.pdb,5.654122829437256
af3sample2,il1r1_perturbed_result_model_2_pred_24_nodropout_perturbed_msa_seed-0_sample-0_model.pdb,5.654653072357178
af3sample2,il1r1_perturbed_result_model_2_pred_25_nodropout_perturbed_msa_seed-0_sample-0_model.pdb,5.730397701263428
af3sample2,il1r1_perturbed_result_model_2_pred_26_nodropout_perturbed_msa_seed-0_sample-0_model.pdb,5.412997722625732
af3sample2,il1r1_perturbed_result_model_2_pred_27_nodropout_perturbed_msa_seed-0_sample-0_model.pdb,5.645125389099121
af3sample2,il1r1_perturbed_result_model_2_pred_28_nodropout_perturbed_msa_seed-0_sample-0_model.pdb,5.745891571044922
af3sample2,il1r1_perturbed_result_model_2_pred_29_nodropout_perturbed_msa_seed-0_sample-0_model.pdb,6.114765167236328
af3sample2,il1r1_perturbed_result_model_2_pred_30_nodropout_perturbed_msa_seed-0_sample-0_model.pdb,6.056607723236084
af3sample2,il1r1_perturbed_result_model_2_pred_31_nodropout_perturbed_msa_seed-0_sample-0_model.pdb,5.791871547698975
af3sample2,il1r1_perturbed_result_model_2_pred_32_nodropout_perturbed_msa_seed-0_sample-0_model.pdb,5.579173564910889
af3sample2,il1r1_perturbed_result_model_2_pred_33_nodropout_perturbed_msa_seed-0_sample-0_model.pdb,5.780962944030762
af3sample2,il1r1_perturbed_result_model_2_pred_34_nodropout_perturbed_msa_seed-0_sample-0_model.pdb,5.684329509735107
af3sample2,il1r1_perturbed_result_model_2_pred_35_nodropout_perturbed_msa_seed-0_sample-0_model.pdb,5.533927440643311
af3sample2,il1r1_perturbed_result_model_2_pred_36_nodropout_perturbed_msa_seed-0_sample-0_model.pdb,5.962595462799072
af3sample2,il1r1_perturbed_result_model_2_pred_37_nodropout_perturbed_msa_seed-0_sample-0_model.pdb,6.031490325927734
af3sample2,il1r1_perturbed_result_model_2_pred_38_nodropout_perturbed_msa_seed-0_sample-0_model.pdb,6.623800277709961
af3sample2,il1r1_perturbed_result_model_2_pred_39_nodropout_perturbed_msa_seed-0_sample-0_model.pdb,5.701816082000732
af3sample2,il1r1_perturbed_result_model_2_pred_40_nodropout_perturbed_msa_seed-0_sample-0_model.pdb,5.619400978088379
af3sample2,il1r1_perturbed_result_model_2_pred_41_nodropout_perturbed_msa_seed-0_sample-0_model.pdb,5.869094371795654
af3sample2,il1r1_perturbed_result_model_2_pred_42_nodropout_perturbed_msa_seed-0_sample-0_model.pdb,6.104874134063721
af3sample2,il1r1_perturbed_result_model_2_pred_43_nodropout_perturbed_msa_seed-0_sample-0_model.pdb,5.566863059997559
af3sample2,il1r1_perturbed_result_model_2_pred_44_nodropout_perturbed_msa_seed-0_sample-0_model.pdb,5.754174709320068
af3sample2,il1r1_perturbed_result_model_2_pred_45_nodropout_perturbed_msa_seed-0_sample-0_model.pdb,5.520700454711914
af3sample2,il1r1_perturbed_result_model_2_pred_46_nodropout_perturbed_msa_seed-0_sample-0_model.pdb,5.886931419372559
af3sample2,il1r1_perturbed_result_model_2_pred_47_nodropout_perturbed_msa_seed-0_sample-0_model.pdb,6.161139488220215
af3sample2,il1r1_perturbed_result_model_2_pred_48_nodropout_perturbed_msa_seed-0_sample-0_model.pdb,6.12246036529541
af3sample2,il1r1_perturbed_result_model_2_pred_49_nodropout_perturbed_msa_seed-0_sample-0_model.pdb,5.828068733215332
af3sample2,il1r1_perturbed_result_model_2_pred_50_nodropout_perturbed_msa_seed-0_sample-0_model.pdb,5.504336833953857
af3sample2,il1r1_perturbed_result_model_2_pred_51_nodropout_perturbed_msa_seed-0_sample-0_model.pdb,5.740811347961426
af3sample2,il1r1_perturbed_result_model_2_pred_52_nodropout_perturbed_msa_seed-0_sample-0_model.pdb,5.865763187408447
af3sample2,il1r1_perturbed_result_model_2_pred_53_nodropout_perturbed_msa_seed-0_sample-0_model.pdb,5.626205921173096
af3sample2,il1r1_perturbed_result_model_2_pred_54_nodropout_perturbed_msa_seed-0_sample-0_model.pdb,5.942725658416748
af3sample2,il1r1_perturbed_result_model_2_pred_55_nodropout_perturbed_msa_seed-0_sample-0_model.pdb,5.706177234649658
af3sample2,il1r1_perturbed_result_model_2_pred_56_nodropout_perturbed_msa_seed-0_sample-0_model.pdb,5.791394233703613
af3sample2,il1r1_perturbed_result_model_2_pred_57_nodropout_perturbed_msa_seed-0_sample-0_model.pdb,5.537783622741699
af3sample2,il1r1_perturbed_result_model_2_pred_58_nodropout_perturbed_msa_seed-0_sample-0_model.pdb,5.555844306945801
af3sample2,il1r1_perturbed_result_model_2_pred_59_nodropout_perturbed_msa_seed-0_sample-0_model.pdb,5.63726282119751
af3sample2,il1r1_perturbed_result_model_2_pred_60_nodropout_perturbed_msa_seed-0_sample-0_model.pdb,5.71860933303833
af3sample2,il1r1_perturbed_result_model_2_pred_61_nodropout_perturbed_msa_seed-0_sample-0_model.pdb,6.116830348968506
af3sample2,il1r1_perturbed_result_model_2_pred_62_nodropout_perturbed_msa_seed-0_sample-0_model.pdb,5.347433567047119
af3sample2,il1r1_perturbed_result_model_2_pred_63_nodropout_perturbed_msa_seed-0_sample-0_model.pdb,6.653538227081299
af3sample2,il1r1_perturbed_result_model_2_pred_64_nodropout_perturbed_msa_seed-0_sample-0_model.pdb,5.5107102394104
af3sample2,il1r1_perturbed_result_model_2_pred_65_nodropout_perturbed_msa_seed-0_sample-0_model.pdb,5.919915676116943
af3sample2,il1r1_perturbed_result_model_2_pred_66_nodropout_perturbed_msa_seed-0_sample-0_model.pdb,5.457130432128906
af3sample2,il1r1_perturbed_result_model_2_pred_67_nodropout_perturbed_msa_seed-0_sample-0_model.pdb,5.526308059692383
af3sample2,il1r1_perturbed_result_model_2_pred_68_nodropout_perturbed_msa_seed-0_sample-0_model.pdb,5.9886088371276855
af3sample2,il1r1_perturbed_result_model_2_pred_69_nodropout_perturbed_msa_seed-0_sample-0_model.pdb,6.008978366851807
af3sample2,il1r1_perturbed_result_model_2_pred_70_nodropout_perturbed_msa_seed-0_sample-0_model.pdb,5.285344123840332
af3sample2,il1r1_perturbed_result_model_2_pred_71_nodropout_perturbed_msa_seed-0_sample-0_model.pdb,5.932003498077393
af3sample2,il1r1_perturbed_result_model_2_pred_72_nodropout_perturbed_msa_seed-0_sample-0_model.pdb,5.686967849731445
af3sample2,il1r1_perturbed_result_model_2_pred_73_nodropout_perturbed_msa_seed-0_sample-0_model.pdb,6.331230640411377
af3sample2,il1r1_perturbed_result_model_2_pred_74_nodropout_perturbed_msa_seed-0_sample-0_model.pdb,5.635562896728516
af3sample2,il1r1_perturbed_result_model_2_pred_75_nodropout_perturbed_msa_seed-0_sample-0_model.pdb,6.014562606811523
af3sample2,il1r1_perturbed_result_model_2_pred_76_nodropout_perturbed_msa_seed-0_sample-0_model.pdb,5.680427551269531
af3sample2,il1r1_perturbed_result_model_2_pred_77_nodropout_perturbed_msa_seed-0_sample-0_model.pdb,5.6537041664123535
af3sample2,il1r1_perturbed_result_model_2_pred_78_nodropout_perturbed_msa_seed-0_sample-0_model.pdb,5.471086025238037
af3sample2,il1r1_perturbed_result_model_2_pred_79_nodropout_perturbed_msa_seed-0_sample-0_model.pdb,6.735852241516113
af3sample2,il1r1_perturbed_result_model_2_pred_80_nodropout_perturbed_msa_seed-0_sample-0_model.pdb,5.584691047668457
af3sample2,il1r1_perturbed_result_model_2_pred_81_nodropout_perturbed_msa_seed-0_sample-0_model.pdb,6.391769409179688
af3sample2,il1r1_perturbed_result_model_2_pred_82_nodropout_perturbed_msa_seed-0_sample-0_model.pdb,6.175963878631592
af3sample2,il1r1_perturbed_result_model_2_pred_83_nodropout_perturbed_msa_seed-0_sample-0_model.pdb,5.6110520362854
af3sample2,il1r1_perturbed_result_model_2_pred_84_nodropout_perturbed_msa_seed-0_sample-0_model.pdb,5.911106586456299
af3sample2,il1r1_perturbed_result_model_2_pred_85_nodropout_perturbed_msa_seed-0_sample-0_model.pdb,5.918550968170166
af3sample2,il1r1_perturbed_result_model_2_pred_86_nodropout_perturbed_msa_seed-0_sample-0_model.pdb,6.025386810302734
af3sample2,il1r1_perturbed_result_model_2_pred_87_nodropout_perturbed_msa_seed-0_sample-0_model.pdb,5.5985107421875
af3sample2,il1r1_perturbed_result_model_2_pred_88_nodropout_perturbed_msa_seed-0_sample-0_model.pdb,6.1173272132873535
af3sample2,il1r1_perturbed_result_model_2_pred_89_nodropout_perturbed_msa_seed-0_sample-0_model.pdb,5.768909454345703
af3sample2,il1r1_perturbed_result_model_2_pred_90_nodropout_perturbed_msa_seed-0_sample-0_model.pdb,5.089053153991699
af3sample2,il1r1_perturbed_result_model_2_pred_91_nodropout_perturbed_msa_seed-0_sample-0_model.pdb,5.783673286437988
af3sample2,il1r1_perturbed_result_model_2_pred_92_nodropout_perturbed_msa_seed-0_sample-0_model.pdb,5.994199752807617
af3sample2,il1r1_perturbed_result_model_2_pred_93_nodropout_perturbed_msa_seed-0_sample-0_model.pdb,5.713840484619141
af3sample2,il1r1_perturbed_result_model_2_pred_94_nodropout_perturbed_msa_seed-0_sample-0_model.pdb,5.627504348754883
af3sample2,il1r1_perturbed_result_model_2_pred_95_nodropout_perturbed_msa_seed-0_sample-0_model.pdb,5.735305309295654
af3sample2,il1r1_perturbed_result_model_2_pred_96_nodropout_perturbed_msa_seed-0_sample-0_model.pdb,6.178403377532959
af3sample2,il1r1_perturbed_result_model_2_pred_97_nodropout_perturbed_msa_seed-0_sample-0_model.pdb,5.4788360595703125
af3sample2,il1r1_perturbed_result_model_2_pred_98_nodropout_perturbed_msa_seed-0_sample-0_model.pdb,5.787145614624023
af3sample2,il1r1_perturbed_result_model_2_pred_99_nodropout_perturbed_msa_seed-0_sample-0_model.pdb,5.825963020324707
af3sample2,il1r1_perturbed_result_model_2_pred_100_nodropout_perturbed_msa_seed-0_sample-0_model.pdb,6.072793960571289
af3sample2,il1r1_perturbed_result_model_3_pred_1_nodropout_perturbed_msa_seed-0_sample-0_model.pdb,5.517459392547607
af3sample2,il1r1_perturbed_result_model_3_pred_2_nodropout_perturbed_msa_seed-0_sample-0_model.pdb,5.95389986038208
af3sample2,il1r1_perturbed_result_model_3_pred_3_nodropout_perturbed_msa_seed-0_sample-0_model.pdb,5.694716930389404
af3sample2,il1r1_perturbed_result_model_3_pred_4_nodropout_perturbed_msa_seed-0_sample-0_model.pdb,5.601163387298584
af3sample2,il1r1_perturbed_result_model_3_pred_5_nodropout_perturbed_msa_seed-0_sample-0_model.pdb,5.562068939208984
af3sample2,il1r1_perturbed_result_model_3_pred_6_nodropout_perturbed_msa_seed-0_sample-0_model.pdb,6.613758563995361
af3sample2,il1r1_perturbed_result_model_3_pred_7_nodropout_perturbed_msa_seed-0_sample-0_model.pdb,5.476119041442871
af3sample2,il1r1_perturbed_result_model_3_pred_8_nodropout_perturbed_msa_seed-0_sample-0_model.pdb,6.005824565887451
af3sample2,il1r1_perturbed_result_model_3_pred_9_nodropout_perturbed_msa_seed-0_sample-0_model.pdb,5.4405694007873535
af3sample2,il1r1_perturbed_result_model_3_pred_10_nodropout_perturbed_msa_seed-0_sample-0_model.pdb,5.840105056762695
af3sample2,il1r1_perturbed_result_model_3_pred_11_nodropout_perturbed_msa_seed-0_sample-0_model.pdb,6.0462565422058105
af3sample2,il1r1_perturbed_result_model_3_pred_12_nodropout_perturbed_msa_seed-0_sample-0_model.pdb,5.767220497131348
af3sample2,il1r1_perturbed_result_model_3_pred_13_nodropout_perturbed_msa_seed-0_sample-0_model.pdb,5.780505657196045
af3sample2,il1r1_perturbed_result_model_3_pred_14_nodropout_perturbed_msa_seed-0_sample-0_model.pdb,5.817460060119629
af3sample2,il1r1_perturbed_result_model_3_pred_15_nodropout_perturbed_msa_seed-0_sample-0_model.pdb,5.397655010223389
af3sample2,il1r1_perturbed_result_model_3_pred_16_nodropout_perturbed_msa_seed-0_sample-0_model.pdb,6.093338966369629
af3sample2,il1r1_perturbed_result_model_3_pred_17_nodropout_perturbed_msa_seed-0_sample-0_model.pdb,5.802304744720459
af3sample2,il1r1_perturbed_result_model_3_pred_18_nodropout_perturbed_msa_seed-0_sample-0_model.pdb,5.614912509918213
af3sample2,il1r1_perturbed_result_model_3_pred_19_nodropout_perturbed_msa_seed-0_sample-0_model.pdb,5.767498016357422
af3sample2,il1r1_perturbed_result_model_3_pred_20_nodropout_perturbed_msa_seed-0_sample-0_model.pdb,6.396315097808838
af3sample2,il1r1_perturbed_result_model_3_pred_21_nodropout_perturbed_msa_seed-0_sample-0_model.pdb,5.81156587600708
af3sample2,il1r1_perturbed_result_model_3_pred_22_nodropout_perturbed_msa_seed-0_sample-0_model.pdb,5.408843517303467
af3sample2,il1r1_perturbed_result_model_3_pred_23_nodropout_perturbed_msa_seed-0_sample-0_model.pdb,5.660398960113525
af3sample2,il1r1_perturbed_result_model_3_pred_24_nodropout_perturbed_msa_seed-0_sample-0_model.pdb,5.951713562011719
af3sample2,il1r1_perturbed_result_model_3_pred_25_nodropout_perturbed_msa_seed-0_sample-0_model.pdb,5.731302261352539
af3sample2,il1r1_perturbed_result_model_3_pred_26_nodropout_perturbed_msa_seed-0_sample-0_model.pdb,5.662971019744873
af3sample2,il1r1_perturbed_result_model_3_pred_27_nodropout_perturbed_msa_seed-0_sample-0_model.pdb,5.442659854888916
af3sample2,il1r1_perturbed_result_model_3_pred_28_nodropout_perturbed_msa_seed-0_sample-0_model.pdb,6.045094966888428
af3sample2,il1r1_perturbed_result_model_3_pred_29_nodropout_perturbed_msa_seed-0_sample-0_model.pdb,7.29502534866333
af3sample2,il1r1_perturbed_result_model_3_pred_30_nodropout_perturbed_msa_seed-0_sample-0_model.pdb,4.984109878540039
af3sample2,il1r1_perturbed_result_model_3_pred_31_nodropout_perturbed_msa_seed-0_sample-0_model.pdb,5.852219581604004
af3sample2,il1r1_perturbed_result_model_3_pred_32_nodropout_perturbed_msa_seed-0_sample-0_model.pdb,6.033877372741699
af3sample2,il1r1_perturbed_result_model_3_pred_33_nodropout_perturbed_msa_seed-0_sample-0_model.pdb,5.570337772369385
af3sample2,il1r1_perturbed_result_model_3_pred_34_nodropout_perturbed_msa_seed-0_sample-0_model.pdb,6.052351474761963
af3sample2,il1r1_perturbed_result_model_3_pred_35_nodropout_perturbed_msa_seed-0_sample-0_model.pdb,6.836067199707031
af3sample2,il1r1_perturbed_result_model_3_pred_36_nodropout_perturbed_msa_seed-0_sample-0_model.pdb,6.002921581268311
af3sample2,il1r1_perturbed_result_model_3_pred_37_nodropout_perturbed_msa_seed-0_sample-0_model.pdb,5.63189172744751
af3sample2,il1r1_perturbed_result_model_3_pred_38_nodropout_perturbed_msa_seed-0_sample-0_model.pdb,6.365059852600098
af3sample2,il1r1_perturbed_result_model_3_pred_39_nodropout_perturbed_msa_seed-0_sample-0_model.pdb,5.406313896179199
af3sample2,il1r1_perturbed_result_model_3_pred_40_nodropout_perturbed_msa_seed-0_sample-0_model.pdb,5.778538703918457
af3sample2,il1r1_perturbed_result_model_3_pred_41_nodropout_perturbed_msa_seed-0_sample-0_model.pdb,5.867661476135254
af3sample2,il1r1_perturbed_result_model_3_pred_42_nodropout_perturbed_msa_seed-0_sample-0_model.pdb,5.625845909118652
af3sample2,il1r1_perturbed_result_model_3_pred_43_nodropout_perturbed_msa_seed-0_sample-0_model.pdb,5.526606559753418
af3sample2,il1r1_perturbed_result_model_3_pred_44_nodropout_perturbed_msa_seed-0_sample-0_model.pdb,5.57652473449707
af3sample2,il1r1_perturbed_result_model_3_pred_45_nodropout_perturbed_msa_seed-0_sample-0_model.pdb,6.059355735778809
af3sample2,il1r1_perturbed_result_model_3_pred_46_nodropout_perturbed_msa_seed-0_sample-0_model.pdb,6.017397880554199
af3sample2,il1r1_perturbed_result_model_3_pred_47_nodropout_perturbed_msa_seed-0_sample-0_model.pdb,5.739815711975098
af3sample2,il1r1_perturbed_result_model_3_pred_48_nodropout_perturbed_msa_seed-0_sample-0_model.pdb,7.837852954864502
af3sample2,il1r1_perturbed_result_model_3_pred_49_nodropout_perturbed_msa_seed-0_sample-0_model.pdb,6.209978103637695
af3sample2,il1r1_perturbed_result_model_3_pred_50_nodropout_perturbed_msa_seed-0_sample-0_model.pdb,5.849425792694092
af3sample2,il1r1_perturbed_result_model_3_pred_51_nodropout_perturbed_msa_seed-0_sample-0_model.pdb,5.607931137084961
af3sample2,il1r1_perturbed_result_model_3_pred_52_nodropout_perturbed_msa_seed-0_sample-0_model.pdb,6.999590396881104
af3sample2,il1r1_perturbed_result_model_3_pred_53_nodropout_perturbed_msa_seed-0_sample-0_model.pdb,5.516088008880615
af3sample2,il1r1_perturbed_result_model_3_pred_54_nodropout_perturbed_msa_seed-0_sample-0_model.pdb,5.914526462554932
af3sample2,il1r1_perturbed_result_model_3_pred_55_nodropout_perturbed_msa_seed-0_sample-0_model.pdb,5.81785774230957
af3sample2,il1r1_perturbed_result_model_3_pred_56_nodropout_perturbed_msa_seed-0_sample-0_model.pdb,5.602120876312256
af3sample2,il1r1_perturbed_result_model_3_pred_57_nodropout_perturbed_msa_seed-0_sample-0_model.pdb,5.634037017822266
af3sample2,il1r1_perturbed_result_model_3_pred_58_nodropout_perturbed_msa_seed-0_sample-0_model.pdb,5.466771125793457
af3sample2,il1r1_perturbed_result_model_3_pred_59_nodropout_perturbed_msa_seed-0_sample-0_model.pdb,5.605731964111328
af3sample2,il1r1_perturbed_result_model_3_pred_60_nodropout_perturbed_msa_seed-0_sample-0_model.pdb,6.248964786529541
af3sample2,il1r1_perturbed_result_model_3_pred_61_nodropout_perturbed_msa_seed-0_sample-0_model.pdb,6.65861701965332
af3sample2,il1r1_perturbed_result_model_3_pred_62_nodropout_perturbed_msa_seed-0_sample-0_model.pdb,6.086548805236816
af3sample2,il1r1_perturbed_result_model_3_pred_63_nodropout_perturbed_msa_seed-0_sample-0_model.pdb,5.861417293548584
af3sample2,il1r1_perturbed_result_model_3_pred_64_nodropout_perturbed_msa_seed-0_sample-0_model.pdb,5.471348285675049
af3sample2,il1r1_perturbed_result_model_3_pred_65_nodropout_perturbed_msa_seed-0_sample-0_model.pdb,5.64055061340332
af3sample2,il1r1_perturbed_result_model_3_pred_66_nodropout_perturbed_msa_seed-0_sample-0_model.pdb,5.772798538208008
af3sample2,il1r1_perturbed_result_model_3_pred_67_nodropout_perturbed_msa_seed-0_sample-0_model.pdb,7.117012023925781
af3sample2,il1r1_perturbed_result_model_3_pred_68_nodropout_perturbed_msa_seed-0_sample-0_model.pdb,5.690299987792969
af3sample2,il1r1_perturbed_result_model_3_pred_69_nodropout_perturbed_msa_seed-0_sample-0_model.pdb,5.920897483825684
af3sample2,il1r1_perturbed_result_model_3_pred_70_nodropout_perturbed_msa_seed-0_sample-0_model.pdb,6.004888534545898
af3sample2,il1r1_perturbed_result_model_3_pred_71_nodropout_perturbed_msa_seed-0_sample-0_model.pdb,5.771631717681885
af3sample2,il1r1_perturbed_result_model_3_pred_72_nodropout_perturbed_msa_seed-0_sample-0_model.pdb,5.922211170196533
af3sample2,il1r1_perturbed_result_model_3_pred_73_nodropout_perturbed_msa_seed-0_sample-0_model.pdb,5.766726493835449
af3sample2,il1r1_perturbed_result_model_3_pred_74_nodropout_perturbed_msa_seed-0_sample-0_model.pdb,5.677788734436035
af3sample2,il1r1_perturbed_result_model_3_pred_75_nodropout_perturbed_msa_seed-0_sample-0_model.pdb,5.440224647521973
af3sample2,il1r1_perturbed_result_model_3_pred_76_nodropout_perturbed_msa_seed-0_sample-0_model.pdb,5.8828630447387695
af3sample2,il1r1_perturbed_result_model_3_pred_77_nodropout_perturbed_msa_seed-0_sample-0_model.pdb,5.963519096374512
af3sample2,il1r1_perturbed_result_model_3_pred_78_nodropout_perturbed_msa_seed-0_sample-0_model.pdb,6.050573825836182
af3sample2,il1r1_perturbed_result_model_3_pred_79_nodropout_perturbed_msa_seed-0_sample-0_model.pdb,5.532349586486816
af3sample2,il1r1_perturbed_result_model_3_pred_80_nodropout_perturbed_msa_seed-0_sample-0_model.pdb,5.835410118103027
af3sample2,il1r1_perturbed_result_model_3_pred_81_nodropout_perturbed_msa_seed-0_sample-0_model.pdb,5.466151714324951
af3sample2,il1r1_perturbed_result_model_3_pred_82_nodropout_perturbed_msa_seed-0_sample-0_model.pdb,6.427051544189453
af3sample2,il1r1_perturbed_result_model_3_pred_83_nodropout_perturbed_msa_seed-0_sample-0_model.pdb,6.003573417663574
af3sample2,il1r1_perturbed_result_model_3_pred_84_nodropout_perturbed_msa_seed-0_sample-0_model.pdb,5.87556791305542
af3sample2,il1r1_perturbed_result_model_3_pred_85_nodropout_perturbed_msa_seed-0_sample-0_model.pdb,5.63761568069458
af3sample2,il1r1_perturbed_result_model_3_pred_86_nodropout_perturbed_msa_seed-0_sample-0_model.pdb,5.948889255523682
af3sample2,il1r1_perturbed_result_model_3_pred_87_nodropout_perturbed_msa_seed-0_sample-0_model.pdb,5.561235904693604
af3sample2,il1r1_perturbed_result_model_3_pred_88_nodropout_perturbed_msa_seed-0_sample-0_model.pdb,5.495871067047119
af3sample2,il1r1_perturbed_result_model_3_pred_89_nodropout_perturbed_msa_seed-0_sample-0_model.pdb,5.845706939697266
af3sample2,il1r1_perturbed_result_model_3_pred_90_nodropout_perturbed_msa_seed-0_sample-0_model.pdb,5.506296157836914
af3sample2,il1r1_perturbed_result_model_3_pred_91_nodropout_perturbed_msa_seed-0_sample-0_model.pdb,5.82134485244751
af3sample2,il1r1_perturbed_result_model_3_pred_92_nodropout_perturbed_msa_seed-0_sample-0_model.pdb,5.393671989440918
af3sample2,il1r1_perturbed_result_model_3_pred_93_nodropout_perturbed_msa_seed-0_sample-0_model.pdb,5.48314905166626
af3sample2,il1r1_perturbed_result_model_3_pred_94_nodropout_perturbed_msa_seed-0_sample-0_model.pdb,6.188947677612305
af3sample2,il1r1_perturbed_result_model_3_pred_95_nodropout_perturbed_msa_seed-0_sample-0_model.pdb,6.224330902099609
af3sample2,il1r1_perturbed_result_model_3_pred_96_nodropout_perturbed_msa_seed-0_sample-0_model.pdb,5.622879505157471
af3sample2,il1r1_perturbed_result_model_3_pred_97_nodropout_perturbed_msa_seed-0_sample-0_model.pdb,5.82494592666626
af3sample2,il1r1_perturbed_result_model_3_pred_98_nodropout_perturbed_msa_seed-0_sample-0_model.pdb,5.810075759887695
af3sample2,il1r1_perturbed_result_model_3_pred_99_nodropout_perturbed_msa_seed-0_sample-0_model.pdb,5.568419933319092
af3sample2,il1r1_perturbed_result_model_3_pred_100_nodropout_perturbed_msa_seed-0_sample-0_model.pdb,5.64066219329834
af3sample2,il1r1_perturbed_result_model_4_pred_1_nodropout_perturbed_msa_seed-0_sample-0_model.pdb,5.830695629119873
af3sample2,il1r1_perturbed_result_model_4_pred_2_nodropout_perturbed_msa_seed-0_sample-0_model.pdb,5.707343578338623
af3sample2,il1r1_perturbed_result_model_4_pred_3_nodropout_perturbed_msa_seed-0_sample-0_model.pdb,6.833290576934815
af3sample2,il1r1_perturbed_result_model_4_pred_4_nodropout_perturbed_msa_seed-0_sample-0_model.pdb,5.557870388031006
af3sample2,il1r1_perturbed_result_model_4_pred_5_nodropout_perturbed_msa_seed-0_sample-0_model.pdb,5.946252822875977
af3sample2,il1r1_perturbed_result_model_4_pred_6_nodropout_perturbed_msa_seed-0_sample-0_model.pdb,6.338571071624756
af3sample2,il1r1_perturbed_result_model_4_pred_7_nodropout_perturbed_msa_seed-0_sample-0_model.pdb,6.155482769012451
af3sample2,il1r1_perturbed_result_model_4_pred_8_nodropout_perturbed_msa_seed-0_sample-0_model.pdb,5.764113426208496
af3sample2,il1r1_perturbed_result_model_4_pred_9_nodropout_perturbed_msa_seed-0_sample-0_model.pdb,5.654134750366211
af3sample2,il1r1_perturbed_result_model_4_pred_10_nodropout_perturbed_msa_seed-0_sample-0_model.pdb,5.868923187255859
af3sample2,il1r1_perturbed_result_model_4_pred_11_nodropout_perturbed_msa_seed-0_sample-0_model.pdb,5.522055149078369
af3sample2,il1r1_perturbed_result_model_4_pred_12_nodropout_perturbed_msa_seed-0_sample-0_model.pdb,6.088370800018311
af3sample2,il1r1_perturbed_result_model_4_pred_13_nodropout_perturbed_msa_seed-0_sample-0_model.pdb,5.471357345581055
af3sample2,il1r1_perturbed_result_model_4_pred_14_nodropout_perturbed_msa_seed-0_sample-0_model.pdb,5.774126052856445
af3sample2,il1r1_perturbed_result_model_4_pred_15_nodropout_perturbed_msa_seed-0_sample-0_model.pdb,5.526061534881592
af3sample2,il1r1_perturbed_result_model_4_pred_16_nodropout_perturbed_msa_seed-0_sample-0_model.pdb,5.547519683837891
af3sample2,il1r1_perturbed_result_model_4_pred_17_nodropout_perturbed_msa_seed-0_sample-0_model.pdb,5.5829668045043945
af3sample2,il1r1_perturbed_result_model_4_pred_18_nodropout_perturbed_msa_seed-0_sample-0_model.pdb,5.6749587059021
af3sample2,il1r1_perturbed_result_model_4_pred_19_nodropout_perturbed_msa_seed-0_sample-0_model.pdb,5.781328201293945
af3sample2,il1r1_perturbed_result_model_4_pred_20_nodropout_perturbed_msa_seed-0_sample-0_model.pdb,5.4894208908081055
af3sample2,il1r1_perturbed_result_model_4_pred_21_nodropout_perturbed_msa_seed-0_sample-0_model.pdb,5.675466537475586
af3sample2,il1r1_perturbed_result_model_4_pred_22_nodropout_perturbed_msa_seed-0_sample-0_model.pdb,5.789632797241211
af3sample2,il1r1_perturbed_result_model_4_pred_23_nodropout_perturbed_msa_seed-0_sample-0_model.pdb,5.686183929443359
af3sample2,il1r1_perturbed_result_model_4_pred_24_nodropout_perturbed_msa_seed-0_sample-0_model.pdb,5.877580165863037
af3sample2,il1r1_perturbed_result_model_4_pred_25_nodropout_perturbed_msa_seed-0_sample-0_model.pdb,5.439499855041504
af3sample2,il1r1_perturbed_result_model_4_pred_26_nodropout_perturbed_msa_seed-0_sample-0_model.pdb,5.517341136932373
af3sample2,il1r1_perturbed_result_model_4_pred_27_nodropout_perturbed_msa_seed-0_sample-0_model.pdb,5.559994220733643
af3sample2,il1r1_perturbed_result_model_4_pred_28_nodropout_perturbed_msa_seed-0_sample-0_model.pdb,5.586333751678467
af3sample2,il1r1_perturbed_result_model_4_pred_29_nodropout_perturbed_msa_seed-0_sample-0_model.pdb,5.652482032775879
af3sample2,il1r1_perturbed_result_model_4_pred_30_nodropout_perturbed_msa_seed-0_sample-0_model.pdb,5.571310520172119
af3sample2,il1r1_perturbed_result_model_4_pred_31_nodropout_perturbed_msa_seed-0_sample-0_model.pdb,5.875253677368164
af3sample2,il1r1_perturbed_result_model_4_pred_32_nodropout_perturbed_msa_seed-0_sample-0_model.pdb,6.058466911315918
af3sample2,il1r1_perturbed_result_model_4_pred_33_nodropout_perturbed_msa_seed-0_sample-0_model.pdb,5.669975757598877
af3sample2,il1r1_perturbed_result_model_4_pred_34_nodropout_perturbed_msa_seed-0_sample-0_model.pdb,5.740562438964844
af3sample2,il1r1_perturbed_result_model_4_pred_35_nodropout_perturbed_msa_seed-0_sample-0_model.pdb,5.579433917999268
af3sample2,il1r1_perturbed_result_model_4_pred_36_nodropout_perturbed_msa_seed-0_sample-0_model.pdb,5.463912010192871
af3sample2,il1r1_perturbed_result_model_4_pred_37_nodropout_perturbed_msa_seed-0_sample-0_model.pdb,5.501773834228516
af3sample2,il1r1_perturbed_result_model_4_pred_38_nodropout_perturbed_msa_seed-0_sample-0_model.pdb,7.075640201568604
af3sample2,il1r1_perturbed_result_model_4_pred_39_nodropout_perturbed_msa_seed-0_sample-0_model.pdb,5.623999118804932
af3sample2,il1r1_perturbed_result_model_4_pred_40_nodropout_perturbed_msa_seed-0_sample-0_model.pdb,5.596290111541748
af3sample2,il1r1_perturbed_result_model_4_pred_41_nodropout_perturbed_msa_seed-0_sample-0_model.pdb,6.492252826690674
af3sample2,il1r1_perturbed_result_model_4_pred_42_nodropout_perturbed_msa_seed-0_sample-0_model.pdb,5.726892471313477
af3sample2,il1r1_perturbed_result_model_4_pred_43_nodropout_perturbed_msa_seed-0_sample-0_model.pdb,6.83583402633667
af3sample2,il1r1_perturbed_result_model_4_pred_44_nodropout_perturbed_msa_seed-0_sample-0_model.pdb,5.953048706054688
af3sample2,il1r1_perturbed_result_model_4_pred_45_nodropout_perturbed_msa_seed-0_sample-0_model.pdb,5.808391571044922
af3sample2,il1r1_perturbed_result_model_4_pred_46_nodropout_perturbed_msa_seed-0_sample-0_model.pdb,5.74561071395874
af3sample2,il1r1_perturbed_result_model_4_pred_47_nodropout_perturbed_msa_seed-0_sample-0_model.pdb,6.210559844970703
af3sample2,il1r1_perturbed_result_model_4_pred_48_nodropout_perturbed_msa_seed-0_sample-0_model.pdb,5.763561725616455
af3sample2,il1r1_perturbed_result_model_4_pred_49_nodropout_perturbed_msa_seed-0_sample-0_model.pdb,5.980813980102539
af3sample2,il1r1_perturbed_result_model_4_pred_50_nodropout_perturbed_msa_seed-0_sample-0_model.pdb,5.945509910583496
af3sample2,il1r1_perturbed_result_model_4_pred_51_nodropout_perturbed_msa_seed-0_sample-0_model.pdb,5.829347133636475
af3sample2,il1r1_perturbed_result_model_4_pred_52_nodropout_perturbed_msa_seed-0_sample-0_model.pdb,5.682766914367676
af3sample2,il1r1_perturbed_result_model_4_pred_53_nodropout_perturbed_msa_seed-0_sample-0_model.pdb,6.02789831161499
af3sample2,il1r1_perturbed_result_model_4_pred_54_nodropout_perturbed_msa_seed-0_sample-0_model.pdb,6.024742603302002
af3sample2,il1r1_perturbed_result_model_4_pred_55_nodropout_perturbed_msa_seed-0_sample-0_model.pdb,5.424170970916748
af3sample2,il1r1_perturbed_result_model_4_pred_56_nodropout_perturbed_msa_seed-0_sample-0_model.pdb,5.499444961547852
af3sample2,il1r1_perturbed_result_model_4_pred_57_nodropout_perturbed_msa_seed-0_sample-0_model.pdb,5.656483173370361
af3sample2,il1r1_perturbed_result_model_4_pred_58_nodropout_perturbed_msa_seed-0_sample-0_model.pdb,6.845394611358643
af3sample2,il1r1_perturbed_result_model_4_pred_59_nodropout_perturbed_msa_seed-0_sample-0_model.pdb,7.054762363433838
af3sample2,il1r1_perturbed_result_model_4_pred_60_nodropout_perturbed_msa_seed-0_sample-0_model.pdb,5.328806877136231
af3sample2,il1r1_perturbed_result_model_4_pred_61_nodropout_perturbed_msa_seed-0_sample-0_model.pdb,5.84373950958252
af3sample2,il1r1_perturbed_result_model_4_pred_62_nodropout_perturbed_msa_seed-0_sample-0_model.pdb,5.699212074279785
af3sample2,il1r1_perturbed_result_model_4_pred_63_nodropout_perturbed_msa_seed-0_sample-0_model.pdb,5.871033668518066
af3sample2,il1r1_perturbed_result_model_4_pred_64_nodropout_perturbed_msa_seed-0_sample-0_model.pdb,5.411458969116211
af3sample2,il1r1_perturbed_result_model_4_pred_65_nodropout_perturbed_msa_seed-0_sample-0_model.pdb,5.957541465759277
af3sample2,il1r1_perturbed_result_model_4_pred_66_nodropout_perturbed_msa_seed-0_sample-0_model.pdb,6.869884014129639
af3sample2,il1r1_perturbed_result_model_4_pred_67_nodropout_perturbed_msa_seed-0_sample-0_model.pdb,6.407605171203613
af3sample2,il1r1_perturbed_result_model_4_pred_68_nodropout_perturbed_msa_seed-0_sample-0_model.pdb,5.64132833480835
af3sample2,il1r1_perturbed_result_model_4_pred_69_nodropout_perturbed_msa_seed-0_sample-0_model.pdb,5.665289878845215
af3sample2,il1r1_perturbed_result_model_4_pred_70_nodropout_perturbed_msa_seed-0_sample-0_model.pdb,5.469161987304688
af3sample2,il1r1_perturbed_result_model_4_pred_71_nodropout_perturbed_msa_seed-0_sample-0_model.pdb,6.358151435852051
af3sample2,il1r1_perturbed_result_model_4_pred_72_nodropout_perturbed_msa_seed-0_sample-0_model.pdb,5.5370774269104
af3sample2,il1r1_perturbed_result_model_4_pred_73_nodropout_perturbed_msa_seed-0_sample-0_model.pdb,5.790346145629883
af3sample2,il1r1_perturbed_result_model_4_pred_74_nodropout_perturbed_msa_seed-0_sample-0_model.pdb,5.809065341949463
af3sample2,il1r1_perturbed_result_model_4_pred_75_nodropout_perturbed_msa_seed-0_sample-0_model.pdb,5.433281421661377
af3sample2,il1r1_perturbed_result_model_4_pred_76_nodropout_perturbed_msa_seed-0_sample-0_model.pdb,5.644660472869873
af3sample2,il1r1_perturbed_result_model_4_pred_77_nodropout_perturbed_msa_seed-0_sample-0_model.pdb,5.378511428833008
af3sample2,il1r1_perturbed_result_model_4_pred_78_nodropout_perturbed_msa_seed-0_sample-0_model.pdb,5.828152656555176
af3sample2,il1r1_perturbed_result_model_4_pred_79_nodropout_perturbed_msa_seed-0_sample-0_model.pdb,5.811633110046387
af3sample2,il1r1_perturbed_result_model_4_pred_80_nodropout_perturbed_msa_seed-0_sample-0_model.pdb,6.069500923156738
af3sample2,il1r1_perturbed_result_model_4_pred_81_nodropout_perturbed_msa_seed-0_sample-0_model.pdb,6.151603221893311
af3sample2,il1r1_perturbed_result_model_4_pred_82_nodropout_perturbed_msa_seed-0_sample-0_model.pdb,5.806195259094238
af3sample2,il1r1_perturbed_result_model_4_pred_83_nodropout_perturbed_msa_seed-0_sample-0_model.pdb,5.774872303009033
af3sample2,il1r1_perturbed_result_model_4_pred_84_nodropout_perturbed_msa_seed-0_sample-0_model.pdb,5.751883506774902
af3sample2,il1r1_perturbed_result_model_4_pred_85_nodropout_perturbed_msa_seed-0_sample-0_model.pdb,5.798755168914795
af3sample2,il1r1_perturbed_result_model_4_pred_86_nodropout_perturbed_msa_seed-0_sample-0_model.pdb,5.767901420593262
af3sample2,il1r1_perturbed_result_model_4_pred_87_nodropout_perturbed_msa_seed-0_sample-0_model.pdb,6.224756717681885
af3sample2,il1r1_perturbed_result_model_4_pred_88_nodropout_perturbed_msa_seed-0_sample-0_model.pdb,5.657893180847168
af3sample2,il1r1_perturbed_result_model_4_pred_89_nodropout_perturbed_msa_seed-0_sample-0_model.pdb,6.040991306304932
af3sample2,il1r1_perturbed_result_model_4_pred_90_nodropout_perturbed_msa_seed-0_sample-0_model.pdb,5.574362754821777
af3sample2,il1r1_perturbed_result_model_4_pred_91_nodropout_perturbed_msa_seed-0_sample-0_model.pdb,6.18208122253418
af3sample2,il1r1_perturbed_result_model_4_pred_92_nodropout_perturbed_msa_seed-0_sample-0_model.pdb,5.832239151000977
af3sample2,il1r1_perturbed_result_model_4_pred_93_nodropout_perturbed_msa_seed-0_sample-0_model.pdb,6.0197038650512695
af3sample2,il1r1_perturbed_result_model_4_pred_94_nodropout_perturbed_msa_seed-0_sample-0_model.pdb,6.106050968170166
af3sample2,il1r1_perturbed_result_model_4_pred_95_nodropout_perturbed_msa_seed-0_sample-0_model.pdb,5.500038146972656
af3sample2,il1r1_perturbed_result_model_4_pred_96_nodropout_perturbed_msa_seed-0_sample-0_model.pdb,7.389686584472656
af3sample2,il1r1_perturbed_result_model_4_pred_97_nodropout_perturbed_msa_seed-0_sample-0_model.pdb,5.506134986877441
af3sample2,il1r1_perturbed_result_model_4_pred_98_nodropout_perturbed_msa_seed-0_sample-0_model.pdb,5.475451469421387
af3sample2,il1r1_perturbed_result_model_4_pred_99_nodropout_perturbed_msa_seed-0_sample-0_model.pdb,6.055986881256104
af3sample2,il1r1_perturbed_result_model_4_pred_100_nodropout_perturbed_msa_seed-0_sample-0_model.pdb,5.916053771972656
af3sample2,il1r1_perturbed_result_model_5_pred_1_nodropout_perturbed_msa_seed-0_sample-0_model.pdb,5.868893146514893
af3sample2,il1r1_perturbed_result_model_5_pred_2_nodropout_perturbed_msa_seed-0_sample-0_model.pdb,5.563957691192627
af3sample2,il1r1_perturbed_result_model_5_pred_3_nodropout_perturbed_msa_seed-0_sample-0_model.pdb,5.813035011291504
af3sample2,il1r1_perturbed_result_model_5_pred_4_nodropout_perturbed_msa_seed-0_sample-0_model.pdb,6.035264492034912
af3sample2,il1r1_perturbed_result_model_5_pred_5_nodropout_perturbed_msa_seed-0_sample-0_model.pdb,6.117753982543945
af3sample2,il1r1_perturbed_result_model_5_pred_6_nodropout_perturbed_msa_seed-0_sample-0_model.pdb,5.616744995117188
af3sample2,il1r1_perturbed_result_model_5_pred_7_nodropout_perturbed_msa_seed-0_sample-0_model.pdb,5.757068634033203
af3sample2,il1r1_perturbed_result_model_5_pred_8_nodropout_perturbed_msa_seed-0_sample-0_model.pdb,5.674184322357178
af3sample2,il1r1_perturbed_result_model_5_pred_9_nodropout_perturbed_msa_seed-0_sample-0_model.pdb,5.929755210876465
af3sample2,il1r1_perturbed_result_model_5_pred_10_nodropout_perturbed_msa_seed-0_sample-0_model.pdb,5.804429054260254
af3sample2,il1r1_perturbed_result_model_5_pred_11_nodropout_perturbed_msa_seed-0_sample-0_model.pdb,6.929706573486328
af3sample2,il1r1_perturbed_result_model_5_pred_12_nodropout_perturbed_msa_seed-0_sample-0_model.pdb,5.59772539138794
af3sample2,il1r1_perturbed_result_model_5_pred_13_nodropout_perturbed_msa_seed-0_sample-0_model.pdb,5.616404056549072
af3sample2,il1r1_perturbed_result_model_5_pred_14_nodropout_perturbed_msa_seed-0_sample-0_model.pdb,6.977694511413574
af3sample2,il1r1_perturbed_result_model_5_pred_15_nodropout_perturbed_msa_seed-0_sample-0_model.pdb,5.646130084991455
af3sample2,il1r1_perturbed_result_model_5_pred_16_nodropout_perturbed_msa_seed-0_sample-0_model.pdb,6.069268226623535
af3sample2,il1r1_perturbed_result_model_5_pred_17_nodropout_perturbed_msa_seed-0_sample-0_model.pdb,5.656726837158203
af3sample2,il1r1_perturbed_result_model_5_pred_18_nodropout_perturbed_msa_seed-0_sample-0_model.pdb,6.591005802154541
af3sample2,il1r1_perturbed_result_model_5_pred_19_nodropout_perturbed_msa_seed-0_sample-0_model.pdb,5.527574062347412
af3sample2,il1r1_perturbed_result_model_5_pred_20_nodropout_perturbed_msa_seed-0_sample-0_model.pdb,5.557908058166504
af3sample2,il1r1_perturbed_result_model_5_pred_21_nodropout_perturbed_msa_seed-0_sample-0_model.pdb,6.046230792999268
af3sample2,il1r1_perturbed_result_model_5_pred_22_nodropout_perturbed_msa_seed-0_sample-0_model.pdb,5.691532135009766
af3sample2,il1r1_perturbed_result_model_5_pred_23_nodropout_perturbed_msa_seed-0_sample-0_model.pdb,5.7436957359313965
af3sample2,il1r1_perturbed_result_model_5_pred_24_nodropout_perturbed_msa_seed-0_sample-0_model.pdb,5.728200435638428
af3sample2,il1r1_perturbed_result_model_5_pred_25_nodropout_perturbed_msa_seed-0_sample-0_model.pdb,5.702925205230713
af3sample2,il1r1_perturbed_result_model_5_pred_26_nodropout_perturbed_msa_seed-0_sample-0_model.pdb,5.756069183349609
af3sample2,il1r1_perturbed_result_model_5_pred_27_nodropout_perturbed_msa_seed-0_sample-0_model.pdb,5.871356964111328
af3sample2,il1r1_perturbed_result_model_5_pred_28_nodropout_perturbed_msa_seed-0_sample-0_model.pdb,5.645500659942627
af3sample2,il1r1_perturbed_result_model_5_pred_29_nodropout_perturbed_msa_seed-0_sample-0_model.pdb,5.703707695007324
af3sample2,il1r1_perturbed_result_model_5_pred_30_nodropout_perturbed_msa_seed-0_sample-0_model.pdb,5.542247772216797
af3sample2,il1r1_perturbed_result_model_5_pred_31_nodropout_perturbed_msa_seed-0_sample-0_model.pdb,5.6053466796875
af3sample2,il1r1_perturbed_result_model_5_pred_32_nodropout_perturbed_msa_seed-0_sample-0_model.pdb,5.79127311706543
af3sample2,il1r1_perturbed_result_model_5_pred_33_nodropout_perturbed_msa_seed-0_sample-0_model.pdb,6.599143505096436
af3sample2,il1r1_perturbed_result_model_5_pred_34_nodropout_perturbed_msa_seed-0_sample-0_model.pdb,5.689616680145264
af3sample2,il1r1_perturbed_result_model_5_pred_35_nodropout_perturbed_msa_seed-0_sample-0_model.pdb,6.121416568756104
af3sample2,il1r1_perturbed_result_model_5_pred_36_nodropout_perturbed_msa_seed-0_sample-0_model.pdb,5.5965189933776855
af3sample2,il1r1_perturbed_result_model_5_pred_37_nodropout_perturbed_msa_seed-0_sample-0_model.pdb,5.503947734832764
af3sample2,il1r1_perturbed_result_model_5_pred_38_nodropout_perturbed_msa_seed-0_sample-0_model.pdb,5.364896297454834
af3sample2,il1r1_perturbed_result_model_5_pred_39_nodropout_perturbed_msa_seed-0_sample-0_model.pdb,5.838124752044678
af3sample2,il1r1_perturbed_result_model_5_pred_40_nodropout_perturbed_msa_seed-0_sample-0_model.pdb,5.760286331176758
af3sample2,il1r1_perturbed_result_model_5_pred_41_nodropout_perturbed_msa_seed-0_sample-0_model.pdb,5.706676959991455
af3sample2,il1r1_perturbed_result_model_5_pred_42_nodropout_perturbed_msa_seed-0_sample-0_model.pdb,5.552886962890625
af3sample2,il1r1_perturbed_result_model_5_pred_43_nodropout_perturbed_msa_seed-0_sample-0_model.pdb,5.865713596343994
af3sample2,il1r1_perturbed_result_model_5_pred_44_nodropout_perturbed_msa_seed-0_sample-0_model.pdb,5.5718841552734375
af3sample2,il1r1_perturbed_result_model_5_pred_45_nodropout_perturbed_msa_seed-0_sample-0_model.pdb,5.608975410461426
af3sample2,il1r1_perturbed_result_model_5_pred_46_nodropout_perturbed_msa_seed-0_sample-0_model.pdb,5.37937068939209
af3sample2,il1r1_perturbed_result_model_5_pred_47_nodropout_perturbed_msa_seed-0_sample-0_model.pdb,5.212757110595703
af3sample2,il1r1_perturbed_result_model_5_pred_48_nodropout_perturbed_msa_seed-0_sample-0_model.pdb,5.812217712402344
af3sample2,il1r1_perturbed_result_model_5_pred_49_nodropout_perturbed_msa_seed-0_sample-0_model.pdb,5.552672386169434
af3sample2,il1r1_perturbed_result_model_5_pred_50_nodropout_perturbed_msa_seed-0_sample-0_model.pdb,5.634881019592285
af3sample2,il1r1_perturbed_result_model_5_pred_51_nodropout_perturbed_msa_seed-0_sample-0_model.pdb,5.633444786071777
af3sample2,il1r1_perturbed_result_model_5_pred_52_nodropout_perturbed_msa_seed-0_sample-0_model.pdb,5.234229564666748
af3sample2,il1r1_perturbed_result_model_5_pred_53_nodropout_perturbed_msa_seed-0_sample-0_model.pdb,5.97128438949585
af3sample2,il1r1_perturbed_result_model_5_pred_54_nodropout_perturbed_msa_seed-0_sample-0_model.pdb,5.552927970886231
af3sample2,il1r1_perturbed_result_model_5_pred_55_nodropout_perturbed_msa_seed-0_sample-0_model.pdb,5.460667133331299
af3sample2,il1r1_perturbed_result_model_5_pred_56_nodropout_perturbed_msa_seed-0_sample-0_model.pdb,5.652521133422852
af3sample2,il1r1_perturbed_result_model_5_pred_57_nodropout_perturbed_msa_seed-0_sample-0_model.pdb,6.235472202301025
af3sample2,il1r1_perturbed_result_model_5_pred_58_nodropout_perturbed_msa_seed-0_sample-0_model.pdb,6.2413010597229
af3sample2,il1r1_perturbed_result_model_5_pred_59_nodropout_perturbed_msa_seed-0_sample-0_model.pdb,7.672238349914551
af3sample2,il1r1_perturbed_result_model_5_pred_60_nodropout_perturbed_msa_seed-0_sample-0_model.pdb,5.664200782775879
af3sample2,il1r1_perturbed_result_model_5_pred_61_nodropout_perturbed_msa_seed-0_sample-0_model.pdb,6.027976512908936
af3sample2,il1r1_perturbed_result_model_5_pred_62_nodropout_perturbed_msa_seed-0_sample-0_model.pdb,5.683212757110596
af3sample2,il1r1_perturbed_result_model_5_pred_63_nodropout_perturbed_msa_seed-0_sample-0_model.pdb,5.7492289543151855
af3sample2,il1r1_perturbed_result_model_5_pred_64_nodropout_perturbed_msa_seed-0_sample-0_model.pdb,5.602797031402588
af3sample2,il1r1_perturbed_result_model_5_pred_65_nodropout_perturbed_msa_seed-0_sample-0_model.pdb,5.74146842956543
af3sample2,il1r1_perturbed_result_model_5_pred_66_nodropout_perturbed_msa_seed-0_sample-0_model.pdb,5.272741794586182
af3sample2,il1r1_perturbed_result_model_5_pred_67_nodropout_perturbed_msa_seed-0_sample-0_model.pdb,5.461809158325195
af3sample2,il1r1_perturbed_result_model_5_pred_68_nodropout_perturbed_msa_seed-0_sample-0_model.pdb,5.793906211853027
af3sample2,il1r1_perturbed_result_model_5_pred_69_nodropout_perturbed_msa_seed-0_sample-0_model.pdb,5.338625431060791
af3sample2,il1r1_perturbed_result_model_5_pred_70_nodropout_perturbed_msa_seed-0_sample-0_model.pdb,5.668688774108887
af3sample2,il1r1_perturbed_result_model_5_pred_71_nodropout_perturbed_msa_seed-0_sample-0_model.pdb,5.798823356628418
af3sample2,il1r1_perturbed_result_model_5_pred_72_nodropout_perturbed_msa_seed-0_sample-0_model.pdb,5.906342029571533
af3sample2,il1r1_perturbed_result_model_5_pred_73_nodropout_perturbed_msa_seed-0_sample-0_model.pdb,6.197263240814209
af3sample2,il1r1_perturbed_result_model_5_pred_74_nodropout_perturbed_msa_seed-0_sample-0_model.pdb,5.73741626739502
af3sample2,il1r1_perturbed_result_model_5_pred_75_nodropout_perturbed_msa_seed-0_sample-0_model.pdb,5.462482452392578
af3sample2,il1r1_perturbed_result_model_5_pred_76_nodropout_perturbed_msa_seed-0_sample-0_model.pdb,6.332132339477539
af3sample2,il1r1_perturbed_result_model_5_pred_77_nodropout_perturbed_msa_seed-0_sample-0_model.pdb,5.240659236907959
af3sample2,il1r1_perturbed_result_model_5_pred_78_nodropout_perturbed_msa_seed-0_sample-0_model.pdb,5.886187553405762
af3sample2,il1r1_perturbed_result_model_5_pred_79_nodropout_perturbed_msa_seed-0_sample-0_model.pdb,5.803150653839111
af3sample2,il1r1_perturbed_result_model_5_pred_80_nodropout_perturbed_msa_seed-0_sample-0_model.pdb,6.767020225524902
af3sample2,il1r1_perturbed_result_model_5_pred_81_nodropout_perturbed_msa_seed-0_sample-0_model.pdb,5.616447925567627
af3sample2,il1r1_perturbed_result_model_5_pred_82_nodropout_perturbed_msa_seed-0_sample-0_model.pdb,5.816324710845947
af3sample2,il1r1_perturbed_result_model_5_pred_83_nodropout_perturbed_msa_seed-0_sample-0_model.pdb,5.737354755401611
af3sample2,il1r1_perturbed_result_model_5_pred_84_nodropout_perturbed_msa_seed-0_sample-0_model.pdb,5.328245639801025
af3sample2,il1r1_perturbed_result_model_5_pred_85_nodropout_perturbed_msa_seed-0_sample-0_model.pdb,6.517269134521484
af3sample2,il1r1_perturbed_result_model_5_pred_86_nodropout_perturbed_msa_seed-0_sample-0_model.pdb,5.482964038848877
af3sample2,il1r1_perturbed_result_model_5_pred_87_nodropout_perturbed_msa_seed-0_sample-0_model.pdb,5.655365943908691
af3sample2,il1r1_perturbed_result_model_5_pred_88_nodropout_perturbed_msa_seed-0_sample-0_model.pdb,6.067981719970703
af3sample2,il1r1_perturbed_result_model_5_pred_89_nodropout_perturbed_msa_seed-0_sample-0_model.pdb,6.020558834075928
af3sample2,il1r1_perturbed_result_model_5_pred_90_nodropout_perturbed_msa_seed-0_sample-0_model.pdb,6.050887107849121
af3sample2,il1r1_perturbed_result_model_5_pred_91_nodropout_perturbed_msa_seed-0_sample-0_model.pdb,6.184964656829834
af3sample2,il1r1_perturbed_result_model_5_pred_92_nodropout_perturbed_msa_seed-0_sample-0_model.pdb,6.266107082366943
af3sample2,il1r1_perturbed_result_model_5_pred_93_nodropout_perturbed_msa_seed-0_sample-0_model.pdb,5.738824367523193
af3sample2,il1r1_perturbed_result_model_5_pred_94_nodropout_perturbed_msa_seed-0_sample-0_model.pdb,6.021676063537598
af3sample2,il1r1_perturbed_result_model_5_pred_95_nodropout_perturbed_msa_seed-0_sample-0_model.pdb,5.818610191345215
af3sample2,il1r1_perturbed_result_model_5_pred_96_nodropout_perturbed_msa_seed-0_sample-0_model.pdb,5.901657581329346
af3sample2,il1r1_perturbed_result_model_5_pred_97_nodropout_perturbed_msa_seed-0_sample-0_model.pdb,5.608804702758789
af3sample2,il1r1_perturbed_result_model_5_pred_98_nodropout_perturbed_msa_seed-0_sample-0_model.pdb,5.961244106292725
af3sample2,il1r1_perturbed_result_model_5_pred_99_nodropout_perturbed_msa_seed-0_sample-0_model.pdb,5.804524421691895
af3sample2,il1r1_perturbed_result_model_5_pred_100_nodropout_perturbed_msa_seed-0_sample-0_model.pdb,5.247250080108643
af_cluster,1L1R1-clustered__IL1R1_000.a3m_0_unrelaxed_rank_001_alphafold2_ptm_model_1_seed_000.pdb,7.775213241577148
af_cluster,1L1R1-clustered__IL1R1_001.a3m_0_unrelaxed_rank_001_alphafold2_ptm_model_1_seed_000.pdb,12.85468864440918
af_cluster,1L1R1-clustered__IL1R1_002.a3m_0_unrelaxed_rank_001_alphafold2_ptm_model_1_seed_000.pdb,39.302207946777344
af_cluster,1L1R1-clustered__IL1R1_003.a3m_0_unrelaxed_rank_001_alphafold2_ptm_model_1_seed_000.pdb,13.78701114654541
af_cluster,1L1R1-clustered__IL1R1_004.a3m_0_unrelaxed_rank_001_alphafold2_ptm_model_1_seed_000.pdb,32.09232711791992
af_cluster,1L1R1-clustered__IL1R1_005.a3m_0_unrelaxed_rank_001_alphafold2_ptm_model_1_seed_000.pdb,14.904510498046877
af_cluster,1L1R1-clustered__IL1R1_006.a3m_0_unrelaxed_rank_001_alphafold2_ptm_model_1_seed_000.pdb,19.68710708618164
af_cluster,1L1R1-clustered__IL1R1_007.a3m_0_unrelaxed_rank_001_alphafold2_ptm_model_1_seed_000.pdb,43.43935394287109
af_cluster,1L1R1-clustered__IL1R1_008.a3m_0_unrelaxed_rank_001_alphafold2_ptm_model_1_seed_000.pdb,61.01698684692383
af_cluster,1L1R1-clustered__IL1R1_009.a3m_0_unrelaxed_rank_001_alphafold2_ptm_model_1_seed_000.pdb,36.98674392700195
af_cluster,1L1R1-clustered__IL1R1_010.a3m_0_unrelaxed_rank_001_alphafold2_ptm_model_1_seed_000.pdb,7.9115891456604
af_cluster,1L1R1-clustered__IL1R1_011.a3m_0_unrelaxed_rank_001_alphafold2_ptm_model_1_seed_000.pdb,8.011775970458984
af_cluster,1L1R1-clustered__IL1R1_012.a3m_0_unrelaxed_rank_001_alphafold2_ptm_model_1_seed_000.pdb,15.65530490875244
af_cluster,1L1R1-clustered__IL1R1_013.a3m_0_unrelaxed_rank_001_alphafold2_ptm_model_1_seed_000.pdb,27.40872573852539
af_cluster,1L1R1-clustered__IL1R1_014.a3m_0_unrelaxed_rank_001_alphafold2_ptm_model_1_seed_000.pdb,7.634567737579346
af_cluster,1L1R1-clustered__IL1R1_015.a3m_0_unrelaxed_rank_001_alphafold2_ptm_model_1_seed_000.pdb,6.402368068695068
af_cluster,1L1R1-clustered__IL1R1_016.a3m_0_unrelaxed_rank_001_alphafold2_ptm_model_1_seed_000.pdb,58.62051773071289
af_cluster,1L1R1-clustered__IL1R1_017.a3m_0_unrelaxed_rank_001_alphafold2_ptm_model_1_seed_000.pdb,49.22644805908203
af_cluster,1L1R1-clustered__IL1R1_018.a3m_0_unrelaxed_rank_001_alphafold2_ptm_model_1_seed_000.pdb,10.631287574768066
af_cluster,1L1R1-clustered__IL1R1_019.a3m_0_unrelaxed_rank_001_alphafold2_ptm_model_1_seed_000.pdb,6.7654547691345215
af_cluster,1L1R1-clustered__IL1R1_020.a3m_0_unrelaxed_rank_001_alphafold2_ptm_model_1_seed_000.pdb,16.101341247558594
af_cluster,1L1R1-clustered__IL1R1_021.a3m_0_unrelaxed_rank_001_alphafold2_ptm_model_1_seed_000.pdb,26.7641658782959
af_cluster,1L1R1-clustered__IL1R1_022.a3m_0_unrelaxed_rank_001_alphafold2_ptm_model_1_seed_000.pdb,42.04666519165039
af_cluster,1L1R1-clustered__IL1R1_023.a3m_0_unrelaxed_rank_001_alphafold2_ptm_model_1_seed_000.pdb,11.655524253845217
af_cluster,1L1R1-clustered__IL1R1_024.a3m_0_unrelaxed_rank_001_alphafold2_ptm_model_1_seed_000.pdb,31.90719223022461
af_cluster,1L1R1-clustered__IL1R1_025.a3m_0_unrelaxed_rank_001_alphafold2_ptm_model_1_seed_000.pdb,24.269306182861328
af_cluster,1L1R1-clustered__IL1R1_026.a3m_0_unrelaxed_rank_001_alphafold2_ptm_model_1_seed_000.pdb,47.885772705078125
af_cluster,1L1R1-clustered__IL1R1_027.a3m_0_unrelaxed_rank_001_alphafold2_ptm_model_1_seed_000.pdb,28.95639991760254
af_cluster,1L1R1-clustered__IL1R1_028.a3m_0_unrelaxed_rank_001_alphafold2_ptm_model_1_seed_000.pdb,22.154054641723636
af_cluster,1L1R1-clustered__IL1R1_029.a3m_0_unrelaxed_rank_001_alphafold2_ptm_model_1_seed_000.pdb,31.94777107238769
af_cluster,1L1R1-clustered__IL1R1_030.a3m_0_unrelaxed_rank_001_alphafold2_ptm_model_1_seed_000.pdb,44.40782928466797
af_cluster,1L1R1-clustered__IL1R1_031.a3m_0_unrelaxed_rank_001_alphafold2_ptm_model_1_seed_000.pdb,30.44789695739746
af_cluster,1L1R1-clustered__IL1R1_032.a3m_0_unrelaxed_rank_001_alphafold2_ptm_model_1_seed_000.pdb,37.74116134643555
af_cluster,1L1R1-clustered__IL1R1_033.a3m_0_unrelaxed_rank_001_alphafold2_ptm_model_1_seed_000.pdb,28.11587905883789
af_cluster,1L1R1-clustered__IL1R1_034.a3m_0_unrelaxed_rank_001_alphafold2_ptm_model_1_seed_000.pdb,15.1517915725708
af_cluster,1L1R1-clustered__IL1R1_035.a3m_0_unrelaxed_rank_001_alphafold2_ptm_model_1_seed_000.pdb,33.26860046386719
af_cluster,1L1R1-clustered__IL1R1_036.a3m_0_unrelaxed_rank_001_alphafold2_ptm_model_1_seed_000.pdb,22.332067489624023
af_cluster,1L1R1-clustered__IL1R1_037.a3m_0_unrelaxed_rank_001_alphafold2_ptm_model_1_seed_000.pdb,51.99942779541016
af_cluster,1L1R1-clustered__IL1R1_038.a3m_0_unrelaxed_rank_001_alphafold2_ptm_model_1_seed_000.pdb,14.09007453918457
af_cluster,1L1R1-clustered__IL1R1_039.a3m_0_unrelaxed_rank_001_alphafold2_ptm_model_1_seed_000.pdb,25.06202888488769
af_cluster,1L1R1-clustered__IL1R1_040.a3m_0_unrelaxed_rank_001_alphafold2_ptm_model_1_seed_000.pdb,34.87699508666992
af_cluster,1L1R1-clustered__IL1R1_041.a3m_0_unrelaxed_rank_001_alphafold2_ptm_model_1_seed_000.pdb,15.169620513916016
af_cluster,1L1R1-clustered__IL1R1_042.a3m_0_unrelaxed_rank_001_alphafold2_ptm_model_1_seed_000.pdb,52.71376037597656
af_cluster,1L1R1-clustered__IL1R1_043.a3m_0_unrelaxed_rank_001_alphafold2_ptm_model_1_seed_000.pdb,13.516290664672852
af_cluster,1L1R1-clustered__IL1R1_044.a3m_0_unrelaxed_rank_001_alphafold2_ptm_model_1_seed_000.pdb,50.066192626953125
af_cluster,1L1R1-clustered__IL1R1_045.a3m_0_unrelaxed_rank_001_alphafold2_ptm_model_1_seed_000.pdb,50.75064468383789
af_cluster,1L1R1-clustered__IL1R1_046.a3m_0_unrelaxed_rank_001_alphafold2_ptm_model_1_seed_000.pdb,7.982558727264404
af_cluster,1L1R1-clustered__IL1R1_047.a3m_0_unrelaxed_rank_001_alphafold2_ptm_model_1_seed_000.pdb,32.76804733276367
af_cluster,1L1R1-clustered__IL1R1_048.a3m_0_unrelaxed_rank_001_alphafold2_ptm_model_1_seed_000.pdb,53.30743789672852
af_cluster,1L1R1-clustered__IL1R1_049.a3m_0_unrelaxed_rank_001_alphafold2_ptm_model_1_seed_000.pdb,56.605506896972656
af_cluster,1L1R1-clustered__IL1R1_050.a3m_0_unrelaxed_rank_001_alphafold2_ptm_model_1_seed_000.pdb,55.221458435058594
af_cluster,1L1R1-clustered__IL1R1_051.a3m_0_unrelaxed_rank_001_alphafold2_ptm_model_1_seed_000.pdb,30.521018981933597
af_cluster,1L1R1-clustered__IL1R1_052.a3m_0_unrelaxed_rank_001_alphafold2_ptm_model_1_seed_000.pdb,29.11444091796875
af_cluster,1L1R1-clustered__IL1R1_053.a3m_0_unrelaxed_rank_001_alphafold2_ptm_model_1_seed_000.pdb,40.07192993164063
af_cluster,1L1R1-clustered__IL1R1_054.a3m_0_unrelaxed_rank_001_alphafold2_ptm_model_1_seed_000.pdb,44.09822082519531
af_cluster,1L1R1-clustered__IL1R1_U10-000.a3m_0_unrelaxed_rank_001_alphafold2_ptm_model_1_seed_000.pdb,6.496650218963623
af_cluster,1L1R1-clustered__IL1R1_U10-001.a3m_0_unrelaxed_rank_001_alphafold2_ptm_model_1_seed_000.pdb,6.615162372589111
af_cluster,1L1R1-clustered__IL1R1_U10-002.a3m_0_unrelaxed_rank_001_alphafold2_ptm_model_1_seed_000.pdb,4.791648387908936
af_cluster,1L1R1-clustered__IL1R1_U10-003.a3m_0_unrelaxed_rank_001_alphafold2_ptm_model_1_seed_000.pdb,7.469973087310791
af_cluster,1L1R1-clustered__IL1R1_U10-004.a3m_0_unrelaxed_rank_001_alphafold2_ptm_model_1_seed_000.pdb,7.200648784637451
af_cluster,1L1R1-clustered__IL1R1_U10-005.a3m_0_unrelaxed_rank_001_alphafold2_ptm_model_1_seed_000.pdb,7.176687240600586
af_cluster,1L1R1-clustered__IL1R1_U10-006.a3m_0_unrelaxed_rank_001_alphafold2_ptm_model_1_seed_000.pdb,8.64750862121582
af_cluster,1L1R1-clustered__IL1R1_U10-007.a3m_0_unrelaxed_rank_001_alphafold2_ptm_model_1_seed_000.pdb,5.165794849395752
af_cluster,1L1R1-clustered__IL1R1_U10-008.a3m_0_unrelaxed_rank_001_alphafold2_ptm_model_1_seed_000.pdb,6.101109981536865
af_cluster,1L1R1-clustered__IL1R1_U10-009.a3m_0_unrelaxed_rank_001_alphafold2_ptm_model_1_seed_000.pdb,6.322418212890625
af_cluster,1L1R1-clustered__IL1R1_U100-000.a3m_0_unrelaxed_rank_001_alphafold2_ptm_model_1_seed_000.pdb,5.072382926940918
af_cluster,1L1R1-clustered__IL1R1_U100-001.a3m_0_unrelaxed_rank_001_alphafold2_ptm_model_1_seed_000.pdb,6.476067543029785
af_cluster,1L1R1-clustered__IL1R1_U100-002.a3m_0_unrelaxed_rank_001_alphafold2_ptm_model_1_seed_000.pdb,4.657835960388184
af_cluster,1L1R1-clustered__IL1R1_U100-003.a3m_0_unrelaxed_rank_001_alphafold2_ptm_model_1_seed_000.pdb,7.048999309539795
af_cluster,1L1R1-clustered__IL1R1_U100-004.a3m_0_unrelaxed_rank_001_alphafold2_ptm_model_1_seed_000.pdb,5.232062816619873
af_cluster,1L1R1-clustered__IL1R1_U100-005.a3m_0_unrelaxed_rank_001_alphafold2_ptm_model_1_seed_000.pdb,7.771370410919189
af_cluster,1L1R1-clustered__IL1R1_U100-006.a3m_0_unrelaxed_rank_001_alphafold2_ptm_model_1_seed_000.pdb,5.139900207519531
af_cluster,1L1R1-clustered__IL1R1_U100-007.a3m_0_unrelaxed_rank_001_alphafold2_ptm_model_1_seed_000.pdb,4.985138893127441
af_cluster,1L1R1-clustered__IL1R1_U100-008.a3m_0_unrelaxed_rank_001_alphafold2_ptm_model_1_seed_000.pdb,5.0692949295043945
af_cluster,1L1R1-clustered__IL1R1_U100-009.a3m_0_unrelaxed_rank_001_alphafold2_ptm_model_1_seed_000.pdb,7.204927444458008
afsample2,unrelaxed_model_1_pred_1_rand0.15_nodropout.pdb,5.277886867523193
afsample2,unrelaxed_model_1_pred_2_rand0.15_nodropout.pdb,5.404514312744141
afsample2,unrelaxed_model_1_pred_3_rand0.15_nodropout.pdb,5.243714332580566
afsample2,unrelaxed_model_1_pred_4_rand0.15_nodropout.pdb,6.184984683990479
afsample2,unrelaxed_model_1_pred_5_rand0.15_nodropout.pdb,5.276603698730469
afsample2,unrelaxed_model_1_pred_6_rand0.15_nodropout.pdb,4.972518444061279
afsample2,unrelaxed_model_1_pred_7_rand0.15_nodropout.pdb,5.176481246948242
afsample2,unrelaxed_model_1_pred_8_rand0.15_nodropout.pdb,5.223158359527588
afsample2,unrelaxed_model_1_pred_9_rand0.15_nodropout.pdb,5.035284996032715
afsample2,unrelaxed_model_1_pred_10_rand0.15_nodropout.pdb,5.019134998321533
afsample2,unrelaxed_model_1_pred_11_rand0.15_nodropout.pdb,4.95371150970459
afsample2,unrelaxed_model_1_pred_12_rand0.15_nodropout.pdb,7.366642951965332
afsample2,unrelaxed_model_1_pred_13_rand0.15_nodropout.pdb,4.115926742553711
afsample2,unrelaxed_model_1_pred_14_rand0.15_nodropout.pdb,4.6358323097229
afsample2,unrelaxed_model_1_pred_15_rand0.15_nodropout.pdb,6.622170448303223
afsample2,unrelaxed_model_1_pred_16_rand0.15_nodropout.pdb,6.145586490631104
afsample2,unrelaxed_model_1_pred_17_rand0.15_nodropout.pdb,4.262633800506592
afsample2,unrelaxed_model_1_pred_18_rand0.15_nodropout.pdb,5.951312065124512
afsample2,unrelaxed_model_1_pred_19_rand0.15_nodropout.pdb,5.448310375213623
afsample2,unrelaxed_model_1_pred_20_rand0.15_nodropout.pdb,4.966907501220703
afsample2,unrelaxed_model_1_pred_21_rand0.15_nodropout.pdb,4.813587188720703
afsample2,unrelaxed_model_1_pred_22_rand0.15_nodropout.pdb,5.528667449951172
afsample2,unrelaxed_model_1_pred_23_rand0.15_nodropout.pdb,5.004034519195557
afsample2,unrelaxed_model_1_pred_24_rand0.15_nodropout.pdb,5.019991397857666
afsample2,unrelaxed_model_1_pred_25_rand0.15_nodropout.pdb,5.528605937957764
afsample2,unrelaxed_model_1_pred_26_rand0.15_nodropout.pdb,5.132432460784912
afsample2,unrelaxed_model_1_pred_27_rand0.15_nodropout.pdb,5.449254035949707
afsample2,unrelaxed_model_1_pred_28_rand0.15_nodropout.pdb,6.555017948150635
afsample2,unrelaxed_model_1_pred_29_rand0.15_nodropout.pdb,6.386545658111572
afsample2,unrelaxed_model_1_pred_30_rand0.15_nodropout.pdb,6.185843467712402
afsample2,unrelaxed_model_1_pred_31_rand0.15_nodropout.pdb,4.597831726074219
afsample2,unrelaxed_model_1_pred_32_rand0.15_nodropout.pdb,4.278923034667969
afsample2,unrelaxed_model_1_pred_33_rand0.15_nodropout.pdb,7.423134803771973
afsample2,unrelaxed_model_1_pred_34_rand0.15_nodropout.pdb,6.198833465576172
afsample2,unrelaxed_model_1_pred_35_rand0.15_nodropout.pdb,4.514933109283447
afsample2,unrelaxed_model_1_pred_36_rand0.15_nodropout.pdb,5.05381441116333
afsample2,unrelaxed_model_1_pred_37_rand0.15_nodropout.pdb,5.27927827835083
afsample2,unrelaxed_model_1_pred_38_rand0.15_nodropout.pdb,5.536261081695557
afsample2,unrelaxed_model_1_pred_39_rand0.15_nodropout.pdb,5.275976657867432
afsample2,unrelaxed_model_1_pred_40_rand0.15_nodropout.pdb,5.664650917053223
afsample2,unrelaxed_model_1_pred_41_rand0.15_nodropout.pdb,7.515003681182861
afsample2,unrelaxed_model_1_pred_42_rand0.15_nodropout.pdb,5.082584857940674
afsample2,unrelaxed_model_1_pred_43_rand0.15_nodropout.pdb,7.316621780395508
afsample2,unrelaxed_model_1_pred_44_rand0.15_nodropout.pdb,4.99766206741333
afsample2,unrelaxed_model_1_pred_45_rand0.15_nodropout.pdb,5.470414638519287
afsample2,unrelaxed_model_1_pred_46_rand0.15_nodropout.pdb,3.654675960540772
afsample2,unrelaxed_model_1_pred_47_rand0.15_nodropout.pdb,6.708022594451904
afsample2,unrelaxed_model_1_pred_48_rand0.15_nodropout.pdb,4.810673236846924
afsample2,unrelaxed_model_1_pred_49_rand0.15_nodropout.pdb,5.102996826171875
afsample2,unrelaxed_model_1_pred_50_rand0.15_nodropout.pdb,4.80955696105957
afsample2,unrelaxed_model_1_pred_51_rand0.15_nodropout.pdb,5.3335862159729
afsample2,unrelaxed_model_1_pred_52_rand0.15_nodropout.pdb,5.07941484451294
afsample2,unrelaxed_model_1_pred_53_rand0.15_nodropout.pdb,5.66212797164917
afsample2,unrelaxed_model_1_pred_54_rand0.15_nodropout.pdb,4.854597568511963
afsample2,unrelaxed_model_1_pred_55_rand0.15_nodropout.pdb,4.781236171722412
afsample2,unrelaxed_model_1_pred_56_rand0.15_nodropout.pdb,5.004953384399414
afsample2,unrelaxed_model_1_pred_57_rand0.15_nodropout.pdb,4.56497859954834
afsample2,unrelaxed_model_1_pred_58_rand0.15_nodropout.pdb,6.1821608543396
afsample2,unrelaxed_model_1_pred_59_rand0.15_nodropout.pdb,7.49200963973999
afsample2,unrelaxed_model_1_pred_60_rand0.15_nodropout.pdb,4.971235275268555
afsample2,unrelaxed_model_1_pred_61_rand0.15_nodropout.pdb,5.000641345977783
afsample2,unrelaxed_model_1_pred_62_rand0.15_nodropout.pdb,5.084592342376709
afsample2,unrelaxed_model_1_pred_63_rand0.15_nodropout.pdb,4.758311748504639
afsample2,unrelaxed_model_1_pred_64_rand0.15_nodropout.pdb,5.951164722442627
afsample2,unrelaxed_model_1_pred_65_rand0.15_nodropout.pdb,6.0871686935424805
afsample2,unrelaxed_model_1_pred_66_rand0.15_nodropout.pdb,6.683034896850586
afsample2,unrelaxed_model_1_pred_67_rand0.15_nodropout.pdb,4.745329856872559
afsample2,unrelaxed_model_1_pred_68_rand0.15_nodropout.pdb,4.651266574859619
afsample2,unrelaxed_model_1_pred_69_rand0.15_nodropout.pdb,5.22014856338501
afsample2,unrelaxed_model_1_pred_70_rand0.15_nodropout.pdb,7.057586193084717
afsample2,unrelaxed_model_1_pred_71_rand0.15_nodropout.pdb,4.814914226531982
afsample2,unrelaxed_model_1_pred_72_rand0.15_nodropout.pdb,6.908323287963867
afsample2,unrelaxed_model_1_pred_73_rand0.15_nodropout.pdb,7.0907883644104
afsample2,unrelaxed_model_1_pred_74_rand0.15_nodropout.pdb,5.432321071624756
afsample2,unrelaxed_model_1_pred_75_rand0.15_nodropout.pdb,4.883118629455566
afsample2,unrelaxed_model_1_pred_76_rand0.15_nodropout.pdb,5.385973930358887
afsample2,unrelaxed_model_1_pred_77_rand0.15_nodropout.pdb,4.784714698791504
afsample2,unrelaxed_model_1_pred_78_rand0.15_nodropout.pdb,5.109727382659912
afsample2,unrelaxed_model_1_pred_79_rand0.15_nodropout.pdb,5.078079700469971
afsample2,unrelaxed_model_1_pred_80_rand0.15_nodropout.pdb,4.85494327545166
afsample2,unrelaxed_model_1_pred_81_rand0.15_nodropout.pdb,6.032413482666016
afsample2,unrelaxed_model_1_pred_82_rand0.15_nodropout.pdb,5.329061985015869
afsample2,unrelaxed_model_1_pred_83_rand0.15_nodropout.pdb,4.750303268432617
afsample2,unrelaxed_model_1_pred_84_rand0.15_nodropout.pdb,4.871684074401856
afsample2,unrelaxed_model_1_pred_85_rand0.15_nodropout.pdb,5.280141353607178
afsample2,unrelaxed_model_1_pred_86_rand0.15_nodropout.pdb,5.171109676361084
afsample2,unrelaxed_model_1_pred_87_rand0.15_nodropout.pdb,4.539998531341553
afsample2,unrelaxed_model_1_pred_88_rand0.15_nodropout.pdb,6.5815300941467285
afsample2,unrelaxed_model_1_pred_89_rand0.15_nodropout.pdb,5.42500638961792
afsample2,unrelaxed_model_1_pred_90_rand0.15_nodropout.pdb,4.438013076782227
afsample2,unrelaxed_model_1_pred_91_rand0.15_nodropout.pdb,4.952696800231934
afsample2,unrelaxed_model_1_pred_92_rand0.15_nodropout.pdb,4.850109100341797
afsample2,unrelaxed_model_1_pred_93_rand0.15_nodropout.pdb,5.228169918060303
afsample2,unrelaxed_model_1_pred_94_rand0.15_nodropout.pdb,5.344465732574463
afsample2,unrelaxed_model_1_pred_95_rand0.15_nodropout.pdb,5.432192325592041
afsample2,unrelaxed_model_1_pred_96_rand0.15_nodropout.pdb,4.982787609100342
afsample2,unrelaxed_model_1_pred_97_rand0.15_nodropout.pdb,6.7248358726501465
afsample2,unrelaxed_model_1_pred_98_rand0.15_nodropout.pdb,4.846785068511963
afsample2,unrelaxed_model_1_pred_99_rand0.15_nodropout.pdb,4.964252948760986
afsample2,unrelaxed_model_1_pred_100_rand0.15_nodropout.pdb,6.11824893951416
afsample2,unrelaxed_model_2_pred_1_rand0.15_nodropout.pdb,6.615433216094971
afsample2,unrelaxed_model_2_pred_2_rand0.15_nodropout.pdb,4.83390998840332
afsample2,unrelaxed_model_2_pred_3_rand0.15_nodropout.pdb,4.562145709991455
afsample2,unrelaxed_model_2_pred_4_rand0.15_nodropout.pdb,6.092639923095703
afsample2,unrelaxed_model_2_pred_5_rand0.15_nodropout.pdb,6.578173637390137
afsample2,unrelaxed_model_2_pred_6_rand0.15_nodropout.pdb,5.24167537689209
afsample2,unrelaxed_model_2_pred_7_rand0.15_nodropout.pdb,5.062094688415527
afsample2,unrelaxed_model_2_pred_8_rand0.15_nodropout.pdb,6.677762031555176
afsample2,unrelaxed_model_2_pred_9_rand0.15_nodropout.pdb,6.45088529586792
afsample2,unrelaxed_model_2_pred_10_rand0.15_nodropout.pdb,4.779491424560547
afsample2,unrelaxed_model_2_pred_11_rand0.15_nodropout.pdb,6.343240737915039
afsample2,unrelaxed_model_2_pred_12_rand0.15_nodropout.pdb,5.846013069152832
afsample2,unrelaxed_model_2_pred_13_rand0.15_nodropout.pdb,6.570315361022949
afsample2,unrelaxed_model_2_pred_14_rand0.15_nodropout.pdb,6.261526107788086
afsample2,unrelaxed_model_2_pred_15_rand0.15_nodropout.pdb,4.756751537322998
afsample2,unrelaxed_model_2_pred_16_rand0.15_nodropout.pdb,7.407436370849609
afsample2,unrelaxed_model_2_pred_17_rand0.15_nodropout.pdb,5.048862457275391
afsample2,unrelaxed_model_2_pred_18_rand0.15_nodropout.pdb,6.670073509216309
afsample2,unrelaxed_model_2_pred_19_rand0.15_nodropout.pdb,6.434893608093262
afsample2,unrelaxed_model_2_pred_20_rand0.15_nodropout.pdb,6.380338191986084
afsample2,unrelaxed_model_2_pred_21_rand0.15_nodropout.pdb,5.694657325744629
afsample2,unrelaxed_model_2_pred_22_rand0.15_nodropout.pdb,6.5440778732299805
afsample2,unrelaxed_model_2_pred_23_rand0.15_nodropout.pdb,6.288389205932617
afsample2,unrelaxed_model_2_pred_24_rand0.15_nodropout.pdb,4.643272876739502
afsample2,unrelaxed_model_2_pred_25_rand0.15_nodropout.pdb,7.335786819458008
afsample2,unrelaxed_model_2_pred_26_rand0.15_nodropout.pdb,5.980608940124512
afsample2,unrelaxed_model_2_pred_27_rand0.15_nodropout.pdb,5.077693462371826
afsample2,unrelaxed_model_2_pred_28_rand0.15_nodropout.pdb,5.750966548919678
afsample2,unrelaxed_model_2_pred_29_rand0.15_nodropout.pdb,6.266973495483398
afsample2,unrelaxed_model_2_pred_30_rand0.15_nodropout.pdb,5.644022464752197
afsample2,unrelaxed_model_2_pred_31_rand0.15_nodropout.pdb,5.6388020515441895
afsample2,unrelaxed_model_2_pred_32_rand0.15_nodropout.pdb,4.579509735107422
afsample2,unrelaxed_model_2_pred_33_rand0.15_nodropout.pdb,4.990447998046875
afsample2,unrelaxed_model_2_pred_34_rand0.15_nodropout.pdb,6.0128679275512695
afsample2,unrelaxed_model_2_pred_35_rand0.15_nodropout.pdb,7.743393898010254
afsample2,unrelaxed_model_2_pred_36_rand0.15_nodropout.pdb,5.367382049560547
afsample2,unrelaxed_model_2_pred_37_rand0.15_nodropout.pdb,5.780518531799316
afsample2,unrelaxed_model_2_pred_38_rand0.15_nodropout.pdb,6.919152736663818
afsample2,unrelaxed_model_2_pred_39_rand0.15_nodropout.pdb,6.210583686828613
afsample2,unrelaxed_model_2_pred_40_rand0.15_nodropout.pdb,6.7311201095581055
afsample2,unrelaxed_model_2_pred_41_rand0.15_nodropout.pdb,6.981184959411621
afsample2,unrelaxed_model_2_pred_42_rand0.15_nodropout.pdb,5.097367286682129
afsample2,unrelaxed_model_2_pred_43_rand0.15_nodropout.pdb,4.347620010375977
afsample2,unrelaxed_model_2_pred_44_rand0.15_nodropout.pdb,5.853540420532227
afsample2,unrelaxed_model_2_pred_45_rand0.15_nodropout.pdb,4.568386077880859
afsample2,unrelaxed_model_2_pred_46_rand0.15_nodropout.pdb,5.8089447021484375
afsample2,unrelaxed_model_2_pred_47_rand0.15_nodropout.pdb,6.241329669952393
afsample2,unrelaxed_model_2_pred_48_rand0.15_nodropout.pdb,4.611758232116699
afsample2,unrelaxed_model_2_pred_49_rand0.15_nodropout.pdb,6.052037715911865
afsample2,unrelaxed_model_2_pred_50_rand0.15_nodropout.pdb,5.426511287689209
afsample2,unrelaxed_model_2_pred_51_rand0.15_nodropout.pdb,5.448745250701904
afsample2,unrelaxed_model_2_pred_52_rand0.15_nodropout.pdb,7.1470232009887695
afsample2,unrelaxed_model_2_pred_53_rand0.15_nodropout.pdb,5.957215309143066
afsample2,unrelaxed_model_2_pred_54_rand0.15_nodropout.pdb,5.560627460479736
afsample2,unrelaxed_model_2_pred_55_rand0.15_nodropout.pdb,5.602409362792969
afsample2,unrelaxed_model_2_pred_56_rand0.15_nodropout.pdb,6.411788940429688
afsample2,unrelaxed_model_2_pred_57_rand0.15_nodropout.pdb,6.344949722290039
afsample2,unrelaxed_model_2_pred_58_rand0.15_nodropout.pdb,4.200240135192871
afsample2,unrelaxed_model_2_pred_59_rand0.15_nodropout.pdb,4.537405967712402
afsample2,unrelaxed_model_2_pred_60_rand0.15_nodropout.pdb,5.886125564575195
afsample2,unrelaxed_model_2_pred_61_rand0.15_nodropout.pdb,7.3542094230651855
afsample2,unrelaxed_model_2_pred_62_rand0.15_nodropout.pdb,4.827382564544678
afsample2,unrelaxed_model_2_pred_63_rand0.15_nodropout.pdb,6.667605876922607
afsample2,unrelaxed_model_2_pred_64_rand0.15_nodropout.pdb,7.1758012771606445
afsample2,unrelaxed_model_2_pred_65_rand0.15_nodropout.pdb,4.564980030059815
afsample2,unrelaxed_model_2_pred_66_rand0.15_nodropout.pdb,5.054656028747559
afsample2,unrelaxed_model_2_pred_67_rand0.15_nodropout.pdb,3.775912046432495
afsample2,unrelaxed_model_2_pred_68_rand0.15_nodropout.pdb,5.840315818786621
afsample2,unrelaxed_model_2_pred_69_rand0.15_nodropout.pdb,4.215086936950684
afsample2,unrelaxed_model_2_pred_70_rand0.15_nodropout.pdb,5.113102436065674
afsample2,unrelaxed_model_2_pred_71_rand0.15_nodropout.pdb,6.8496809005737305
afsample2,unrelaxed_model_2_pred_72_rand0.15_nodropout.pdb,5.325706005096436
afsample2,unrelaxed_model_2_pred_73_rand0.15_nodropout.pdb,6.559217929840088
afsample2,unrelaxed_model_2_pred_74_rand0.15_nodropout.pdb,6.47610330581665
afsample2,unrelaxed_model_2_pred_75_rand0.15_nodropout.pdb,7.782210350036621
afsample2,unrelaxed_model_2_pred_76_rand0.15_nodropout.pdb,6.094210147857666
afsample2,unrelaxed_model_2_pred_77_rand0.15_nodropout.pdb,5.835620403289795
afsample2,unrelaxed_model_2_pred_78_rand0.15_nodropout.pdb,4.982534885406494
afsample2,unrelaxed_model_2_pred_79_rand0.15_nodropout.pdb,5.798277854919434
afsample2,unrelaxed_model_2_pred_80_rand0.15_nodropout.pdb,4.490696907043457
afsample2,unrelaxed_model_2_pred_81_rand0.15_nodropout.pdb,6.472036838531494
afsample2,unrelaxed_model_2_pred_82_rand0.15_nodropout.pdb,5.156720161437988
afsample2,unrelaxed_model_2_pred_83_rand0.15_nodropout.pdb,6.4611496925354
afsample2,unrelaxed_model_2_pred_84_rand0.15_nodropout.pdb,7.546665668487549
afsample2,unrelaxed_model_2_pred_85_rand0.15_nodropout.pdb,4.578619956970215
afsample2,unrelaxed_model_2_pred_86_rand0.15_nodropout.pdb,5.6024017333984375
afsample2,unrelaxed_model_2_pred_87_rand0.15_nodropout.pdb,4.640979766845703
afsample2,unrelaxed_model_2_pred_88_rand0.15_nodropout.pdb,6.594162940979004
afsample2,unrelaxed_model_2_pred_89_rand0.15_nodropout.pdb,6.7410759925842285
afsample2,unrelaxed_model_2_pred_90_rand0.15_nodropout.pdb,5.894341945648193
afsample2,unrelaxed_model_2_pred_91_rand0.15_nodropout.pdb,5.395109176635742
afsample2,unrelaxed_model_2_pred_92_rand0.15_nodropout.pdb,7.51987361907959
afsample2,unrelaxed_model_2_pred_93_rand0.15_nodropout.pdb,4.151346206665039
afsample2,unrelaxed_model_2_pred_94_rand0.15_nodropout.pdb,7.398095607757568
afsample2,unrelaxed_model_2_pred_95_rand0.15_nodropout.pdb,5.944036960601807
afsample2,unrelaxed_model_2_pred_96_rand0.15_nodropout.pdb,7.170083522796631
afsample2,unrelaxed_model_2_pred_97_rand0.15_nodropout.pdb,5.464046001434326
afsample2,unrelaxed_model_2_pred_98_rand0.15_nodropout.pdb,7.07846736907959
afsample2,unrelaxed_model_2_pred_99_rand0.15_nodropout.pdb,6.388902187347412
afsample2,unrelaxed_model_2_pred_100_rand0.15_nodropout.pdb,7.37429666519165
afsample2,unrelaxed_model_3_pred_1_rand0.15_nodropout.pdb,6.727675914764404
afsample2,unrelaxed_model_3_pred_2_rand0.15_nodropout.pdb,4.120274543762207
afsample2,unrelaxed_model_3_pred_3_rand0.15_nodropout.pdb,6.124400615692139
afsample2,unrelaxed_model_3_pred_4_rand0.15_nodropout.pdb,6.202857494354248
afsample2,unrelaxed_model_3_pred_5_rand0.15_nodropout.pdb,5.071583271026611
afsample2,unrelaxed_model_3_pred_6_rand0.15_nodropout.pdb,5.478318691253662
afsample2,unrelaxed_model_3_pred_7_rand0.15_nodropout.pdb,5.376402854919434
afsample2,unrelaxed_model_3_pred_8_rand0.15_nodropout.pdb,5.314910888671875
afsample2,unrelaxed_model_3_pred_9_rand0.15_nodropout.pdb,6.544884204864502
afsample2,unrelaxed_model_3_pred_10_rand0.15_nodropout.pdb,6.731391429901123
afsample2,unrelaxed_model_3_pred_11_rand0.15_nodropout.pdb,7.117245197296143
afsample2,unrelaxed_model_3_pred_12_rand0.15_nodropout.pdb,5.473604679107666
afsample2,unrelaxed_model_3_pred_13_rand0.15_nodropout.pdb,5.803993701934815
afsample2,unrelaxed_model_3_pred_14_rand0.15_nodropout.pdb,6.275140762329102
afsample2,unrelaxed_model_3_pred_15_rand0.15_nodropout.pdb,6.715789318084717
afsample2,unrelaxed_model_3_pred_16_rand0.15_nodropout.pdb,5.42039966583252
afsample2,unrelaxed_model_3_pred_17_rand0.15_nodropout.pdb,5.499056339263916
afsample2,unrelaxed_model_3_pred_18_rand0.15_nodropout.pdb,6.244446277618408
afsample2,unrelaxed_model_3_pred_19_rand0.15_nodropout.pdb,5.9931321144104
afsample2,unrelaxed_model_3_pred_20_rand0.15_nodropout.pdb,6.492281913757324
afsample2,unrelaxed_model_3_pred_21_rand0.15_nodropout.pdb,5.898317813873291
afsample2,unrelaxed_model_3_pred_22_rand0.15_nodropout.pdb,5.971951961517334
afsample2,unrelaxed_model_3_pred_23_rand0.15_nodropout.pdb,5.559871196746826
afsample2,unrelaxed_model_3_pred_24_rand0.15_nodropout.pdb,5.134124279022217
afsample2,unrelaxed_model_3_pred_25_rand0.15_nodropout.pdb,5.987975597381592
afsample2,unrelaxed_model_3_pred_26_rand0.15_nodropout.pdb,5.786525726318359
afsample2,unrelaxed_model_3_pred_27_rand0.15_nodropout.pdb,4.983536243438721
afsample2,unrelaxed_model_3_pred_28_rand0.15_nodropout.pdb,6.5442214012146
afsample2,unrelaxed_model_3_pred_29_rand0.15_nodropout.pdb,6.808063507080078
afsample2,unrelaxed_model_3_pred_30_rand0.15_nodropout.pdb,4.782705307006836
afsample2,unrelaxed_model_3_pred_31_rand0.15_nodropout.pdb,5.640449047088623
afsample2,unrelaxed_model_3_pred_32_rand0.15_nodropout.pdb,5.183119773864746
afsample2,unrelaxed_model_3_pred_33_rand0.15_nodropout.pdb,6.09447193145752
afsample2,unrelaxed_model_3_pred_34_rand0.15_nodropout.pdb,5.810687065124512
afsample2,unrelaxed_model_3_pred_35_rand0.15_nodropout.pdb,5.355803489685059
afsample2,unrelaxed_model_3_pred_36_rand0.15_nodropout.pdb,4.378563404083252
afsample2,unrelaxed_model_3_pred_37_rand0.15_nodropout.pdb,5.6266069412231445
afsample2,unrelaxed_model_3_pred_38_rand0.15_nodropout.pdb,5.087195873260498
afsample2,unrelaxed_model_3_pred_39_rand0.15_nodropout.pdb,4.844381809234619
afsample2,unrelaxed_model_3_pred_40_rand0.15_nodropout.pdb,5.652965545654297
afsample2,unrelaxed_model_3_pred_41_rand0.15_nodropout.pdb,5.023067951202393
afsample2,unrelaxed_model_3_pred_42_rand0.15_nodropout.pdb,5.277220249176025
afsample2,unrelaxed_model_3_pred_43_rand0.15_nodropout.pdb,6.008713722229004
afsample2,unrelaxed_model_3_pred_44_rand0.15_nodropout.pdb,7.729159355163574
afsample2,unrelaxed_model_3_pred_45_rand0.15_nodropout.pdb,6.482801914215088
afsample2,unrelaxed_model_3_pred_46_rand0.15_nodropout.pdb,5.866397380828857
afsample2,unrelaxed_model_3_pred_47_rand0.15_nodropout.pdb,5.050558090209961
afsample2,unrelaxed_model_3_pred_48_rand0.15_nodropout.pdb,5.966140270233154
afsample2,unrelaxed_model_3_pred_49_rand0.15_nodropout.pdb,4.835109233856201
afsample2,unrelaxed_model_3_pred_50_rand0.15_nodropout.pdb,6.483233451843262
afsample2,unrelaxed_model_3_pred_51_rand0.15_nodropout.pdb,6.571102619171143
afsample2,unrelaxed_model_3_pred_52_rand0.15_nodropout.pdb,5.602853775024414
afsample2,unrelaxed_model_3_pred_53_rand0.15_nodropout.pdb,4.682268142700195
afsample2,unrelaxed_model_3_pred_54_rand0.15_nodropout.pdb,5.69985294342041
afsample2,unrelaxed_model_3_pred_55_rand0.15_nodropout.pdb,6.009446620941162
afsample2,unrelaxed_model_3_pred_56_rand0.15_nodropout.pdb,7.413275241851807
afsample2,unrelaxed_model_3_pred_57_rand0.15_nodropout.pdb,6.935815334320068
afsample2,unrelaxed_model_3_pred_58_rand0.15_nodropout.pdb,6.371019840240479
afsample2,unrelaxed_model_3_pred_59_rand0.15_nodropout.pdb,5.207310676574707
afsample2,unrelaxed_model_3_pred_60_rand0.15_nodropout.pdb,5.053411483764648
afsample2,unrelaxed_model_3_pred_61_rand0.15_nodropout.pdb,6.126752853393555
afsample2,unrelaxed_model_3_pred_62_rand0.15_nodropout.pdb,4.681093692779541
afsample2,unrelaxed_model_3_pred_63_rand0.15_nodropout.pdb,5.47085428237915
afsample2,unrelaxed_model_3_pred_64_rand0.15_nodropout.pdb,6.385743618011475
afsample2,unrelaxed_model_3_pred_65_rand0.15_nodropout.pdb,4.782039642333984
afsample2,unrelaxed_model_3_pred_66_rand0.15_nodropout.pdb,6.031575202941895
afsample2,unrelaxed_model_3_pred_67_rand0.15_nodropout.pdb,5.002009868621826
afsample2,unrelaxed_model_3_pred_68_rand0.15_nodropout.pdb,4.754602432250977
afsample2,unrelaxed_model_3_pred_69_rand0.15_nodropout.pdb,5.318422317504883
afsample2,unrelaxed_model_3_pred_70_rand0.15_nodropout.pdb,5.366904258728027
afsample2,unrelaxed_model_3_pred_71_rand0.15_nodropout.pdb,6.492156982421875
afsample2,unrelaxed_model_3_pred_72_rand0.15_nodropout.pdb,6.567180156707764
afsample2,unrelaxed_model_3_pred_73_rand0.15_nodropout.pdb,6.590137481689453
afsample2,unrelaxed_model_3_pred_74_rand0.15_nodropout.pdb,6.467508316040039
afsample2,unrelaxed_model_3_pred_75_rand0.15_nodropout.pdb,5.170039176940918
afsample2,unrelaxed_model_3_pred_76_rand0.15_nodropout.pdb,5.843780517578125
afsample2,unrelaxed_model_3_pred_77_rand0.15_nodropout.pdb,5.548411846160889
afsample2,unrelaxed_model_3_pred_78_rand0.15_nodropout.pdb,4.958758354187012
afsample2,unrelaxed_model_3_pred_79_rand0.15_nodropout.pdb,4.828473567962647
afsample2,unrelaxed_model_3_pred_80_rand0.15_nodropout.pdb,5.408537864685059
afsample2,unrelaxed_model_3_pred_81_rand0.15_nodropout.pdb,5.977297782897949
afsample2,unrelaxed_model_3_pred_82_rand0.15_nodropout.pdb,5.721815586090088
afsample2,unrelaxed_model_3_pred_83_rand0.15_nodropout.pdb,6.072413921356201
afsample2,unrelaxed_model_3_pred_84_rand0.15_nodropout.pdb,6.072262287139893
afsample2,unrelaxed_model_3_pred_85_rand0.15_nodropout.pdb,6.241724014282227
afsample2,unrelaxed_model_3_pred_86_rand0.15_nodropout.pdb,6.2634596824646
afsample2,unrelaxed_model_3_pred_87_rand0.15_nodropout.pdb,5.630396366119385
afsample2,unrelaxed_model_3_pred_88_rand0.15_nodropout.pdb,5.1997389793396
afsample2,unrelaxed_model_3_pred_89_rand0.15_nodropout.pdb,6.016188621520996
afsample2,unrelaxed_model_3_pred_90_rand0.15_nodropout.pdb,6.413478851318359
afsample2,unrelaxed_model_3_pred_91_rand0.15_nodropout.pdb,6.67087459564209
afsample2,unrelaxed_model_3_pred_92_rand0.15_nodropout.pdb,5.002146720886231
afsample2,unrelaxed_model_3_pred_93_rand0.15_nodropout.pdb,4.864355564117432
afsample2,unrelaxed_model_3_pred_94_rand0.15_nodropout.pdb,6.918263912200928
afsample2,unrelaxed_model_3_pred_95_rand0.15_nodropout.pdb,7.217047691345215
afsample2,unrelaxed_model_3_pred_96_rand0.15_nodropout.pdb,4.767890930175781
afsample2,unrelaxed_model_3_pred_97_rand0.15_nodropout.pdb,7.34626579284668
afsample2,unrelaxed_model_3_pred_98_rand0.15_nodropout.pdb,4.273561954498291
afsample2,unrelaxed_model_3_pred_99_rand0.15_nodropout.pdb,5.085803031921387
afsample2,unrelaxed_model_3_pred_100_rand0.15_nodropout.pdb,6.023509502410889
afsample2,unrelaxed_model_4_pred_1_rand0.15_nodropout.pdb,7.160609245300293
afsample2,unrelaxed_model_4_pred_2_rand0.15_nodropout.pdb,6.05587911605835
afsample2,unrelaxed_model_4_pred_3_rand0.15_nodropout.pdb,6.705873489379883
afsample2,unrelaxed_model_4_pred_4_rand0.15_nodropout.pdb,4.987961292266846
afsample2,unrelaxed_model_4_pred_5_rand0.15_nodropout.pdb,6.315749645233154
afsample2,unrelaxed_model_4_pred_6_rand0.15_nodropout.pdb,6.204503536224365
afsample2,unrelaxed_model_4_pred_7_rand0.15_nodropout.pdb,5.979464054107666
afsample2,unrelaxed_model_4_pred_8_rand0.15_nodropout.pdb,6.22661018371582
afsample2,unrelaxed_model_4_pred_9_rand0.15_nodropout.pdb,5.647613048553467
afsample2,unrelaxed_model_4_pred_10_rand0.15_nodropout.pdb,6.3724684715271
afsample2,unrelaxed_model_4_pred_11_rand0.15_nodropout.pdb,5.036612987518311
afsample2,unrelaxed_model_4_pred_12_rand0.15_nodropout.pdb,6.187318801879883
afsample2,unrelaxed_model_4_pred_13_rand0.15_nodropout.pdb,5.452001094818115
afsample2,unrelaxed_model_4_pred_14_rand0.15_nodropout.pdb,5.258951187133789
afsample2,unrelaxed_model_4_pred_15_rand0.15_nodropout.pdb,5.458580017089844
afsample2,unrelaxed_model_4_pred_16_rand0.15_nodropout.pdb,4.854371547698975
afsample2,unrelaxed_model_4_pred_17_rand0.15_nodropout.pdb,5.650556564331055
afsample2,unrelaxed_model_4_pred_18_rand0.15_nodropout.pdb,5.248497009277344
afsample2,unrelaxed_model_4_pred_19_rand0.15_nodropout.pdb,5.07664966583252
afsample2,unrelaxed_model_4_pred_20_rand0.15_nodropout.pdb,4.73695707321167
afsample2,unrelaxed_model_4_pred_21_rand0.15_nodropout.pdb,5.608303070068359
afsample2,unrelaxed_model_4_pred_22_rand0.15_nodropout.pdb,5.476223945617676
afsample2,unrelaxed_model_4_pred_23_rand0.15_nodropout.pdb,5.556988716125488
afsample2,unrelaxed_model_4_pred_24_rand0.15_nodropout.pdb,4.82998514175415
afsample2,unrelaxed_model_4_pred_25_rand0.15_nodropout.pdb,5.177789688110352
afsample2,unrelaxed_model_4_pred_26_rand0.15_nodropout.pdb,5.019819259643555
afsample2,unrelaxed_model_4_pred_27_rand0.15_nodropout.pdb,5.396260738372803
afsample2,unrelaxed_model_4_pred_28_rand0.15_nodropout.pdb,5.683193206787109
afsample2,unrelaxed_model_4_pred_29_rand0.15_nodropout.pdb,7.157186985015869
afsample2,unrelaxed_model_4_pred_30_rand0.15_nodropout.pdb,6.4191203117370605
afsample2,unrelaxed_model_4_pred_31_rand0.15_nodropout.pdb,5.588570594787598
afsample2,unrelaxed_model_4_pred_32_rand0.15_nodropout.pdb,4.92996883392334
afsample2,unrelaxed_model_4_pred_33_rand0.15_nodropout.pdb,5.376418113708496
afsample2,unrelaxed_model_4_pred_34_rand0.15_nodropout.pdb,5.90503454208374
afsample2,unrelaxed_model_4_pred_35_rand0.15_nodropout.pdb,5.241382122039795
afsample2,unrelaxed_model_4_pred_36_rand0.15_nodropout.pdb,6.176100730895996
afsample2,unrelaxed_model_4_pred_37_rand0.15_nodropout.pdb,5.700872421264648
afsample2,unrelaxed_model_4_pred_38_rand0.15_nodropout.pdb,6.706264495849609
afsample2,unrelaxed_model_4_pred_39_rand0.15_nodropout.pdb,5.126403331756592
afsample2,unrelaxed_model_4_pred_40_rand0.15_nodropout.pdb,5.580347537994385
afsample2,unrelaxed_model_4_pred_41_rand0.15_nodropout.pdb,5.711032390594482
afsample2,unrelaxed_model_4_pred_42_rand0.15_nodropout.pdb,6.399724006652832
afsample2,unrelaxed_model_4_pred_43_rand0.15_nodropout.pdb,5.855144023895264
afsample2,unrelaxed_model_4_pred_44_rand0.15_nodropout.pdb,4.441100597381592
afsample2,unrelaxed_model_4_pred_45_rand0.15_nodropout.pdb,6.953354358673096
afsample2,unrelaxed_model_4_pred_46_rand0.15_nodropout.pdb,7.796785354614258
afsample2,unrelaxed_model_4_pred_47_rand0.15_nodropout.pdb,5.748968601226807
afsample2,unrelaxed_model_4_pred_48_rand0.15_nodropout.pdb,5.250244140625
afsample2,unrelaxed_model_4_pred_49_rand0.15_nodropout.pdb,5.242700099945068
afsample2,unrelaxed_model_4_pred_50_rand0.15_nodropout.pdb,5.022230625152588
afsample2,unrelaxed_model_4_pred_51_rand0.15_nodropout.pdb,5.588890075683594
afsample2,unrelaxed_model_4_pred_52_rand0.15_nodropout.pdb,5.465600490570068
afsample2,unrelaxed_model_4_pred_53_rand0.15_nodropout.pdb,5.790090084075928
afsample2,unrelaxed_model_4_pred_54_rand0.15_nodropout.pdb,7.869716167449951
afsample2,unrelaxed_model_4_pred_55_rand0.15_nodropout.pdb,6.786214828491211
afsample2,unrelaxed_model_4_pred_56_rand0.15_nodropout.pdb,4.936375617980957
afsample2,unrelaxed_model_4_pred_57_rand0.15_nodropout.pdb,5.563040733337402
afsample2,unrelaxed_model_4_pred_58_rand0.15_nodropout.pdb,6.9893059730529785
afsample2,unrelaxed_model_4_pred_59_rand0.15_nodropout.pdb,4.555814743041992
afsample2,unrelaxed_model_4_pred_60_rand0.15_nodropout.pdb,5.305357456207275
afsample2,unrelaxed_model_4_pred_61_rand0.15_nodropout.pdb,6.039408683776856
afsample2,unrelaxed_model_4_pred_62_rand0.15_nodropout.pdb,5.380152225494385
afsample2,unrelaxed_model_4_pred_63_rand0.15_nodropout.pdb,5.859124660491943
afsample2,unrelaxed_model_4_pred_64_rand0.15_nodropout.pdb,5.078902244567871
afsample2,unrelaxed_model_4_pred_65_rand0.15_nodropout.pdb,6.617995738983154
afsample2,unrelaxed_model_4_pred_66_rand0.15_nodropout.pdb,5.244165897369385
afsample2,unrelaxed_model_4_pred_67_rand0.15_nodropout.pdb,5.580765247344971
afsample2,unrelaxed_model_4_pred_68_rand0.15_nodropout.pdb,5.010508060455322
afsample2,unrelaxed_model_4_pred_69_rand0.15_nodropout.pdb,5.206242084503174
afsample2,unrelaxed_model_4_pred_70_rand0.15_nodropout.pdb,5.826915740966797
afsample2,unrelaxed_model_4_pred_71_rand0.15_nodropout.pdb,4.979668140411377
afsample2,unrelaxed_model_4_pred_72_rand0.15_nodropout.pdb,5.327943325042725
afsample2,unrelaxed_model_4_pred_73_rand0.15_nodropout.pdb,6.396643161773682
afsample2,unrelaxed_model_4_pred_74_rand0.15_nodropout.pdb,7.765434741973877
afsample2,unrelaxed_model_4_pred_75_rand0.15_nodropout.pdb,5.324331283569336
afsample2,unrelaxed_model_4_pred_76_rand0.15_nodropout.pdb,5.781846046447754
afsample2,unrelaxed_model_4_pred_77_rand0.15_nodropout.pdb,5.003356456756592
afsample2,unrelaxed_model_4_pred_78_rand0.15_nodropout.pdb,6.754463195800781
afsample2,unrelaxed_model_4_pred_79_rand0.15_nodropout.pdb,5.968794345855713
afsample2,unrelaxed_model_4_pred_80_rand0.15_nodropout.pdb,6.544305801391602
afsample2,unrelaxed_model_4_pred_81_rand0.15_nodropout.pdb,6.312777519226074
afsample2,unrelaxed_model_4_pred_82_rand0.15_nodropout.pdb,7.072116374969482
afsample2,unrelaxed_model_4_pred_83_rand0.15_nodropout.pdb,5.879096031188965
afsample2,unrelaxed_model_4_pred_84_rand0.15_nodropout.pdb,5.527354717254639
afsample2,unrelaxed_model_4_pred_85_rand0.15_nodropout.pdb,6.189072132110596
afsample2,unrelaxed_model_4_pred_86_rand0.15_nodropout.pdb,4.996684074401856
afsample2,unrelaxed_model_4_pred_87_rand0.15_nodropout.pdb,5.310620307922363
afsample2,unrelaxed_model_4_pred_88_rand0.15_nodropout.pdb,5.515965938568115
afsample2,unrelaxed_model_4_pred_89_rand0.15_nodropout.pdb,5.760928630828857
afsample2,unrelaxed_model_4_pred_90_rand0.15_nodropout.pdb,5.967240333557129
afsample2,unrelaxed_model_4_pred_91_rand0.15_nodropout.pdb,5.492980480194092
afsample2,unrelaxed_model_4_pred_92_rand0.15_nodropout.pdb,5.2531514167785645
afsample2,unrelaxed_model_4_pred_93_rand0.15_nodropout.pdb,5.918397426605225
afsample2,unrelaxed_model_4_pred_94_rand0.15_nodropout.pdb,5.425734519958496
afsample2,unrelaxed_model_4_pred_95_rand0.15_nodropout.pdb,5.353122234344482
afsample2,unrelaxed_model_4_pred_96_rand0.15_nodropout.pdb,6.019044876098633
afsample2,unrelaxed_model_4_pred_97_rand0.15_nodropout.pdb,5.618797779083252
afsample2,unrelaxed_model_4_pred_98_rand0.15_nodropout.pdb,5.218686580657959
afsample2,unrelaxed_model_4_pred_99_rand0.15_nodropout.pdb,5.72583532333374
afsample2,unrelaxed_model_4_pred_100_rand0.15_nodropout.pdb,5.974639892578125
afsample2,unrelaxed_model_5_pred_1_rand0.15_nodropout.pdb,5.4626569747924805
afsample2,unrelaxed_model_5_pred_2_rand0.15_nodropout.pdb,6.088407516479492
afsample2,unrelaxed_model_5_pred_3_rand0.15_nodropout.pdb,6.192373752593994
afsample2,unrelaxed_model_5_pred_4_rand0.15_nodropout.pdb,6.4781341552734375
afsample2,unrelaxed_model_5_pred_5_rand0.15_nodropout.pdb,6.36755895614624
afsample2,unrelaxed_model_5_pred_6_rand0.15_nodropout.pdb,5.068629264831543
afsample2,unrelaxed_model_5_pred_7_rand0.15_nodropout.pdb,4.798027992248535
afsample2,unrelaxed_model_5_pred_8_rand0.15_nodropout.pdb,4.727577686309815
afsample2,unrelaxed_model_5_pred_9_rand0.15_nodropout.pdb,7.017144203186035
afsample2,unrelaxed_model_5_pred_10_rand0.15_nodropout.pdb,6.698153018951416
afsample2,unrelaxed_model_5_pred_11_rand0.15_nodropout.pdb,6.701580047607422
afsample2,unrelaxed_model_5_pred_12_rand0.15_nodropout.pdb,5.4022088050842285
afsample2,unrelaxed_model_5_pred_13_rand0.15_nodropout.pdb,5.538846015930176
afsample2,unrelaxed_model_5_pred_14_rand0.15_nodropout.pdb,6.420994758605957
afsample2,unrelaxed_model_5_pred_15_rand0.15_nodropout.pdb,6.988145351409912
afsample2,unrelaxed_model_5_pred_16_rand0.15_nodropout.pdb,7.239315032958984
afsample2,unrelaxed_model_5_pred_17_rand0.15_nodropout.pdb,5.354997634887695
afsample2,unrelaxed_model_5_pred_18_rand0.15_nodropout.pdb,4.595120906829834
afsample2,unrelaxed_model_5_pred_19_rand0.15_nodropout.pdb,5.86750078201294
afsample2,unrelaxed_model_5_pred_20_rand0.15_nodropout.pdb,4.940727233886719
afsample2,unrelaxed_model_5_pred_21_rand0.15_nodropout.pdb,6.620684623718262
afsample2,unrelaxed_model_5_pred_22_rand0.15_nodropout.pdb,6.9779791831970215
afsample2,unrelaxed_model_5_pred_23_rand0.15_nodropout.pdb,5.764161109924316
afsample2,unrelaxed_model_5_pred_24_rand0.15_nodropout.pdb,4.472289562225342
afsample2,unrelaxed_model_5_pred_25_rand0.15_nodropout.pdb,5.870723247528076
afsample2,unrelaxed_model_5_pred_26_rand0.15_nodropout.pdb,6.904903888702393
afsample2,unrelaxed_model_5_pred_27_rand0.15_nodropout.pdb,6.0426764488220215
afsample2,unrelaxed_model_5_pred_28_rand0.15_nodropout.pdb,5.737853527069092
afsample2,unrelaxed_model_5_pred_29_rand0.15_nodropout.pdb,6.259171485900879
afsample2,unrelaxed_model_5_pred_30_rand0.15_nodropout.pdb,5.689383029937744
afsample2,unrelaxed_model_5_pred_31_rand0.15_nodropout.pdb,7.5988030433654785
afsample2,unrelaxed_model_5_pred_32_rand0.15_nodropout.pdb,5.4430131912231445
afsample2,unrelaxed_model_5_pred_33_rand0.15_nodropout.pdb,4.720090866088867
afsample2,unrelaxed_model_5_pred_34_rand0.15_nodropout.pdb,6.041224002838135
afsample2,unrelaxed_model_5_pred_35_rand0.15_nodropout.pdb,6.406798839569092
afsample2,unrelaxed_model_5_pred_36_rand0.15_nodropout.pdb,4.987096309661865
afsample2,unrelaxed_model_5_pred_37_rand0.15_nodropout.pdb,6.115176677703857
afsample2,unrelaxed_model_5_pred_38_rand0.15_nodropout.pdb,5.130222320556641
afsample2,unrelaxed_model_5_pred_39_rand0.15_nodropout.pdb,6.2643585205078125
afsample2,unrelaxed_model_5_pred_40_rand0.15_nodropout.pdb,6.498852252960205
afsample2,unrelaxed_model_5_pred_41_rand0.15_nodropout.pdb,5.214032173156738
afsample2,unrelaxed_model_5_pred_42_rand0.15_nodropout.pdb,6.296587467193604
afsample2,unrelaxed_model_5_pred_43_rand0.15_nodropout.pdb,6.433361053466797
afsample2,unrelaxed_model_5_pred_44_rand0.15_nodropout.pdb,4.998387336730957
afsample2,unrelaxed_model_5_pred_45_rand0.15_nodropout.pdb,5.621211051940918
afsample2,unrelaxed_model_5_pred_46_rand0.15_nodropout.pdb,5.249333381652832
afsample2,unrelaxed_model_5_pred_47_rand0.15_nodropout.pdb,4.79000186920166
afsample2,unrelaxed_model_5_pred_48_rand0.15_nodropout.pdb,6.508172035217285
afsample2,unrelaxed_model_5_pred_49_rand0.15_nodropout.pdb,5.066390514373779
afsample2,unrelaxed_model_5_pred_50_rand0.15_nodropout.pdb,4.941461086273193
afsample2,unrelaxed_model_5_pred_51_rand0.15_nodropout.pdb,5.510885238647461
afsample2,unrelaxed_model_5_pred_52_rand0.15_nodropout.pdb,4.580869674682617
afsample2,unrelaxed_model_5_pred_53_rand0.15_nodropout.pdb,5.616971969604492
afsample2,unrelaxed_model_5_pred_54_rand0.15_nodropout.pdb,4.6792707443237305
afsample2,unrelaxed_model_5_pred_55_rand0.15_nodropout.pdb,5.942515850067139
afsample2,unrelaxed_model_5_pred_56_rand0.15_nodropout.pdb,6.776525020599365
afsample2,unrelaxed_model_5_pred_57_rand0.15_nodropout.pdb,7.0217132568359375
afsample2,unrelaxed_model_5_pred_58_rand0.15_nodropout.pdb,5.216939926147461
afsample2,unrelaxed_model_5_pred_59_rand0.15_nodropout.pdb,4.635058879852295
afsample2,unrelaxed_model_5_pred_60_rand0.15_nodropout.pdb,5.103755950927734
afsample2,unrelaxed_model_5_pred_61_rand0.15_nodropout.pdb,6.029977798461914
afsample2,unrelaxed_model_5_pred_62_rand0.15_nodropout.pdb,5.709722995758057
afsample2,unrelaxed_model_5_pred_63_rand0.15_nodropout.pdb,6.653730869293213
afsample2,unrelaxed_model_5_pred_64_rand0.15_nodropout.pdb,5.768446922302246
afsample2,unrelaxed_model_5_pred_65_rand0.15_nodropout.pdb,5.743305683135986
afsample2,unrelaxed_model_5_pred_66_rand0.15_nodropout.pdb,4.69453239440918
afsample2,unrelaxed_model_5_pred_67_rand0.15_nodropout.pdb,4.762575149536133
afsample2,unrelaxed_model_5_pred_68_rand0.15_nodropout.pdb,4.985127925872803
afsample2,unrelaxed_model_5_pred_69_rand0.15_nodropout.pdb,6.028021812438965
afsample2,unrelaxed_model_5_pred_70_rand0.15_nodropout.pdb,5.361144065856934
afsample2,unrelaxed_model_5_pred_71_rand0.15_nodropout.pdb,5.143632411956787
afsample2,unrelaxed_model_5_pred_72_rand0.15_nodropout.pdb,5.841309547424316
afsample2,unrelaxed_model_5_pred_73_rand0.15_nodropout.pdb,5.490237236022949
afsample2,unrelaxed_model_5_pred_74_rand0.15_nodropout.pdb,7.027285575866699
afsample2,unrelaxed_model_5_pred_75_rand0.15_nodropout.pdb,5.759833812713623
afsample2,unrelaxed_model_5_pred_76_rand0.15_nodropout.pdb,6.700987339019775
afsample2,unrelaxed_model_5_pred_77_rand0.15_nodropout.pdb,5.006379127502441
afsample2,unrelaxed_model_5_pred_78_rand0.15_nodropout.pdb,6.124930381774902
afsample2,unrelaxed_model_5_pred_79_rand0.15_nodropout.pdb,5.314435958862305
afsample2,unrelaxed_model_5_pred_80_rand0.15_nodropout.pdb,6.837131023406982
afsample2,unrelaxed_model_5_pred_81_rand0.15_nodropout.pdb,5.936112403869629
afsample2,unrelaxed_model_5_pred_82_rand0.15_nodropout.pdb,6.7782135009765625
afsample2,unrelaxed_model_5_pred_83_rand0.15_nodropout.pdb,6.683705806732178
afsample2,unrelaxed_model_5_pred_84_rand0.15_nodropout.pdb,4.516642093658447
afsample2,unrelaxed_model_5_pred_85_rand0.15_nodropout.pdb,7.812104225158691
afsample2,unrelaxed_model_5_pred_86_rand0.15_nodropout.pdb,4.903809070587158
afsample2,unrelaxed_model_5_pred_87_rand0.15_nodropout.pdb,4.76131010055542
afsample2,unrelaxed_model_5_pred_88_rand0.15_nodropout.pdb,6.192408561706543
afsample2,unrelaxed_model_5_pred_89_rand0.15_nodropout.pdb,6.363605976104736
afsample2,unrelaxed_model_5_pred_90_rand0.15_nodropout.pdb,5.111395835876465
afsample2,unrelaxed_model_5_pred_91_rand0.15_nodropout.pdb,5.335224628448486
afsample2,unrelaxed_model_5_pred_92_rand0.15_nodropout.pdb,6.88632345199585
afsample2,unrelaxed_model_5_pred_93_rand0.15_nodropout.pdb,5.229826927185059
afsample2,unrelaxed_model_5_pred_94_rand0.15_nodropout.pdb,5.43297004699707
afsample2,unrelaxed_model_5_pred_95_rand0.15_nodropout.pdb,5.914634704589844
afsample2,unrelaxed_model_5_pred_96_rand0.15_nodropout.pdb,7.862040042877197
afsample2,unrelaxed_model_5_pred_97_rand0.15_nodropout.pdb,6.941547393798828
afsample2,unrelaxed_model_5_pred_98_rand0.15_nodropout.pdb,4.292025566101074
afsample2,unrelaxed_model_5_pred_99_rand0.15_nodropout.pdb,7.350502967834473
afsample2,unrelaxed_model_5_pred_100_rand0.15_nodropout.pdb,4.838546752929688
bioemu,ensemble_1.pdb,12.48956298828125
bioemu,ensemble_2.pdb,9.389274597167969
bioemu,ensemble_3.pdb,6.758763790130615
bioemu,ensemble_4.pdb,9.082086563110352
bioemu,ensemble_5.pdb,10.25100040435791
bioemu,ensemble_6.pdb,9.732671737670898
bioemu,ensemble_7.pdb,9.11653995513916
bioemu,ensemble_8.pdb,9.03759479522705
bioemu,ensemble_9.pdb,11.054316520690918
bioemu,ensemble_10.pdb,11.26883602142334
bioemu,ensemble_11.pdb,11.108439445495604
bioemu,ensemble_12.pdb,10.228063583374023
bioemu,ensemble_13.pdb,8.136468887329102
bioemu,ensemble_14.pdb,10.668578147888184
bioemu,ensemble_15.pdb,14.126813888549805
bioemu,ensemble_16.pdb,10.305054664611816
bioemu,ensemble_17.pdb,11.366161346435549
bioemu,ensemble_18.pdb,10.148147583007812
bioemu,ensemble_19.pdb,14.038765907287598
bioemu,ensemble_20.pdb,8.605958938598633
bioemu,ensemble_21.pdb,10.510703086853027
bioemu,ensemble_22.pdb,11.996737480163574
bioemu,ensemble_23.pdb,11.556621551513672
bioemu,ensemble_24.pdb,7.434709548950195
bioemu,ensemble_25.pdb,6.74677038192749
bioemu,ensemble_26.pdb,10.960268020629885
bioemu,ensemble_27.pdb,10.59359645843506
bioemu,ensemble_28.pdb,10.342485427856444
bioemu,ensemble_29.pdb,9.927684783935549
bioemu,ensemble_30.pdb,10.676745414733888
bioemu,ensemble_31.pdb,10.073748588562012
bioemu,ensemble_32.pdb,10.906521797180176
bioemu,ensemble_33.pdb,9.198945045471191
bioemu,ensemble_34.pdb,11.538304328918455
bioemu,ensemble_35.pdb,10.268096923828123
bioemu,ensemble_36.pdb,10.837105751037598
bioemu,ensemble_37.pdb,10.581608772277832
bioemu,ensemble_38.pdb,9.389084815979004
bioemu,ensemble_39.pdb,10.26829719543457
bioemu,ensemble_40.pdb,10.634597778320312
bioemu,ensemble_41.pdb,10.829870223999023
bioemu,ensemble_42.pdb,7.744300842285156
bioemu,ensemble_43.pdb,11.656869888305664
bioemu,ensemble_44.pdb,10.801633834838867
bioemu,ensemble_45.pdb,9.649213790893556
bioemu,ensemble_46.pdb,11.581024169921877
bioemu,ensemble_47.pdb,10.236966133117676
bioemu,ensemble_48.pdb,10.70406436920166
bioemu,ensemble_49.pdb,10.608563423156738
bioemu,ensemble_50.pdb,10.61540985107422
bioemu,ensemble_51.pdb,11.194591522216797
bioemu,ensemble_52.pdb,12.15731143951416
bioemu,ensemble_53.pdb,10.566981315612791
bioemu,ensemble_54.pdb,11.554869651794434
bioemu,ensemble_55.pdb,10.517556190490724
bioemu,ensemble_56.pdb,10.66329574584961
bioemu,ensemble_57.pdb,10.94712257385254
bioemu,ensemble_58.pdb,10.84410572052002
bioemu,ensemble_59.pdb,10.758164405822754
bioemu,ensemble_60.pdb,9.018546104431152
bioemu,ensemble_61.pdb,10.485547065734863
bioemu,ensemble_62.pdb,10.046515464782717
bioemu,ensemble_63.pdb,11.54398250579834
bioemu,ensemble_64.pdb,10.966753959655762
bioemu,ensemble_65.pdb,10.395625114440918
bioemu,ensemble_66.pdb,11.01117992401123
bioemu,ensemble_67.pdb,10.131178855895996
bioemu,ensemble_68.pdb,10.14041805267334
bioemu,ensemble_69.pdb,12.510061264038086
bioemu,ensemble_70.pdb,9.539533615112305
bioemu,ensemble_71.pdb,9.958996772766112
bioemu,ensemble_72.pdb,11.025102615356444
bioemu,ensemble_73.pdb,9.592731475830078
bioemu,ensemble_74.pdb,10.941835403442385
bioemu,ensemble_75.pdb,14.358359336853027
bioemu,ensemble_76.pdb,10.211837768554688
bioemu,ensemble_77.pdb,10.05510425567627
bioemu,ensemble_78.pdb,9.496664047241213
bioemu,ensemble_79.pdb,9.747517585754396
bioemu,ensemble_80.pdb,11.250941276550291
bioemu,ensemble_81.pdb,10.540701866149902
bioemu,ensemble_82.pdb,9.961565971374512
bioemu,ensemble_83.pdb,10.770358085632324
bioemu,ensemble_84.pdb,7.306945323944092
bioemu,ensemble_85.pdb,10.8289155960083
bioemu,ensemble_86.pdb,9.698938369750977
bioemu,ensemble_87.pdb,10.69491958618164
bioemu,ensemble_88.pdb,10.163566589355469
bioemu,ensemble_89.pdb,11.102974891662598
bioemu,ensemble_90.pdb,11.392411231994627
bioemu,ensemble_91.pdb,9.083403587341309
bioemu,ensemble_92.pdb,8.819172859191895
bioemu,ensemble_93.pdb,10.852081298828123
bioemu,ensemble_94.pdb,11.640024185180664
bioemu,ensemble_95.pdb,10.839603424072266
bioemu,ensemble_96.pdb,11.974363327026367
bioemu,ensemble_97.pdb,10.732073783874512
bioemu,ensemble_98.pdb,11.32673454284668
bioemu,ensemble_99.pdb,6.36102294921875
bioemu,ensemble_100.pdb,10.617668151855469
bioemu,ensemble_101.pdb,10.005582809448242
bioemu,ensemble_102.pdb,12.055264472961426
bioemu,ensemble_103.pdb,9.851284980773926
bioemu,ensemble_104.pdb,8.176508903503418
bioemu,ensemble_105.pdb,10.677949905395508
bioemu,ensemble_106.pdb,12.998208045959473
bioemu,ensemble_107.pdb,10.503181457519531
bioemu,ensemble_108.pdb,11.194754600524902
bioemu,ensemble_109.pdb,10.653965950012209
bioemu,ensemble_110.pdb,10.29218578338623
bioemu,ensemble_111.pdb,10.456360816955566
bioemu,ensemble_112.pdb,10.519889831542969
bioemu,ensemble_113.pdb,11.291010856628418
bioemu,ensemble_114.pdb,10.877523422241213
bioemu,ensemble_115.pdb,10.776962280273438
bioemu,ensemble_116.pdb,10.17245388031006
bioemu,ensemble_117.pdb,11.982192039489746
bioemu,ensemble_118.pdb,7.332489967346191
bioemu,ensemble_119.pdb,11.41054344177246
bioemu,ensemble_120.pdb,9.826226234436035
bioemu,ensemble_121.pdb,11.395464897155762
bioemu,ensemble_122.pdb,10.516083717346191
bioemu,ensemble_123.pdb,9.9960298538208
bioemu,ensemble_124.pdb,11.461634635925291
bioemu,ensemble_125.pdb,11.729805946350098
bioemu,ensemble_126.pdb,10.809189796447754
bioemu,ensemble_127.pdb,8.170062065124512
bioemu,ensemble_128.pdb,7.597565174102783
bioemu,ensemble_129.pdb,11.009586334228516
bioemu,ensemble_130.pdb,9.436636924743652
bioemu,ensemble_131.pdb,10.349884033203123
bioemu,ensemble_132.pdb,8.738272666931152
bioemu,ensemble_133.pdb,10.646599769592283
bioemu,ensemble_134.pdb,9.371068000793455
bioemu,ensemble_135.pdb,9.045686721801758
bioemu,ensemble_136.pdb,9.893355369567873
bioemu,ensemble_137.pdb,10.76562213897705
bioemu,ensemble_138.pdb,10.723974227905272
bioemu,ensemble_139.pdb,10.80986499786377
bioemu,ensemble_140.pdb,9.797677040100098
bioemu,ensemble_141.pdb,10.495413780212402
bioemu,ensemble_142.pdb,10.88320255279541
bioemu,ensemble_143.pdb,11.208478927612305
bioemu,ensemble_144.pdb,10.550548553466797
bioemu,ensemble_145.pdb,10.561203002929688
bioemu,ensemble_146.pdb,12.120420455932615
bioemu,ensemble_147.pdb,10.280495643615724
bioemu,ensemble_148.pdb,10.214113235473633
bioemu,ensemble_149.pdb,9.23741340637207
bioemu,ensemble_150.pdb,11.111336708068848
bioemu,ensemble_151.pdb,12.302021026611328
bioemu,ensemble_152.pdb,11.083168029785156
bioemu,ensemble_153.pdb,11.42849826812744
bioemu,ensemble_154.pdb,11.0372314453125
bioemu,ensemble_155.pdb,10.653936386108398
bioemu,ensemble_156.pdb,10.29615879058838
bioemu,ensemble_157.pdb,10.104286193847656
bioemu,ensemble_158.pdb,9.802763938903809
bioemu,ensemble_159.pdb,9.179067611694336
bioemu,ensemble_160.pdb,7.818510055541992
bioemu,ensemble_161.pdb,10.16811180114746
bioemu,ensemble_162.pdb,11.553194046020508
bioemu,ensemble_163.pdb,10.97889518737793
bioemu,ensemble_164.pdb,12.24207878112793
bioemu,ensemble_165.pdb,10.023441314697266
bioemu,ensemble_166.pdb,10.147685050964355
bioemu,ensemble_167.pdb,9.086880683898926
bioemu,ensemble_168.pdb,10.605231285095217
bioemu,ensemble_169.pdb,10.367877960205078
bioemu,ensemble_170.pdb,10.080187797546388
bioemu,ensemble_171.pdb,9.823737144470217
bioemu,ensemble_172.pdb,11.157221794128418
bioemu,ensemble_173.pdb,10.921470642089844
bioemu,ensemble_174.pdb,10.96418285369873
bioemu,ensemble_175.pdb,10.61194133758545
bioemu,ensemble_176.pdb,10.34180736541748
bioemu,ensemble_177.pdb,10.158239364624023
bioemu,ensemble_178.pdb,10.918326377868652
bioemu,ensemble_179.pdb,10.060487747192385
bioemu,ensemble_180.pdb,9.474909782409668
bioemu,ensemble_181.pdb,9.798229217529297
bioemu,ensemble_182.pdb,11.149735450744627
bioemu,ensemble_183.pdb,10.380342483520508
bioemu,ensemble_184.pdb,10.012060165405272
bioemu,ensemble_185.pdb,10.541315078735352
bioemu,ensemble_186.pdb,10.74101448059082
bioemu,ensemble_187.pdb,10.48090648651123
bioemu,ensemble_188.pdb,11.508068084716797
bioemu,ensemble_189.pdb,10.705110549926758
bioemu,ensemble_190.pdb,7.78684139251709
bioemu,ensemble_191.pdb,11.888293266296388
bioemu,ensemble_192.pdb,11.575709342956545
bioemu,ensemble_193.pdb,11.443300247192385
bioemu,ensemble_194.pdb,9.8214750289917
bioemu,ensemble_195.pdb,11.227415084838867
bioemu,ensemble_196.pdb,10.92185401916504
bioemu,ensemble_197.pdb,11.920645713806152
bioemu,ensemble_198.pdb,9.55938720703125
bioemu,ensemble_199.pdb,11.087839126586914
bioemu,ensemble_200.pdb,10.9557523727417
bioemu,ensemble_201.pdb,12.533818244934082
bioemu,ensemble_202.pdb,10.364623069763184
bioemu,ensemble_203.pdb,11.95043659210205
bioemu,ensemble_204.pdb,12.240168571472168
bioemu,ensemble_205.pdb,8.46692943572998
bioemu,ensemble_206.pdb,12.951882362365724
bioemu,ensemble_207.pdb,10.225528717041016
bioemu,ensemble_208.pdb,11.815655708312988
bioemu,ensemble_209.pdb,11.08733081817627
bioemu,ensemble_210.pdb,13.03419017791748
bioemu,ensemble_211.pdb,11.231761932373049
bioemu,ensemble_212.pdb,9.964367866516112
bioemu,ensemble_213.pdb,8.444744110107422
bioemu,ensemble_214.pdb,10.33867073059082
bioemu,ensemble_215.pdb,10.533233642578123
bioemu,ensemble_216.pdb,10.891205787658691
bioemu,ensemble_217.pdb,9.812166213989258
bioemu,ensemble_218.pdb,8.885432243347168
bioemu,ensemble_219.pdb,10.06893253326416
bioemu,ensemble_220.pdb,10.211552619934082
bioemu,ensemble_221.pdb,11.562947273254396
bioemu,ensemble_222.pdb,11.663951873779297
bioemu,ensemble_223.pdb,7.638287544250488
bioemu,ensemble_224.pdb,11.397921562194824
bioemu,ensemble_225.pdb,10.806913375854492
bioemu,ensemble_226.pdb,11.077855110168455
bioemu,ensemble_227.pdb,10.101285934448242
bioemu,ensemble_228.pdb,10.58975887298584
bioemu,ensemble_229.pdb,9.933509826660156
bioemu,ensemble_230.pdb,10.804221153259276
bioemu,ensemble_231.pdb,10.077485084533691
bioemu,ensemble_232.pdb,10.869796752929688
bioemu,ensemble_233.pdb,11.682910919189451
bioemu,ensemble_234.pdb,10.73447322845459
bioemu,ensemble_235.pdb,10.191569328308104
bioemu,ensemble_236.pdb,12.00225830078125
bioemu,ensemble_237.pdb,9.774896621704102
bioemu,ensemble_238.pdb,10.707550048828123
bioemu,ensemble_239.pdb,11.01766300201416
bioemu,ensemble_240.pdb,9.094282150268556
bioemu,ensemble_241.pdb,11.451053619384766
bioemu,ensemble_242.pdb,10.170000076293944
bioemu,ensemble_243.pdb,10.96662712097168
bioemu,ensemble_244.pdb,10.30823040008545
bioemu,ensemble_245.pdb,12.627753257751465
bioemu,ensemble_246.pdb,9.76583766937256
bioemu,ensemble_247.pdb,10.189202308654783
bioemu,ensemble_248.pdb,8.497466087341309
bioemu,ensemble_249.pdb,10.092362403869627
bioemu,ensemble_250.pdb,10.564553260803224
bioemu,ensemble_251.pdb,10.400221824645996
bioemu,ensemble_252.pdb,10.38563346862793
bioemu,ensemble_253.pdb,8.853072166442871
bioemu,ensemble_254.pdb,10.1251802444458
bioemu,ensemble_255.pdb,11.337328910827637
bioemu,ensemble_256.pdb,10.884598731994627
bioemu,ensemble_257.pdb,11.943342208862305
bioemu,ensemble_258.pdb,10.474468231201172
bioemu,ensemble_259.pdb,10.380149841308594
bioemu,ensemble_260.pdb,9.374550819396973
bioemu,ensemble_261.pdb,8.437125205993652
bioemu,ensemble_262.pdb,9.361329078674316
bioemu,ensemble_263.pdb,10.15396499633789
bioemu,ensemble_264.pdb,9.952834129333496
bioemu,ensemble_265.pdb,9.83961296081543
bioemu,ensemble_266.pdb,9.671095848083496
bioemu,ensemble_267.pdb,9.817913055419922
bioemu,ensemble_268.pdb,10.256884574890137
bioemu,ensemble_269.pdb,11.331501007080078
bioemu,ensemble_270.pdb,10.90451717376709
bioemu,ensemble_271.pdb,9.728937149047852
bioemu,ensemble_272.pdb,11.30294704437256
bioemu,ensemble_273.pdb,10.78424835205078
bioemu,ensemble_274.pdb,11.07357692718506
bioemu,ensemble_275.pdb,11.411161422729492
bioemu,ensemble_276.pdb,11.143348693847656
bioemu,ensemble_277.pdb,10.999131202697754
bioemu,ensemble_278.pdb,15.952640533447266
bioemu,ensemble_279.pdb,10.79447078704834
bioemu,ensemble_280.pdb,12.400197982788086
bioemu,ensemble_281.pdb,10.715250968933104
bioemu,ensemble_282.pdb,11.195618629455566
bioemu,ensemble_283.pdb,11.231566429138184
bioemu,ensemble_284.pdb,11.064993858337402
bioemu,ensemble_285.pdb,10.413241386413574
bioemu,ensemble_286.pdb,10.411752700805664
bioemu,ensemble_287.pdb,15.515859603881836
bioemu,ensemble_288.pdb,11.894608497619627
bioemu,ensemble_289.pdb,9.235513687133787
bioemu,ensemble_290.pdb,10.845961570739746
bioemu,ensemble_291.pdb,12.043027877807615
bioemu,ensemble_292.pdb,11.66494369506836
bioemu,ensemble_293.pdb,8.490220069885254
bioemu,ensemble_294.pdb,10.047954559326172
bioemu,ensemble_295.pdb,10.669175148010254
bioemu,ensemble_296.pdb,11.186254501342772
bioemu,ensemble_297.pdb,10.306530952453612
bioemu,ensemble_298.pdb,9.96213436126709
bioemu,ensemble_299.pdb,10.195343017578123
bioemu,ensemble_300.pdb,11.065034866333008
bioemu,ensemble_301.pdb,9.62062931060791
bioemu,ensemble_302.pdb,9.979569435119627
bioemu,ensemble_303.pdb,9.931822776794434
bioemu,ensemble_304.pdb,10.021855354309082
bioemu,ensemble_305.pdb,9.016576766967772
bioemu,ensemble_306.pdb,10.456968307495115
bioemu,ensemble_307.pdb,10.260498046875
bioemu,ensemble_308.pdb,10.974998474121094
bioemu,ensemble_309.pdb,11.276829719543455
bioemu,ensemble_310.pdb,11.35053253173828
bioemu,ensemble_311.pdb,11.288494110107422
bioemu,ensemble_312.pdb,10.645926475524902
bioemu,ensemble_313.pdb,12.9376802444458
bioemu,ensemble_314.pdb,9.188607215881348
bioemu,ensemble_315.pdb,9.914950370788574
bioemu,ensemble_316.pdb,8.7774076461792
bioemu,ensemble_317.pdb,10.7805757522583
bioemu,ensemble_318.pdb,9.779704093933104
bioemu,ensemble_319.pdb,10.476573944091797
bioemu,ensemble_320.pdb,10.070317268371582
bioemu,ensemble_321.pdb,10.685784339904783
bioemu,ensemble_322.pdb,12.533690452575684
bioemu,ensemble_323.pdb,9.30691146850586
bioemu,ensemble_324.pdb,10.95059585571289
bioemu,ensemble_325.pdb,11.228363990783691
bioemu,ensemble_326.pdb,13.016243934631348
bioemu,ensemble_327.pdb,12.534517288208008
bioemu,ensemble_328.pdb,10.185209274291992
bioemu,ensemble_329.pdb,10.97651195526123
bioemu,ensemble_330.pdb,11.529555320739746
bioemu,ensemble_331.pdb,11.155318260192873
bioemu,ensemble_332.pdb,11.395450592041016
bioemu,ensemble_333.pdb,10.198792457580566
bioemu,ensemble_334.pdb,7.552972793579102
bioemu,ensemble_335.pdb,10.703125953674316
bioemu,ensemble_336.pdb,11.742095947265623
bioemu,ensemble_337.pdb,9.94360637664795
bioemu,ensemble_338.pdb,10.959953308105469
bioemu,ensemble_339.pdb,10.997190475463867
bioemu,ensemble_340.pdb,10.21237564086914
bioemu,ensemble_341.pdb,11.756336212158203
bioemu,ensemble_342.pdb,11.488520622253418
bioemu,ensemble_343.pdb,8.664420127868652
bioemu,ensemble_344.pdb,11.692466735839844
bioemu,ensemble_345.pdb,11.259565353393556
bioemu,ensemble_346.pdb,10.94354248046875
bioemu,ensemble_347.pdb,9.949416160583496
bioemu,ensemble_348.pdb,12.592687606811523
bioemu,ensemble_349.pdb,8.689515113830566
bioemu,ensemble_350.pdb,11.650625228881836
bioemu,ensemble_351.pdb,11.044912338256836
bioemu,ensemble_352.pdb,11.621273040771484
bioemu,ensemble_353.pdb,7.088258266448975
bioemu,ensemble_354.pdb,7.17140531539917
bioemu,ensemble_355.pdb,10.234795570373535
bioemu,ensemble_356.pdb,10.822943687438965
bioemu,ensemble_357.pdb,11.081018447875977
bioemu,ensemble_358.pdb,11.144258499145508
bioemu,ensemble_359.pdb,11.311720848083496
bioemu,ensemble_360.pdb,11.245558738708496
bioemu,ensemble_361.pdb,10.374483108520508
bioemu,ensemble_362.pdb,10.352167129516602
bioemu,ensemble_363.pdb,11.38735294342041
bioemu,ensemble_364.pdb,12.608988761901855
bioemu,ensemble_365.pdb,13.924256324768066
bioemu,ensemble_366.pdb,10.35871124267578
bioemu,ensemble_367.pdb,10.961934089660645
bioemu,ensemble_368.pdb,10.210614204406738
bioemu,ensemble_369.pdb,10.209918975830078
bioemu,ensemble_370.pdb,11.32565975189209
bioemu,ensemble_371.pdb,10.394369125366213
bioemu,ensemble_372.pdb,10.259775161743164
bioemu,ensemble_373.pdb,9.881174087524414
bioemu,ensemble_374.pdb,11.527883529663086
bioemu,ensemble_375.pdb,10.404172897338867
bioemu,ensemble_376.pdb,9.727250099182127
bioemu,ensemble_377.pdb,11.681169509887695
bioemu,ensemble_378.pdb,9.719696998596191
bioemu,ensemble_379.pdb,10.445782661437988
bioemu,ensemble_380.pdb,10.859140396118164
bioemu,ensemble_381.pdb,10.450197219848633
bioemu,ensemble_382.pdb,11.468778610229492
bioemu,ensemble_383.pdb,10.839255332946776
bioemu,ensemble_384.pdb,11.00277328491211
bioemu,ensemble_385.pdb,10.185704231262209
bioemu,ensemble_386.pdb,11.494784355163574
bioemu,ensemble_387.pdb,9.065191268920898
bioemu,ensemble_388.pdb,10.872281074523926
bioemu,ensemble_389.pdb,10.89222812652588
bioemu,ensemble_390.pdb,11.885576248168944
bioemu,ensemble_391.pdb,8.445992469787598
bioemu,ensemble_392.pdb,9.84662914276123
bioemu,ensemble_393.pdb,10.601673126220703
bioemu,ensemble_394.pdb,11.379365921020508
bioemu,ensemble_395.pdb,11.575448989868164
bioemu,ensemble_396.pdb,7.926468372344971
bioemu,ensemble_397.pdb,9.75535774230957
bioemu,ensemble_398.pdb,10.359271049499512
bioemu,ensemble_399.pdb,12.636018753051758
bioemu,ensemble_400.pdb,11.52598476409912
bioemu,ensemble_401.pdb,10.818480491638184
bioemu,ensemble_402.pdb,13.20340347290039
bioemu,ensemble_403.pdb,11.50009536743164
bioemu,ensemble_404.pdb,9.076904296875
bioemu,ensemble_405.pdb,7.470033645629883
bioemu,ensemble_406.pdb,11.558910369873049
bioemu,ensemble_407.pdb,9.876076698303224
bioemu,ensemble_408.pdb,10.312143325805664
bioemu,ensemble_409.pdb,8.572158813476562
bioemu,ensemble_410.pdb,11.59589958190918
bioemu,ensemble_411.pdb,10.49421215057373
bioemu,ensemble_412.pdb,10.671030044555664
bioemu,ensemble_413.pdb,9.635979652404783
bioemu,ensemble_414.pdb,9.27602195739746
bioemu,ensemble_415.pdb,12.30549430847168
bioemu,ensemble_416.pdb,9.419086456298828
bioemu,ensemble_417.pdb,9.209440231323242
bioemu,ensemble_418.pdb,10.257426261901855
bioemu,ensemble_419.pdb,4.48608922958374
bioemu,ensemble_420.pdb,10.522839546203612
bioemu,ensemble_421.pdb,9.435893058776855
bioemu,ensemble_422.pdb,9.78890609741211
bioemu,ensemble_423.pdb,11.588287353515623
bioemu,ensemble_424.pdb,8.803691864013672
bioemu,ensemble_425.pdb,8.899092674255371
bioemu,ensemble_426.pdb,9.98533058166504
bioemu,ensemble_427.pdb,11.11007595062256
bioemu,ensemble_428.pdb,9.984938621520996
bioemu,ensemble_429.pdb,10.558759689331056
bioemu,ensemble_430.pdb,7.879173278808594
bioemu,ensemble_431.pdb,10.177921295166016
bioemu,ensemble_432.pdb,10.551595687866213
bioemu,ensemble_433.pdb,9.48989486694336
bioemu,ensemble_434.pdb,10.629623413085938
bioemu,ensemble_435.pdb,10.54469108581543
bioemu,ensemble_436.pdb,10.637184143066406
bioemu,ensemble_437.pdb,11.174098014831545
bioemu,ensemble_438.pdb,11.470752716064451
bioemu,ensemble_439.pdb,11.736833572387695
bioemu,ensemble_440.pdb,11.07358455657959
bioemu,ensemble_441.pdb,10.046875
bioemu,ensemble_442.pdb,9.975103378295898
bioemu,ensemble_443.pdb,8.556312561035156
bioemu,ensemble_444.pdb,11.02619457244873
bioemu,ensemble_445.pdb,7.897402763366699
bioemu,ensemble_446.pdb,12.15487575531006
bioemu,ensemble_447.pdb,10.527745246887209
bioemu,ensemble_448.pdb,10.677574157714844
bioemu,ensemble_449.pdb,10.43674373626709
bioemu,ensemble_450.pdb,10.327509880065918
bioemu,ensemble_451.pdb,10.948063850402832
bioemu,ensemble_452.pdb,10.974319458007812
bioemu,ensemble_453.pdb,9.606196403503418
bioemu,ensemble_454.pdb,10.358369827270508
bioemu,ensemble_455.pdb,9.147272109985352
bioemu,ensemble_456.pdb,9.968405723571776
bioemu,ensemble_457.pdb,9.34752368927002
bioemu,ensemble_458.pdb,10.66830825805664
bioemu,ensemble_459.pdb,10.248225212097168
bioemu,ensemble_460.pdb,9.66445541381836
bioemu,ensemble_461.pdb,11.024940490722656
bioemu,ensemble_462.pdb,10.129427909851074
bioemu,ensemble_463.pdb,10.54858112335205
bioemu,ensemble_464.pdb,10.216157913208008
bioemu,ensemble_465.pdb,10.36936855316162
bioemu,ensemble_466.pdb,11.471381187438965
bioemu,ensemble_467.pdb,8.00495433807373
bioemu,ensemble_468.pdb,9.3175630569458
bioemu,ensemble_469.pdb,10.643105506896973
bioemu,ensemble_470.pdb,10.630627632141112
bioemu,ensemble_471.pdb,10.892937660217283
bioemu,ensemble_472.pdb,10.520195960998535
bioemu,ensemble_473.pdb,10.86002254486084
bioemu,ensemble_474.pdb,11.429670333862305
bioemu,ensemble_475.pdb,9.503656387329102
bioemu,ensemble_476.pdb,10.748177528381348
bioemu,ensemble_477.pdb,9.1532564163208
bioemu,ensemble_478.pdb,11.515419006347656
bioemu,ensemble_479.pdb,10.734216690063477
bioemu,ensemble_480.pdb,9.547430038452148
bioemu,ensemble_481.pdb,11.361270904541016
bioemu,ensemble_482.pdb,10.256579399108888
bioemu,ensemble_483.pdb,7.044834136962891
bioemu,ensemble_484.pdb,11.748420715332031
bioemu,ensemble_485.pdb,10.889825820922852
bioemu,ensemble_486.pdb,8.505038261413574
bioemu,ensemble_487.pdb,11.423754692077637
bioemu,ensemble_488.pdb,10.822278022766112
bioemu,ensemble_489.pdb,8.926326751708984
bioemu,ensemble_490.pdb,10.108064651489258
bioemu,ensemble_491.pdb,9.946063995361328
bioemu,ensemble_492.pdb,11.50049114227295
bioemu,ensemble_493.pdb,10.735722541809082
bioemu,ensemble_494.pdb,11.167524337768556
bioemu,ensemble_495.pdb,10.066743850708008
bioemu,ensemble_496.pdb,10.172768592834473
bioemu,ensemble_497.pdb,8.963374137878418
bioemu,ensemble_498.pdb,6.658573150634766
bioemu,ensemble_499.pdb,8.004379272460938
bioemu,ensemble_500.pdb,14.33293628692627
boltz-2,seed1_IL1R1_model_0.pdb,6.3906354904174805
boltz-2,seed1_IL1R1_model_1.pdb,6.724473476409912
boltz-2,seed1_IL1R1_model_2.pdb,5.597331523895264
boltz-2,seed1_IL1R1_model_3.pdb,5.976972579956055
boltz-2,seed1_IL1R1_model_4.pdb,6.83967399597168
boltz-2,seed2_IL1R1_model_0.pdb,5.873896598815918
boltz-2,seed2_IL1R1_model_1.pdb,4.862977504730225
boltz-2,seed2_IL1R1_model_2.pdb,4.763007164001465
boltz-2,seed2_IL1R1_model_3.pdb,5.646401405334473
boltz-2,seed2_IL1R1_model_4.pdb,6.196491718292236
boltz-2,seed3_IL1R1_model_0.pdb,8.630678176879883
boltz-2,seed3_IL1R1_model_1.pdb,5.676015853881836
boltz-2,seed3_IL1R1_model_2.pdb,5.881994724273682
boltz-2,seed3_IL1R1_model_3.pdb,6.752671241760254
boltz-2,seed3_IL1R1_model_4.pdb,3.6954426765441895
boltz-2,seed4_IL1R1_model_0.pdb,6.026435852050781
boltz-2,seed4_IL1R1_model_1.pdb,8.305316925048828
boltz-2,seed4_IL1R1_model_2.pdb,5.333414554595947
boltz-2,seed4_IL1R1_model_3.pdb,4.065100193023682
boltz-2,seed4_IL1R1_model_4.pdb,6.649201393127441
boltz-2,seed5_IL1R1_model_0.pdb,6.639044284820557
boltz-2,seed5_IL1R1_model_1.pdb,4.666983604431152
boltz-2,seed5_IL1R1_model_2.pdb,7.734997272491455
boltz-2,seed5_IL1R1_model_3.pdb,5.519480705261231
boltz-2,seed5_IL1R1_model_4.pdb,6.5788254737854
boltz-2,seed6_IL1R1_model_0.pdb,5.764026165008545
boltz-2,seed6_IL1R1_model_1.pdb,4.767678737640381
boltz-2,seed6_IL1R1_model_2.pdb,9.142797470092772
boltz-2,seed6_IL1R1_model_3.pdb,6.978654384613037
boltz-2,seed6_IL1R1_model_4.pdb,5.218610763549805
boltz-2,seed7_IL1R1_model_0.pdb,5.484818458557129
boltz-2,seed7_IL1R1_model_1.pdb,5.330182552337647
boltz-2,seed7_IL1R1_model_2.pdb,6.218550682067871
boltz-2,seed7_IL1R1_model_3.pdb,6.383523464202881
boltz-2,seed7_IL1R1_model_4.pdb,5.6767578125
boltz-2,seed8_IL1R1_model_0.pdb,7.136124134063721
boltz-2,seed8_IL1R1_model_1.pdb,7.89010763168335
boltz-2,seed8_IL1R1_model_2.pdb,5.423076629638672
boltz-2,seed8_IL1R1_model_3.pdb,5.939408302307129
boltz-2,seed8_IL1R1_model_4.pdb,5.488254070281982
boltz-2,seed9_IL1R1_model_0.pdb,8.36737060546875
boltz-2,seed9_IL1R1_model_1.pdb,6.297091960906982
boltz-2,seed9_IL1R1_model_2.pdb,5.288125514984131
boltz-2,seed9_IL1R1_model_3.pdb,5.882444858551025
boltz-2,seed9_IL1R1_model_4.pdb,4.466712474822998
boltz-2,seed10_IL1R1_model_0.pdb,7.7827839851379395
boltz-2,seed10_IL1R1_model_1.pdb,4.282986164093018
boltz-2,seed10_IL1R1_model_2.pdb,6.830364227294922
boltz-2,seed10_IL1R1_model_3.pdb,8.005678176879883
boltz-2,seed10_IL1R1_model_4.pdb,4.558396339416504
boltz-2,seed11_IL1R1_model_0.pdb,5.464931964874268
boltz-2,seed11_IL1R1_model_1.pdb,5.190246105194092
boltz-2,seed11_IL1R1_model_2.pdb,6.577286243438721
boltz-2,seed11_IL1R1_model_3.pdb,5.089820384979248
boltz-2,seed11_IL1R1_model_4.pdb,7.236257076263428
boltz-2,seed12_IL1R1_model_0.pdb,5.677780151367188
boltz-2,seed12_IL1R1_model_1.pdb,9.343138694763184
boltz-2,seed12_IL1R1_model_2.pdb,6.726333141326904
boltz-2,seed12_IL1R1_model_3.pdb,8.393265724182129
boltz-2,seed12_IL1R1_model_4.pdb,9.355435371398926
boltz-2,seed13_IL1R1_model_0.pdb,6.443375587463379
boltz-2,seed13_IL1R1_model_1.pdb,6.824690341949463
boltz-2,seed13_IL1R1_model_2.pdb,6.534399032592773
boltz-2,seed13_IL1R1_model_3.pdb,8.480451583862305
boltz-2,seed13_IL1R1_model_4.pdb,4.418715953826904
boltz-2,seed14_IL1R1_model_0.pdb,5.401002407073975
boltz-2,seed14_IL1R1_model_1.pdb,8.043607711791992
boltz-2,seed14_IL1R1_model_2.pdb,5.184925556182861
boltz-2,seed14_IL1R1_model_3.pdb,5.7140212059021
boltz-2,seed14_IL1R1_model_4.pdb,6.36545467376709
boltz-2,seed15_IL1R1_model_0.pdb,6.73643159866333
boltz-2,seed15_IL1R1_model_1.pdb,7.418163776397705
boltz-2,seed15_IL1R1_model_2.pdb,6.297013282775879
boltz-2,seed15_IL1R1_model_3.pdb,7.054222106933594
boltz-2,seed15_IL1R1_model_4.pdb,6.041513442993164
boltz-2,seed16_IL1R1_model_0.pdb,6.755782127380371
boltz-2,seed16_IL1R1_model_1.pdb,5.802631855010986
boltz-2,seed16_IL1R1_model_2.pdb,6.031777858734131
boltz-2,seed16_IL1R1_model_3.pdb,5.94972038269043
boltz-2,seed16_IL1R1_model_4.pdb,7.158425807952881
boltz-2,seed17_IL1R1_model_0.pdb,8.712124824523926
boltz-2,seed17_IL1R1_model_1.pdb,6.389678955078125
boltz-2,seed17_IL1R1_model_2.pdb,6.12306022644043
boltz-2,seed17_IL1R1_model_3.pdb,7.201632976531982
boltz-2,seed17_IL1R1_model_4.pdb,5.411919593811035
boltz-2,seed18_IL1R1_model_0.pdb,5.142152786254883
boltz-2,seed18_IL1R1_model_1.pdb,6.211987495422363
boltz-2,seed18_IL1R1_model_2.pdb,6.072602272033691
boltz-2,seed18_IL1R1_model_3.pdb,5.524022579193115
boltz-2,seed18_IL1R1_model_4.pdb,5.778388977050781
boltz-2,seed19_IL1R1_model_0.pdb,6.473150730133057
boltz-2,seed19_IL1R1_model_1.pdb,5.426217079162598
boltz-2,seed19_IL1R1_model_2.pdb,8.088041305541992
boltz-2,seed19_IL1R1_model_3.pdb,5.80573844909668
boltz-2,seed19_IL1R1_model_4.pdb,7.139480113983154
boltz-2,seed20_IL1R1_model_0.pdb,5.90904426574707
boltz-2,seed20_IL1R1_model_1.pdb,3.19690465927124
boltz-2,seed20_IL1R1_model_2.pdb,6.2443389892578125
boltz-2,seed20_IL1R1_model_3.pdb,8.070075035095215
boltz-2,seed20_IL1R1_model_4.pdb,6.078933238983154
boltz-2,seed21_IL1R1_model_0.pdb,5.516022205352783
boltz-2,seed21_IL1R1_model_1.pdb,4.926848411560059
boltz-2,seed21_IL1R1_model_2.pdb,4.6176533699035645
boltz-2,seed21_IL1R1_model_3.pdb,6.561136245727539
boltz-2,seed21_IL1R1_model_4.pdb,5.755202293395996
boltz-2,seed22_IL1R1_model_0.pdb,6.359798908233643
boltz-2,seed22_IL1R1_model_1.pdb,5.787817478179932
boltz-2,seed22_IL1R1_model_2.pdb,6.1968607902526855
boltz-2,seed22_IL1R1_model_3.pdb,10.078805923461914
boltz-2,seed22_IL1R1_model_4.pdb,5.104299068450928
boltz-2,seed23_IL1R1_model_0.pdb,9.886106491088867
boltz-2,seed23_IL1R1_model_1.pdb,5.026708126068115
boltz-2,seed23_IL1R1_model_2.pdb,6.060561656951904
boltz-2,seed23_IL1R1_model_3.pdb,6.262261390686035
boltz-2,seed23_IL1R1_model_4.pdb,9.78146266937256
boltz-2,seed24_IL1R1_model_0.pdb,10.036627769470217
boltz-2,seed24_IL1R1_model_1.pdb,5.065473556518555
boltz-2,seed24_IL1R1_model_2.pdb,6.586844444274902
boltz-2,seed24_IL1R1_model_3.pdb,5.474123477935791
boltz-2,seed24_IL1R1_model_4.pdb,7.218156337738037
boltz-2,seed25_IL1R1_model_0.pdb,6.357601165771484
boltz-2,seed25_IL1R1_model_1.pdb,5.6511735916137695
boltz-2,seed25_IL1R1_model_2.pdb,5.085753440856934
boltz-2,seed25_IL1R1_model_3.pdb,5.463307857513428
boltz-2,seed25_IL1R1_model_4.pdb,6.271777153015137
boltz-2,seed26_IL1R1_model_0.pdb,4.87294340133667
boltz-2,seed26_IL1R1_model_1.pdb,6.2001471519470215
boltz-2,seed26_IL1R1_model_2.pdb,5.648188591003418
boltz-2,seed26_IL1R1_model_3.pdb,5.92658281326294
boltz-2,seed26_IL1R1_model_4.pdb,8.132251739501953
boltz-2,seed27_IL1R1_model_0.pdb,5.245595455169678
boltz-2,seed27_IL1R1_model_1.pdb,5.359169006347656
boltz-2,seed27_IL1R1_model_2.pdb,5.183511734008789
boltz-2,seed27_IL1R1_model_3.pdb,8.550924301147461
boltz-2,seed27_IL1R1_model_4.pdb,8.15113353729248
boltz-2,seed28_IL1R1_model_0.pdb,7.56610631942749
boltz-2,seed28_IL1R1_model_1.pdb,3.9482288360595694
boltz-2,seed28_IL1R1_model_2.pdb,6.03215217590332
boltz-2,seed28_IL1R1_model_3.pdb,5.804933547973633
boltz-2,seed28_IL1R1_model_4.pdb,4.274068355560303
boltz-2,seed29_IL1R1_model_0.pdb,5.906991004943848
boltz-2,seed29_IL1R1_model_1.pdb,5.371133804321289
boltz-2,seed29_IL1R1_model_2.pdb,5.530962944030762
boltz-2,seed29_IL1R1_model_3.pdb,7.4709672927856445
boltz-2,seed29_IL1R1_model_4.pdb,7.292088031768799
boltz-2,seed30_IL1R1_model_0.pdb,6.273383617401123
boltz-2,seed30_IL1R1_model_1.pdb,5.792965412139893
boltz-2,seed30_IL1R1_model_2.pdb,6.017765998840332
boltz-2,seed30_IL1R1_model_3.pdb,5.14438533782959
boltz-2,seed30_IL1R1_model_4.pdb,5.4750518798828125
boltz-2,seed31_IL1R1_model_0.pdb,7.602304458618164
boltz-2,seed31_IL1R1_model_1.pdb,6.766374111175537
boltz-2,seed31_IL1R1_model_2.pdb,7.556974411010742
boltz-2,seed31_IL1R1_model_3.pdb,6.117985248565674
boltz-2,seed31_IL1R1_model_4.pdb,6.192550659179688
boltz-2,seed32_IL1R1_model_0.pdb,5.567837715148926
boltz-2,seed32_IL1R1_model_1.pdb,8.750991821289062
boltz-2,seed32_IL1R1_model_2.pdb,6.793910026550293
boltz-2,seed32_IL1R1_model_3.pdb,8.348457336425781
boltz-2,seed32_IL1R1_model_4.pdb,4.454970836639404
boltz-2,seed33_IL1R1_model_0.pdb,4.854249477386475
boltz-2,seed33_IL1R1_model_1.pdb,5.09600305557251
boltz-2,seed33_IL1R1_model_2.pdb,6.163643836975098
boltz-2,seed33_IL1R1_model_3.pdb,6.614585876464844
boltz-2,seed33_IL1R1_model_4.pdb,4.978770732879639
boltz-2,seed34_IL1R1_model_0.pdb,4.994891166687012
boltz-2,seed34_IL1R1_model_1.pdb,7.615211486816406
boltz-2,seed34_IL1R1_model_2.pdb,6.067834377288818
boltz-2,seed34_IL1R1_model_3.pdb,9.39910125732422
boltz-2,seed34_IL1R1_model_4.pdb,4.9730634689331055
boltz-2,seed35_IL1R1_model_0.pdb,6.224684715270996
boltz-2,seed35_IL1R1_model_1.pdb,7.1371941566467285
boltz-2,seed35_IL1R1_model_2.pdb,5.864933013916016
boltz-2,seed35_IL1R1_model_3.pdb,6.83363151550293
boltz-2,seed35_IL1R1_model_4.pdb,6.641757965087891
boltz-2,seed36_IL1R1_model_0.pdb,5.5545268058776855
boltz-2,seed36_IL1R1_model_1.pdb,7.683502674102783
boltz-2,seed36_IL1R1_model_2.pdb,4.818880558013916
boltz-2,seed36_IL1R1_model_3.pdb,4.627589225769043
boltz-2,seed36_IL1R1_model_4.pdb,4.577658176422119
boltz-2,seed37_IL1R1_model_0.pdb,5.936628818511963
boltz-2,seed37_IL1R1_model_1.pdb,9.54945182800293
boltz-2,seed37_IL1R1_model_2.pdb,9.453998565673828
boltz-2,seed37_IL1R1_model_3.pdb,9.946555137634276
boltz-2,seed37_IL1R1_model_4.pdb,8.070633888244629
boltz-2,seed38_IL1R1_model_0.pdb,6.60460090637207
boltz-2,seed38_IL1R1_model_1.pdb,5.745408535003662
boltz-2,seed38_IL1R1_model_2.pdb,3.152132272720337
boltz-2,seed38_IL1R1_model_3.pdb,7.184840679168701
boltz-2,seed38_IL1R1_model_4.pdb,6.653934955596924
boltz-2,seed39_IL1R1_model_0.pdb,6.622741222381592
boltz-2,seed39_IL1R1_model_1.pdb,4.421199798583984
boltz-2,seed39_IL1R1_model_2.pdb,4.534753799438477
boltz-2,seed39_IL1R1_model_3.pdb,5.50688362121582
boltz-2,seed39_IL1R1_model_4.pdb,4.810347557067871
boltz-2,seed40_IL1R1_model_0.pdb,5.888473987579346
boltz-2,seed40_IL1R1_model_1.pdb,5.238958358764648
boltz-2,seed40_IL1R1_model_2.pdb,8.897615432739258
boltz-2,seed40_IL1R1_model_3.pdb,5.6057000160217285
boltz-2,seed40_IL1R1_model_4.pdb,6.415660858154297
boltz-2,seed41_IL1R1_model_0.pdb,9.945005416870115
boltz-2,seed41_IL1R1_model_1.pdb,6.1710124015808105
boltz-2,seed41_IL1R1_model_2.pdb,6.392977714538574
boltz-2,seed41_IL1R1_model_3.pdb,5.001282691955566
boltz-2,seed41_IL1R1_model_4.pdb,5.768515586853027
boltz-2,seed42_IL1R1_model_0.pdb,6.069768905639648
boltz-2,seed42_IL1R1_model_1.pdb,7.928821086883545
boltz-2,seed42_IL1R1_model_2.pdb,6.532415866851807
boltz-2,seed42_IL1R1_model_3.pdb,4.50894021987915
boltz-2,seed42_IL1R1_model_4.pdb,5.216000556945801
boltz-2,seed43_IL1R1_model_0.pdb,5.2498555183410645
boltz-2,seed43_IL1R1_model_1.pdb,8.296146392822266
boltz-2,seed43_IL1R1_model_2.pdb,8.651982307434082
boltz-2,seed43_IL1R1_model_3.pdb,6.367171764373779
boltz-2,seed43_IL1R1_model_4.pdb,6.457116603851318
boltz-2,seed44_IL1R1_model_0.pdb,5.381159782409668
boltz-2,seed44_IL1R1_model_1.pdb,6.949306488037109
boltz-2,seed44_IL1R1_model_2.pdb,5.713859081268311
boltz-2,seed44_IL1R1_model_3.pdb,4.610617160797119
boltz-2,seed44_IL1R1_model_4.pdb,4.730266094207764
boltz-2,seed45_IL1R1_model_0.pdb,5.514593601226807
boltz-2,seed45_IL1R1_model_1.pdb,6.696420669555664
boltz-2,seed45_IL1R1_model_2.pdb,5.611993789672852
boltz-2,seed45_IL1R1_model_3.pdb,6.664844036102295
boltz-2,seed45_IL1R1_model_4.pdb,4.156985759735107
boltz-2,seed46_IL1R1_model_0.pdb,4.876812934875488
boltz-2,seed46_IL1R1_model_1.pdb,5.124377250671387
boltz-2,seed46_IL1R1_model_2.pdb,7.694449424743652
boltz-2,seed46_IL1R1_model_3.pdb,7.003786563873291
boltz-2,seed46_IL1R1_model_4.pdb,4.728017807006836
boltz-2,seed47_IL1R1_model_0.pdb,5.228282451629639
boltz-2,seed47_IL1R1_model_1.pdb,10.06004524230957
boltz-2,seed47_IL1R1_model_2.pdb,5.718707084655762
boltz-2,seed47_IL1R1_model_3.pdb,10.063093185424805
boltz-2,seed47_IL1R1_model_4.pdb,7.081459999084473
boltz-2,seed48_IL1R1_model_0.pdb,9.081498146057127
boltz-2,seed48_IL1R1_model_1.pdb,5.064788341522217
boltz-2,seed48_IL1R1_model_2.pdb,6.992385387420654
boltz-2,seed48_IL1R1_model_3.pdb,7.002187728881836
boltz-2,seed48_IL1R1_model_4.pdb,5.236334323883057
boltz-2,seed49_IL1R1_model_0.pdb,5.230829238891602
boltz-2,seed49_IL1R1_model_1.pdb,9.860357284545898
boltz-2,seed49_IL1R1_model_2.pdb,6.467696666717529
boltz-2,seed49_IL1R1_model_3.pdb,5.493736743927002
boltz-2,seed49_IL1R1_model_4.pdb,5.540424823760986
boltz-2,seed50_IL1R1_model_0.pdb,6.326892375946045
boltz-2,seed50_IL1R1_model_1.pdb,5.48753833770752
boltz-2,seed50_IL1R1_model_2.pdb,7.0144548416137695
boltz-2,seed50_IL1R1_model_3.pdb,7.185680866241455
boltz-2,seed50_IL1R1_model_4.pdb,5.613326549530029
boltz-2,seed51_IL1R1_model_0.pdb,6.14048957824707
boltz-2,seed51_IL1R1_model_1.pdb,5.244431495666504
boltz-2,seed51_IL1R1_model_2.pdb,8.80945110321045
boltz-2,seed51_IL1R1_model_3.pdb,6.819701671600342
boltz-2,seed51_IL1R1_model_4.pdb,7.489311695098877
boltz-2,seed52_IL1R1_model_0.pdb,5.705145835876465
boltz-2,seed52_IL1R1_model_1.pdb,7.713196277618408
boltz-2,seed52_IL1R1_model_2.pdb,4.581697463989258
boltz-2,seed52_IL1R1_model_3.pdb,6.781139850616455
boltz-2,seed52_IL1R1_model_4.pdb,10.124590873718262
boltz-2,seed53_IL1R1_model_0.pdb,8.685711860656738
boltz-2,seed53_IL1R1_model_1.pdb,9.83758544921875
boltz-2,seed53_IL1R1_model_2.pdb,5.59255838394165
boltz-2,seed53_IL1R1_model_3.pdb,6.3522233963012695
boltz-2,seed53_IL1R1_model_4.pdb,7.15473747253418
boltz-2,seed54_IL1R1_model_0.pdb,5.719528675079346
boltz-2,seed54_IL1R1_model_1.pdb,6.229183673858643
boltz-2,seed54_IL1R1_model_2.pdb,5.414885997772217
boltz-2,seed54_IL1R1_model_3.pdb,6.381450176239014
boltz-2,seed54_IL1R1_model_4.pdb,7.225140571594238
boltz-2,seed55_IL1R1_model_0.pdb,9.54145622253418
boltz-2,seed55_IL1R1_model_1.pdb,6.420060634613037
boltz-2,seed55_IL1R1_model_2.pdb,5.71316385269165
boltz-2,seed55_IL1R1_model_3.pdb,5.098069667816162
boltz-2,seed55_IL1R1_model_4.pdb,6.671416282653809
boltz-2,seed56_IL1R1_model_0.pdb,6.377648830413818
boltz-2,seed56_IL1R1_model_1.pdb,4.817385673522949
boltz-2,seed56_IL1R1_model_2.pdb,5.533796787261963
boltz-2,seed56_IL1R1_model_3.pdb,7.214465141296387
boltz-2,seed56_IL1R1_model_4.pdb,6.832256317138672
boltz-2,seed57_IL1R1_model_0.pdb,6.711027145385742
boltz-2,seed57_IL1R1_model_1.pdb,4.950584888458252
boltz-2,seed57_IL1R1_model_2.pdb,6.278227806091309
boltz-2,seed57_IL1R1_model_3.pdb,7.038137912750244
boltz-2,seed57_IL1R1_model_4.pdb,4.03532600402832
boltz-2,seed58_IL1R1_model_0.pdb,9.62604808807373
boltz-2,seed58_IL1R1_model_1.pdb,5.126335620880127
boltz-2,seed58_IL1R1_model_2.pdb,6.216588497161865
boltz-2,seed58_IL1R1_model_3.pdb,6.508942127227783
boltz-2,seed58_IL1R1_model_4.pdb,7.166572570800781
boltz-2,seed59_IL1R1_model_0.pdb,5.743793964385986
boltz-2,seed59_IL1R1_model_1.pdb,6.911543846130371
boltz-2,seed59_IL1R1_model_2.pdb,4.511039733886719
boltz-2,seed59_IL1R1_model_3.pdb,5.882847309112549
boltz-2,seed59_IL1R1_model_4.pdb,5.755549430847168
boltz-2,seed60_IL1R1_model_0.pdb,6.4097185134887695
boltz-2,seed60_IL1R1_model_1.pdb,6.08966875076294
boltz-2,seed60_IL1R1_model_2.pdb,4.906540870666504
boltz-2,seed60_IL1R1_model_3.pdb,6.089179992675781
boltz-2,seed60_IL1R1_model_4.pdb,6.7463154792785645
boltz-2,seed61_IL1R1_model_0.pdb,5.606123924255371
boltz-2,seed61_IL1R1_model_1.pdb,9.292552947998049
boltz-2,seed61_IL1R1_model_2.pdb,7.861596584320068
boltz-2,seed61_IL1R1_model_3.pdb,6.857784748077393
boltz-2,seed61_IL1R1_model_4.pdb,6.397521495819092
boltz-2,seed62_IL1R1_model_0.pdb,5.691905975341797
boltz-2,seed62_IL1R1_model_1.pdb,5.3235578536987305
boltz-2,seed62_IL1R1_model_2.pdb,6.079941749572754
boltz-2,seed62_IL1R1_model_3.pdb,7.377751350402832
boltz-2,seed62_IL1R1_model_4.pdb,6.462197303771973
boltz-2,seed63_IL1R1_model_0.pdb,6.587486267089844
boltz-2,seed63_IL1R1_model_1.pdb,6.2090253829956055
boltz-2,seed63_IL1R1_model_2.pdb,7.678792476654053
boltz-2,seed63_IL1R1_model_3.pdb,8.010218620300293
boltz-2,seed63_IL1R1_model_4.pdb,5.74306058883667
boltz-2,seed64_IL1R1_model_0.pdb,6.642450332641602
boltz-2,seed64_IL1R1_model_1.pdb,9.661373138427734
boltz-2,seed64_IL1R1_model_2.pdb,6.145175457000732
boltz-2,seed64_IL1R1_model_3.pdb,5.86225175857544
boltz-2,seed64_IL1R1_model_4.pdb,6.680992603302002
boltz-2,seed65_IL1R1_model_0.pdb,7.19329309463501
boltz-2,seed65_IL1R1_model_1.pdb,5.69818115234375
boltz-2,seed65_IL1R1_model_2.pdb,7.360471248626709
boltz-2,seed65_IL1R1_model_3.pdb,6.64512300491333
boltz-2,seed65_IL1R1_model_4.pdb,7.653039932250977
boltz-2,seed66_IL1R1_model_0.pdb,5.894003391265869
boltz-2,seed66_IL1R1_model_1.pdb,6.034594058990479
boltz-2,seed66_IL1R1_model_2.pdb,5.76010799407959
boltz-2,seed66_IL1R1_model_3.pdb,7.431038856506348
boltz-2,seed66_IL1R1_model_4.pdb,6.384981155395508
boltz-2,seed67_IL1R1_model_0.pdb,5.485357284545898
boltz-2,seed67_IL1R1_model_1.pdb,4.029531002044678
boltz-2,seed67_IL1R1_model_2.pdb,8.179532051086426
boltz-2,seed67_IL1R1_model_3.pdb,6.602519989013672
boltz-2,seed67_IL1R1_model_4.pdb,6.764537811279297
boltz-2,seed68_IL1R1_model_0.pdb,5.193037509918213
boltz-2,seed68_IL1R1_model_1.pdb,6.496009826660156
boltz-2,seed68_IL1R1_model_2.pdb,5.087891101837158
boltz-2,seed68_IL1R1_model_3.pdb,5.13178014755249
boltz-2,seed68_IL1R1_model_4.pdb,7.043188095092773
boltz-2,seed69_IL1R1_model_0.pdb,4.444685459136963
boltz-2,seed69_IL1R1_model_1.pdb,6.109557151794434
boltz-2,seed69_IL1R1_model_2.pdb,5.241417407989502
boltz-2,seed69_IL1R1_model_3.pdb,5.724727153778076
boltz-2,seed69_IL1R1_model_4.pdb,7.525315761566162
boltz-2,seed70_IL1R1_model_0.pdb,4.467795848846436
boltz-2,seed70_IL1R1_model_1.pdb,6.421168327331543
boltz-2,seed70_IL1R1_model_2.pdb,6.128248691558838
boltz-2,seed70_IL1R1_model_3.pdb,5.989392280578613
boltz-2,seed70_IL1R1_model_4.pdb,5.088774681091309
boltz-2,seed71_IL1R1_model_0.pdb,9.725651741027832
boltz-2,seed71_IL1R1_model_1.pdb,6.777851581573486
boltz-2,seed71_IL1R1_model_2.pdb,7.91472864151001
boltz-2,seed71_IL1R1_model_3.pdb,6.792908191680908
boltz-2,seed71_IL1R1_model_4.pdb,5.363557815551758
boltz-2,seed72_IL1R1_model_0.pdb,5.697134971618652
boltz-2,seed72_IL1R1_model_1.pdb,5.195960998535156
boltz-2,seed72_IL1R1_model_2.pdb,5.929494380950928
boltz-2,seed72_IL1R1_model_3.pdb,4.349008083343506
boltz-2,seed72_IL1R1_model_4.pdb,7.13962459564209
boltz-2,seed73_IL1R1_model_0.pdb,4.993172645568848
boltz-2,seed73_IL1R1_model_1.pdb,6.0100812911987305
boltz-2,seed73_IL1R1_model_2.pdb,5.37074613571167
boltz-2,seed73_IL1R1_model_3.pdb,6.932315349578857
boltz-2,seed73_IL1R1_model_4.pdb,6.31398344039917
boltz-2,seed74_IL1R1_model_0.pdb,6.754955291748047
boltz-2,seed74_IL1R1_model_1.pdb,4.808609962463379
boltz-2,seed74_IL1R1_model_2.pdb,6.311092376708984
boltz-2,seed74_IL1R1_model_3.pdb,7.154624938964844
boltz-2,seed74_IL1R1_model_4.pdb,5.023176670074463
boltz-2,seed75_IL1R1_model_0.pdb,5.107844829559326
boltz-2,seed75_IL1R1_model_1.pdb,8.011221885681152
boltz-2,seed75_IL1R1_model_2.pdb,6.432084083557129
boltz-2,seed75_IL1R1_model_3.pdb,5.95872163772583
boltz-2,seed75_IL1R1_model_4.pdb,5.522935390472412
boltz-2,seed76_IL1R1_model_0.pdb,9.239296913146973
boltz-2,seed76_IL1R1_model_1.pdb,4.798616886138916
boltz-2,seed76_IL1R1_model_2.pdb,9.546798706054688
boltz-2,seed76_IL1R1_model_3.pdb,9.182382583618164
boltz-2,seed76_IL1R1_model_4.pdb,5.856501579284668
boltz-2,seed77_IL1R1_model_0.pdb,7.237044334411621
boltz-2,seed77_IL1R1_model_1.pdb,6.067481994628906
boltz-2,seed77_IL1R1_model_2.pdb,5.455495357513428
boltz-2,seed77_IL1R1_model_3.pdb,6.62998628616333
boltz-2,seed77_IL1R1_model_4.pdb,7.868798732757568
boltz-2,seed78_IL1R1_model_0.pdb,4.789796829223633
boltz-2,seed78_IL1R1_model_1.pdb,4.97713041305542
boltz-2,seed78_IL1R1_model_2.pdb,5.60137414932251
boltz-2,seed78_IL1R1_model_3.pdb,4.933839321136475
boltz-2,seed78_IL1R1_model_4.pdb,4.190644264221191
boltz-2,seed79_IL1R1_model_0.pdb,6.037592887878418
boltz-2,seed79_IL1R1_model_1.pdb,8.615446090698242
boltz-2,seed79_IL1R1_model_2.pdb,5.9989213943481445
boltz-2,seed79_IL1R1_model_3.pdb,5.500494956970215
boltz-2,seed79_IL1R1_model_4.pdb,5.258406639099121
boltz-2,seed80_IL1R1_model_0.pdb,5.730307579040527
boltz-2,seed80_IL1R1_model_1.pdb,5.762017250061035
boltz-2,seed80_IL1R1_model_2.pdb,9.71823501586914
boltz-2,seed80_IL1R1_model_3.pdb,5.591310977935791
boltz-2,seed80_IL1R1_model_4.pdb,6.462764263153076
boltz-2,seed81_IL1R1_model_0.pdb,6.454077243804932
boltz-2,seed81_IL1R1_model_1.pdb,6.069779396057129
boltz-2,seed81_IL1R1_model_2.pdb,6.815999507904053
boltz-2,seed81_IL1R1_model_3.pdb,5.598587989807129
boltz-2,seed81_IL1R1_model_4.pdb,6.539198875427246
boltz-2,seed82_IL1R1_model_0.pdb,5.50404167175293
boltz-2,seed82_IL1R1_model_1.pdb,5.155816078186035
boltz-2,seed82_IL1R1_model_2.pdb,6.095870971679688
boltz-2,seed82_IL1R1_model_3.pdb,5.234561443328857
boltz-2,seed82_IL1R1_model_4.pdb,4.692762851715088
boltz-2,seed83_IL1R1_model_0.pdb,4.698122501373291
boltz-2,seed83_IL1R1_model_1.pdb,5.90482234954834
boltz-2,seed83_IL1R1_model_2.pdb,7.777481079101562
boltz-2,seed83_IL1R1_model_3.pdb,5.432115077972412
boltz-2,seed83_IL1R1_model_4.pdb,4.613734245300293
boltz-2,seed84_IL1R1_model_0.pdb,5.292242527008057
boltz-2,seed84_IL1R1_model_1.pdb,4.9770827293396
boltz-2,seed84_IL1R1_model_2.pdb,5.912907123565674
boltz-2,seed84_IL1R1_model_3.pdb,7.534154891967773
boltz-2,seed84_IL1R1_model_4.pdb,5.66898250579834
boltz-2,seed85_IL1R1_model_0.pdb,7.210858821868896
boltz-2,seed85_IL1R1_model_1.pdb,3.665764570236206
boltz-2,seed85_IL1R1_model_2.pdb,6.502984523773193
boltz-2,seed85_IL1R1_model_3.pdb,9.400341987609863
boltz-2,seed85_IL1R1_model_4.pdb,6.430272579193115
boltz-2,seed86_IL1R1_model_0.pdb,6.289809226989746
boltz-2,seed86_IL1R1_model_1.pdb,6.109358787536621
boltz-2,seed86_IL1R1_model_2.pdb,7.021994590759277
boltz-2,seed86_IL1R1_model_3.pdb,6.073009490966797
boltz-2,seed86_IL1R1_model_4.pdb,6.891948699951172
boltz-2,seed87_IL1R1_model_0.pdb,6.959804058074951
boltz-2,seed87_IL1R1_model_1.pdb,6.681806564331055
boltz-2,seed87_IL1R1_model_2.pdb,6.5653839111328125
boltz-2,seed87_IL1R1_model_3.pdb,6.902859210968018
boltz-2,seed87_IL1R1_model_4.pdb,6.269045352935791
boltz-2,seed88_IL1R1_model_0.pdb,7.603357315063477
boltz-2,seed88_IL1R1_model_1.pdb,5.026772499084473
boltz-2,seed88_IL1R1_model_2.pdb,6.894937992095947
boltz-2,seed88_IL1R1_model_3.pdb,7.822415351867676
boltz-2,seed88_IL1R1_model_4.pdb,5.310640811920166
boltz-2,seed89_IL1R1_model_0.pdb,5.149112701416016
boltz-2,seed89_IL1R1_model_1.pdb,6.295279026031494
boltz-2,seed89_IL1R1_model_2.pdb,12.56365203857422
boltz-2,seed89_IL1R1_model_3.pdb,5.871712684631348
boltz-2,seed89_IL1R1_model_4.pdb,6.480273246765137
boltz-2,seed90_IL1R1_model_0.pdb,8.750353813171387
boltz-2,seed90_IL1R1_model_1.pdb,5.609941959381104
boltz-2,seed90_IL1R1_model_2.pdb,5.538330078125
boltz-2,seed90_IL1R1_model_3.pdb,6.1804962158203125
boltz-2,seed90_IL1R1_model_4.pdb,7.342892169952393
boltz-2,seed91_IL1R1_model_0.pdb,6.570908069610596
boltz-2,seed91_IL1R1_model_1.pdb,8.157403945922852
boltz-2,seed91_IL1R1_model_2.pdb,4.76531982421875
boltz-2,seed91_IL1R1_model_3.pdb,6.396480560302734
boltz-2,seed91_IL1R1_model_4.pdb,7.364251613616943
boltz-2,seed92_IL1R1_model_0.pdb,5.361681938171387
boltz-2,seed92_IL1R1_model_1.pdb,6.184810161590576
boltz-2,seed92_IL1R1_model_2.pdb,8.685544967651367
boltz-2,seed92_IL1R1_model_3.pdb,9.187331199645996
boltz-2,seed92_IL1R1_model_4.pdb,7.244704723358154
boltz-2,seed93_IL1R1_model_0.pdb,5.036418437957764
boltz-2,seed93_IL1R1_model_1.pdb,9.0274658203125
boltz-2,seed93_IL1R1_model_2.pdb,4.841395854949951
boltz-2,seed93_IL1R1_model_3.pdb,6.298472881317139
boltz-2,seed93_IL1R1_model_4.pdb,7.353890895843506
boltz-2,seed94_IL1R1_model_0.pdb,6.2372894287109375
boltz-2,seed94_IL1R1_model_1.pdb,5.902736663818359
boltz-2,seed94_IL1R1_model_2.pdb,5.799635887145996
boltz-2,seed94_IL1R1_model_3.pdb,5.3969831466674805
boltz-2,seed94_IL1R1_model_4.pdb,6.851933002471924
boltz-2,seed95_IL1R1_model_0.pdb,5.366826057434082
boltz-2,seed95_IL1R1_model_1.pdb,5.036160469055176
boltz-2,seed95_IL1R1_model_2.pdb,4.7596964836120605
boltz-2,seed95_IL1R1_model_3.pdb,5.020120620727539
boltz-2,seed95_IL1R1_model_4.pdb,8.789751052856445
boltz-2,seed96_IL1R1_model_0.pdb,5.963670253753662
boltz-2,seed96_IL1R1_model_1.pdb,5.010959148406982
boltz-2,seed96_IL1R1_model_2.pdb,5.68696928024292
boltz-2,seed96_IL1R1_model_3.pdb,4.979966640472412
boltz-2,seed96_IL1R1_model_4.pdb,7.493494033813477
boltz-2,seed97_IL1R1_model_0.pdb,4.482397556304932
boltz-2,seed97_IL1R1_model_1.pdb,6.537015914916992
boltz-2,seed97_IL1R1_model_2.pdb,6.836440086364746
boltz-2,seed97_IL1R1_model_3.pdb,6.396850109100342
boltz-2,seed97_IL1R1_model_4.pdb,5.147100448608398
boltz-2,seed98_IL1R1_model_0.pdb,5.067470073699951
boltz-2,seed98_IL1R1_model_1.pdb,5.955050945281982
boltz-2,seed98_IL1R1_model_2.pdb,6.269572734832764
boltz-2,seed98_IL1R1_model_3.pdb,4.616700649261475
boltz-2,seed98_IL1R1_model_4.pdb,6.868995189666748
boltz-2,seed99_IL1R1_model_0.pdb,10.95877170562744
boltz-2,seed99_IL1R1_model_1.pdb,5.974545478820801
boltz-2,seed99_IL1R1_model_2.pdb,4.7629075050354
boltz-2,seed99_IL1R1_model_3.pdb,6.56567907333374
boltz-2,seed99_IL1R1_model_4.pdb,7.336825847625732
boltz-2,seed100_IL1R1_model_0.pdb,5.653915882110596
boltz-2,seed100_IL1R1_model_1.pdb,5.221108436584473
boltz-2,seed100_IL1R1_model_2.pdb,4.462294101715088
boltz-2,seed100_IL1R1_model_3.pdb,6.535550594329834
boltz-2,seed100_IL1R1_model_4.pdb,6.714654922485352
chai-1,pred.model_idx_0-seed_0.pdb,4.656644821166992
chai-1,pred.model_idx_0-seed_1.pdb,4.957304000854492
chai-1,pred.model_idx_0-seed_2.pdb,6.793292045593262
chai-1,pred.model_idx_0-seed_3.pdb,4.951864719390869
chai-1,pred.model_idx_0-seed_4.pdb,5.447690486907959
chai-1,pred.model_idx_0-seed_5.pdb,4.533102512359619
chai-1,pred.model_idx_0-seed_6.pdb,4.743194580078125
chai-1,pred.model_idx_0-seed_7.pdb,5.032955646514893
chai-1,pred.model_idx_0-seed_8.pdb,5.925232410430908
chai-1,pred.model_idx_0-seed_9.pdb,6.6183695793151855
chai-1,pred.model_idx_0-seed_10.pdb,6.915968418121338
chai-1,pred.model_idx_0-seed_11.pdb,6.166662216186523
chai-1,pred.model_idx_0-seed_12.pdb,5.892963886260986
chai-1,pred.model_idx_0-seed_13.pdb,5.580673694610596
chai-1,pred.model_idx_0-seed_14.pdb,4.767819404602051
chai-1,pred.model_idx_0-seed_15.pdb,4.958836078643799
chai-1,pred.model_idx_0-seed_16.pdb,4.293172359466553
chai-1,pred.model_idx_0-seed_17.pdb,5.513400077819824
chai-1,pred.model_idx_0-seed_18.pdb,6.125174522399902
chai-1,pred.model_idx_0-seed_19.pdb,6.613595962524414
chai-1,pred.model_idx_0-seed_20.pdb,5.673369407653809
chai-1,pred.model_idx_0-seed_21.pdb,5.271925926208496
chai-1,pred.model_idx_0-seed_22.pdb,5.800676345825195
chai-1,pred.model_idx_0-seed_23.pdb,5.55229377746582
chai-1,pred.model_idx_0-seed_24.pdb,7.003026008605957
chai-1,pred.model_idx_0-seed_25.pdb,6.501603126525879
chai-1,pred.model_idx_0-seed_26.pdb,5.036625385284424
chai-1,pred.model_idx_0-seed_27.pdb,5.920406818389893
chai-1,pred.model_idx_0-seed_28.pdb,5.181881904602051
chai-1,pred.model_idx_0-seed_29.pdb,5.908258438110352
chai-1,pred.model_idx_0-seed_30.pdb,5.13522481918335
chai-1,pred.model_idx_0-seed_31.pdb,6.222507953643799
chai-1,pred.model_idx_0-seed_32.pdb,5.628350257873535
chai-1,pred.model_idx_0-seed_33.pdb,6.158364772796631
chai-1,pred.model_idx_0-seed_34.pdb,7.168939590454102
chai-1,pred.model_idx_0-seed_35.pdb,4.502053260803223
chai-1,pred.model_idx_0-seed_36.pdb,6.196802139282227
chai-1,pred.model_idx_0-seed_37.pdb,6.208254814147949
chai-1,pred.model_idx_0-seed_38.pdb,5.535411357879639
chai-1,pred.model_idx_0-seed_39.pdb,5.113002300262451
chai-1,pred.model_idx_0-seed_40.pdb,4.159788608551025
chai-1,pred.model_idx_0-seed_41.pdb,4.843876361846924
chai-1,pred.model_idx_0-seed_42.pdb,5.999682426452637
chai-1,pred.model_idx_0-seed_43.pdb,5.225424289703369
chai-1,pred.model_idx_0-seed_44.pdb,4.940148830413818
chai-1,pred.model_idx_0-seed_45.pdb,5.874335765838623
chai-1,pred.model_idx_0-seed_46.pdb,5.729725360870361
chai-1,pred.model_idx_0-seed_47.pdb,5.946600437164307
chai-1,pred.model_idx_0-seed_48.pdb,4.260178565979004
chai-1,pred.model_idx_0-seed_49.pdb,6.447736740112305
chai-1,pred.model_idx_0-seed_50.pdb,5.149268627166748
chai-1,pred.model_idx_0-seed_51.pdb,5.69894552230835
chai-1,pred.model_idx_0-seed_52.pdb,7.289363861083984
chai-1,pred.model_idx_0-seed_53.pdb,6.970706462860107
chai-1,pred.model_idx_0-seed_54.pdb,5.667816638946533
chai-1,pred.model_idx_0-seed_55.pdb,7.87200403213501
chai-1,pred.model_idx_0-seed_56.pdb,4.8449530601501465
chai-1,pred.model_idx_0-seed_57.pdb,6.206794261932373
chai-1,pred.model_idx_0-seed_58.pdb,5.744383811950684
chai-1,pred.model_idx_0-seed_59.pdb,5.586402893066406
chai-1,pred.model_idx_0-seed_60.pdb,5.653502464294434
chai-1,pred.model_idx_0-seed_61.pdb,6.485661029815674
chai-1,pred.model_idx_0-seed_62.pdb,5.960148334503174
chai-1,pred.model_idx_0-seed_63.pdb,6.539276599884033
chai-1,pred.model_idx_0-seed_64.pdb,4.486321926116943
chai-1,pred.model_idx_0-seed_65.pdb,3.9297432899475098
chai-1,pred.model_idx_0-seed_66.pdb,5.648175239562988
chai-1,pred.model_idx_0-seed_67.pdb,5.5121049880981445
chai-1,pred.model_idx_0-seed_68.pdb,5.427211284637451
chai-1,pred.model_idx_0-seed_69.pdb,6.533775806427002
chai-1,pred.model_idx_0-seed_70.pdb,6.606447219848633
chai-1,pred.model_idx_0-seed_71.pdb,8.494227409362793
chai-1,pred.model_idx_0-seed_72.pdb,5.355536460876465
chai-1,pred.model_idx_0-seed_73.pdb,5.92135763168335
chai-1,pred.model_idx_0-seed_74.pdb,4.434821605682373
chai-1,pred.model_idx_0-seed_75.pdb,6.791340827941895
chai-1,pred.model_idx_0-seed_76.pdb,6.887341976165772
chai-1,pred.model_idx_0-seed_77.pdb,7.377428531646728
chai-1,pred.model_idx_0-seed_78.pdb,6.847787380218506
chai-1,pred.model_idx_0-seed_79.pdb,4.41961669921875
chai-1,pred.model_idx_0-seed_80.pdb,5.424755096435547
chai-1,pred.model_idx_0-seed_81.pdb,6.153933525085449
chai-1,pred.model_idx_0-seed_82.pdb,5.599391460418701
chai-1,pred.model_idx_0-seed_83.pdb,5.8820013999938965
chai-1,pred.model_idx_0-seed_84.pdb,5.6317572593688965
chai-1,pred.model_idx_0-seed_85.pdb,5.205355167388916
chai-1,pred.model_idx_0-seed_86.pdb,6.1754231452941895
chai-1,pred.model_idx_0-seed_87.pdb,6.26082706451416
chai-1,pred.model_idx_0-seed_88.pdb,5.216084003448486
chai-1,pred.model_idx_0-seed_89.pdb,5.383190155029297
chai-1,pred.model_idx_0-seed_90.pdb,6.0968098640441895
chai-1,pred.model_idx_0-seed_91.pdb,5.530782699584961
chai-1,pred.model_idx_0-seed_92.pdb,6.123486042022705
chai-1,pred.model_idx_0-seed_93.pdb,5.983824729919434
chai-1,pred.model_idx_0-seed_94.pdb,5.50886869430542
chai-1,pred.model_idx_0-seed_95.pdb,6.079136371612549
chai-1,pred.model_idx_0-seed_96.pdb,6.285539150238037
chai-1,pred.model_idx_0-seed_97.pdb,7.088138103485107
chai-1,pred.model_idx_0-seed_98.pdb,6.340978145599365
chai-1,pred.model_idx_0-seed_99.pdb,5.970841407775879
chai-1,pred.model_idx_1-seed_0.pdb,5.690863132476807
chai-1,pred.model_idx_1-seed_1.pdb,5.645798683166504
chai-1,pred.model_idx_1-seed_2.pdb,4.701054573059082
chai-1,pred.model_idx_1-seed_3.pdb,5.119416236877441
chai-1,pred.model_idx_1-seed_4.pdb,4.3700151443481445
chai-1,pred.model_idx_1-seed_5.pdb,5.84395694732666
chai-1,pred.model_idx_1-seed_6.pdb,5.828846454620361
chai-1,pred.model_idx_1-seed_7.pdb,6.9581708908081055
chai-1,pred.model_idx_1-seed_8.pdb,3.4156153202056885
chai-1,pred.model_idx_1-seed_9.pdb,5.387678623199463
chai-1,pred.model_idx_1-seed_10.pdb,5.492353916168213
chai-1,pred.model_idx_1-seed_11.pdb,3.967344522476196
chai-1,pred.model_idx_1-seed_12.pdb,5.443934440612793
chai-1,pred.model_idx_1-seed_13.pdb,5.211177349090576
chai-1,pred.model_idx_1-seed_14.pdb,5.354211330413818
chai-1,pred.model_idx_1-seed_15.pdb,4.262170314788818
chai-1,pred.model_idx_1-seed_16.pdb,6.214942932128906
chai-1,pred.model_idx_1-seed_17.pdb,6.178160190582275
chai-1,pred.model_idx_1-seed_18.pdb,3.7457387447357178
chai-1,pred.model_idx_1-seed_19.pdb,4.56893253326416
chai-1,pred.model_idx_1-seed_20.pdb,4.167027473449707
chai-1,pred.model_idx_1-seed_21.pdb,5.547691345214844
chai-1,pred.model_idx_1-seed_22.pdb,6.025897026062012
chai-1,pred.model_idx_1-seed_23.pdb,4.066523551940918
chai-1,pred.model_idx_1-seed_24.pdb,4.571866989135742
chai-1,pred.model_idx_1-seed_25.pdb,6.389269828796387
chai-1,pred.model_idx_1-seed_26.pdb,3.437105894088745
chai-1,pred.model_idx_1-seed_27.pdb,6.54792594909668
chai-1,pred.model_idx_1-seed_28.pdb,4.941889762878418
chai-1,pred.model_idx_1-seed_29.pdb,5.432199001312256
chai-1,pred.model_idx_1-seed_30.pdb,5.321038246154785
chai-1,pred.model_idx_1-seed_31.pdb,6.647111415863037
chai-1,pred.model_idx_1-seed_32.pdb,5.653455257415772
chai-1,pred.model_idx_1-seed_33.pdb,4.716472625732422
chai-1,pred.model_idx_1-seed_34.pdb,5.532029151916504
chai-1,pred.model_idx_1-seed_35.pdb,6.108346939086914
chai-1,pred.model_idx_1-seed_36.pdb,4.770692348480225
chai-1,pred.model_idx_1-seed_37.pdb,6.433643817901611
chai-1,pred.model_idx_1-seed_38.pdb,4.692064762115479
chai-1,pred.model_idx_1-seed_39.pdb,4.273769855499268
chai-1,pred.model_idx_1-seed_40.pdb,6.861179828643799
chai-1,pred.model_idx_1-seed_41.pdb,5.931354999542236
chai-1,pred.model_idx_1-seed_42.pdb,5.471683025360107
chai-1,pred.model_idx_1-seed_43.pdb,5.293420314788818
chai-1,pred.model_idx_1-seed_44.pdb,6.012590408325195
chai-1,pred.model_idx_1-seed_45.pdb,5.300266742706299
chai-1,pred.model_idx_1-seed_46.pdb,5.977950572967529
chai-1,pred.model_idx_1-seed_47.pdb,5.5858917236328125
chai-1,pred.model_idx_1-seed_48.pdb,5.721282482147217
chai-1,pred.model_idx_1-seed_49.pdb,5.781905651092529
chai-1,pred.model_idx_1-seed_50.pdb,5.853099822998047
chai-1,pred.model_idx_1-seed_51.pdb,5.169304370880127
chai-1,pred.model_idx_1-seed_52.pdb,6.190831184387207
chai-1,pred.model_idx_1-seed_53.pdb,4.746364116668701
chai-1,pred.model_idx_1-seed_54.pdb,4.192194938659668
chai-1,pred.model_idx_1-seed_55.pdb,6.195164680480957
chai-1,pred.model_idx_1-seed_56.pdb,3.677454710006714
chai-1,pred.model_idx_1-seed_57.pdb,6.229475975036621
chai-1,pred.model_idx_1-seed_58.pdb,5.64798641204834
chai-1,pred.model_idx_1-seed_59.pdb,6.530494213104248
chai-1,pred.model_idx_1-seed_60.pdb,5.472551345825195
chai-1,pred.model_idx_1-seed_61.pdb,5.510454177856445
chai-1,pred.model_idx_1-seed_62.pdb,5.889084815979004
chai-1,pred.model_idx_1-seed_63.pdb,8.450787544250488
chai-1,pred.model_idx_1-seed_64.pdb,4.950981616973877
chai-1,pred.model_idx_1-seed_65.pdb,5.589167594909668
chai-1,pred.model_idx_1-seed_66.pdb,5.873198509216309
chai-1,pred.model_idx_1-seed_67.pdb,5.531215667724609
chai-1,pred.model_idx_1-seed_68.pdb,5.863142967224121
chai-1,pred.model_idx_1-seed_69.pdb,6.468624114990234
chai-1,pred.model_idx_1-seed_70.pdb,5.588442802429199
chai-1,pred.model_idx_1-seed_71.pdb,5.311853408813477
chai-1,pred.model_idx_1-seed_72.pdb,5.705696105957031
chai-1,pred.model_idx_1-seed_73.pdb,5.635593414306641
chai-1,pred.model_idx_1-seed_74.pdb,4.146143436431885
chai-1,pred.model_idx_1-seed_75.pdb,4.991524696350098
chai-1,pred.model_idx_1-seed_76.pdb,4.650367736816406
chai-1,pred.model_idx_1-seed_77.pdb,5.027942180633545
chai-1,pred.model_idx_1-seed_78.pdb,4.644371032714844
chai-1,pred.model_idx_1-seed_79.pdb,5.735758304595947
chai-1,pred.model_idx_1-seed_80.pdb,5.045994281768799
chai-1,pred.model_idx_1-seed_81.pdb,6.487495422363281
chai-1,pred.model_idx_1-seed_82.pdb,5.999023914337158
chai-1,pred.model_idx_1-seed_83.pdb,5.283659934997559
chai-1,pred.model_idx_1-seed_84.pdb,5.239999771118164
chai-1,pred.model_idx_1-seed_85.pdb,5.287593841552734
chai-1,pred.model_idx_1-seed_86.pdb,5.2788262367248535
chai-1,pred.model_idx_1-seed_87.pdb,5.451735019683838
chai-1,pred.model_idx_1-seed_88.pdb,5.753528594970703
chai-1,pred.model_idx_1-seed_89.pdb,6.402755260467529
chai-1,pred.model_idx_1-seed_90.pdb,3.694656610488892
chai-1,pred.model_idx_1-seed_91.pdb,6.674533843994141
chai-1,pred.model_idx_1-seed_92.pdb,4.525345802307129
chai-1,pred.model_idx_1-seed_93.pdb,6.541568279266357
chai-1,pred.model_idx_1-seed_94.pdb,5.899560451507568
chai-1,pred.model_idx_1-seed_95.pdb,5.313055038452148
chai-1,pred.model_idx_1-seed_96.pdb,5.747832298278809
chai-1,pred.model_idx_1-seed_97.pdb,5.925410747528076
chai-1,pred.model_idx_1-seed_98.pdb,5.305459976196289
chai-1,pred.model_idx_1-seed_99.pdb,5.061071395874023
chai-1,pred.model_idx_2-seed_0.pdb,5.192684650421143
chai-1,pred.model_idx_2-seed_1.pdb,5.29713773727417
chai-1,pred.model_idx_2-seed_2.pdb,4.908833980560303
chai-1,pred.model_idx_2-seed_3.pdb,5.357796669006348
chai-1,pred.model_idx_2-seed_4.pdb,6.447240352630615
chai-1,pred.model_idx_2-seed_5.pdb,5.476202964782715
chai-1,pred.model_idx_2-seed_6.pdb,5.108485221862793
chai-1,pred.model_idx_2-seed_7.pdb,4.637299537658691
chai-1,pred.model_idx_2-seed_8.pdb,6.502906799316406
chai-1,pred.model_idx_2-seed_9.pdb,4.442270755767822
chai-1,pred.model_idx_2-seed_10.pdb,5.484031677246094
chai-1,pred.model_idx_2-seed_11.pdb,4.464273452758789
chai-1,pred.model_idx_2-seed_12.pdb,5.426281452178955
chai-1,pred.model_idx_2-seed_13.pdb,4.923774242401123
chai-1,pred.model_idx_2-seed_14.pdb,5.625528812408447
chai-1,pred.model_idx_2-seed_15.pdb,5.295639991760254
chai-1,pred.model_idx_2-seed_16.pdb,5.45045804977417
chai-1,pred.model_idx_2-seed_17.pdb,5.122639179229736
chai-1,pred.model_idx_2-seed_18.pdb,6.18815803527832
chai-1,pred.model_idx_2-seed_19.pdb,5.984766960144043
chai-1,pred.model_idx_2-seed_20.pdb,5.272893905639648
chai-1,pred.model_idx_2-seed_21.pdb,4.15885591506958
chai-1,pred.model_idx_2-seed_22.pdb,5.649397373199463
chai-1,pred.model_idx_2-seed_23.pdb,5.101512432098389
chai-1,pred.model_idx_2-seed_24.pdb,5.693958759307861
chai-1,pred.model_idx_2-seed_25.pdb,5.039855003356934
chai-1,pred.model_idx_2-seed_26.pdb,5.734284400939941
chai-1,pred.model_idx_2-seed_27.pdb,5.724786281585693
chai-1,pred.model_idx_2-seed_28.pdb,5.383562088012695
chai-1,pred.model_idx_2-seed_29.pdb,6.01711368560791
chai-1,pred.model_idx_2-seed_30.pdb,5.654336452484131
chai-1,pred.model_idx_2-seed_31.pdb,5.7497334480285645
chai-1,pred.model_idx_2-seed_32.pdb,6.046421051025391
chai-1,pred.model_idx_2-seed_33.pdb,5.135723114013672
chai-1,pred.model_idx_2-seed_34.pdb,5.619015693664551
chai-1,pred.model_idx_2-seed_35.pdb,4.74505615234375
chai-1,pred.model_idx_2-seed_36.pdb,4.831514358520508
chai-1,pred.model_idx_2-seed_37.pdb,5.327763080596924
chai-1,pred.model_idx_2-seed_38.pdb,6.343113422393799
chai-1,pred.model_idx_2-seed_39.pdb,7.048106670379639
chai-1,pred.model_idx_2-seed_40.pdb,6.39894962310791
chai-1,pred.model_idx_2-seed_41.pdb,6.675498962402344
chai-1,pred.model_idx_2-seed_42.pdb,4.886196136474609
chai-1,pred.model_idx_2-seed_43.pdb,6.860344409942627
chai-1,pred.model_idx_2-seed_44.pdb,5.273305416107178
chai-1,pred.model_idx_2-seed_45.pdb,6.218177795410156
chai-1,pred.model_idx_2-seed_46.pdb,4.860042095184326
chai-1,pred.model_idx_2-seed_47.pdb,5.780539035797119
chai-1,pred.model_idx_2-seed_48.pdb,5.856357097625732
chai-1,pred.model_idx_2-seed_49.pdb,5.549472332000732
chai-1,pred.model_idx_2-seed_50.pdb,5.103435516357422
chai-1,pred.model_idx_2-seed_51.pdb,5.654494285583496
chai-1,pred.model_idx_2-seed_52.pdb,6.086247444152832
chai-1,pred.model_idx_2-seed_53.pdb,4.04882287979126
chai-1,pred.model_idx_2-seed_54.pdb,6.286041736602783
chai-1,pred.model_idx_2-seed_55.pdb,5.272881031036377
chai-1,pred.model_idx_2-seed_56.pdb,5.2297844886779785
chai-1,pred.model_idx_2-seed_57.pdb,7.78766393661499
chai-1,pred.model_idx_2-seed_58.pdb,5.137277126312256
chai-1,pred.model_idx_2-seed_59.pdb,4.812671184539795
chai-1,pred.model_idx_2-seed_60.pdb,7.856721878051758
chai-1,pred.model_idx_2-seed_61.pdb,6.19736385345459
chai-1,pred.model_idx_2-seed_62.pdb,5.770644187927246
chai-1,pred.model_idx_2-seed_63.pdb,5.396504878997803
chai-1,pred.model_idx_2-seed_64.pdb,6.283990859985352
chai-1,pred.model_idx_2-seed_65.pdb,7.172257423400879
chai-1,pred.model_idx_2-seed_66.pdb,5.657360553741455
chai-1,pred.model_idx_2-seed_67.pdb,6.249292850494385
chai-1,pred.model_idx_2-seed_68.pdb,6.2640228271484375
chai-1,pred.model_idx_2-seed_69.pdb,5.286561012268066
chai-1,pred.model_idx_2-seed_70.pdb,5.900740623474121
chai-1,pred.model_idx_2-seed_71.pdb,5.455839157104492
chai-1,pred.model_idx_2-seed_72.pdb,4.898351192474365
chai-1,pred.model_idx_2-seed_73.pdb,5.248894214630127
chai-1,pred.model_idx_2-seed_74.pdb,5.773618221282959
chai-1,pred.model_idx_2-seed_75.pdb,5.729053020477295
chai-1,pred.model_idx_2-seed_76.pdb,5.196924209594727
chai-1,pred.model_idx_2-seed_77.pdb,6.153119087219238
chai-1,pred.model_idx_2-seed_78.pdb,3.562173843383789
chai-1,pred.model_idx_2-seed_79.pdb,7.058663368225098
chai-1,pred.model_idx_2-seed_80.pdb,5.086202621459961
chai-1,pred.model_idx_2-seed_81.pdb,5.843960762023926
chai-1,pred.model_idx_2-seed_82.pdb,6.8760247230529785
chai-1,pred.model_idx_2-seed_83.pdb,6.364213466644287
chai-1,pred.model_idx_2-seed_84.pdb,6.076517105102539
chai-1,pred.model_idx_2-seed_85.pdb,5.571920871734619
chai-1,pred.model_idx_2-seed_86.pdb,5.460790634155273
chai-1,pred.model_idx_2-seed_87.pdb,5.883871078491211
chai-1,pred.model_idx_2-seed_88.pdb,7.193755149841309
chai-1,pred.model_idx_2-seed_89.pdb,5.3371262550354
chai-1,pred.model_idx_2-seed_90.pdb,5.716367244720459
chai-1,pred.model_idx_2-seed_91.pdb,5.619504928588867
chai-1,pred.model_idx_2-seed_92.pdb,5.114755153656006
chai-1,pred.model_idx_2-seed_93.pdb,6.4595255851745605
chai-1,pred.model_idx_2-seed_94.pdb,4.495175838470459
chai-1,pred.model_idx_2-seed_95.pdb,5.863006591796875
chai-1,pred.model_idx_2-seed_96.pdb,5.395218372344971
chai-1,pred.model_idx_2-seed_97.pdb,5.799736499786377
chai-1,pred.model_idx_2-seed_98.pdb,4.732091426849365
chai-1,pred.model_idx_2-seed_99.pdb,4.748612403869629
chai-1,pred.model_idx_3-seed_0.pdb,6.722655296325684
chai-1,pred.model_idx_3-seed_1.pdb,5.551268577575684
chai-1,pred.model_idx_3-seed_2.pdb,5.640873432159424
chai-1,pred.model_idx_3-seed_3.pdb,7.38311767578125
chai-1,pred.model_idx_3-seed_4.pdb,4.529110431671143
chai-1,pred.model_idx_3-seed_5.pdb,6.630315780639648
chai-1,pred.model_idx_3-seed_6.pdb,4.454410076141357
chai-1,pred.model_idx_3-seed_7.pdb,6.075864315032959
chai-1,pred.model_idx_3-seed_8.pdb,5.499607086181641
chai-1,pred.model_idx_3-seed_9.pdb,4.587155342102051
chai-1,pred.model_idx_3-seed_10.pdb,4.912050724029541
chai-1,pred.model_idx_3-seed_11.pdb,6.844879150390625
chai-1,pred.model_idx_3-seed_12.pdb,7.706582069396973
chai-1,pred.model_idx_3-seed_13.pdb,6.170340538024902
chai-1,pred.model_idx_3-seed_14.pdb,5.609377384185791
chai-1,pred.model_idx_3-seed_15.pdb,6.538108348846436
chai-1,pred.model_idx_3-seed_16.pdb,6.48996639251709
chai-1,pred.model_idx_3-seed_17.pdb,4.894085884094238
chai-1,pred.model_idx_3-seed_18.pdb,5.562812805175781
chai-1,pred.model_idx_3-seed_19.pdb,6.3709492683410645
chai-1,pred.model_idx_3-seed_20.pdb,6.541036128997803
chai-1,pred.model_idx_3-seed_21.pdb,4.855079650878906
chai-1,pred.model_idx_3-seed_22.pdb,5.689140796661377
chai-1,pred.model_idx_3-seed_23.pdb,7.016335964202881
chai-1,pred.model_idx_3-seed_24.pdb,5.217027187347412
chai-1,pred.model_idx_3-seed_25.pdb,5.247064590454102
chai-1,pred.model_idx_3-seed_26.pdb,4.694763660430908
chai-1,pred.model_idx_3-seed_27.pdb,4.817044734954834
chai-1,pred.model_idx_3-seed_28.pdb,6.080925464630127
chai-1,pred.model_idx_3-seed_29.pdb,5.7558112144470215
chai-1,pred.model_idx_3-seed_30.pdb,6.31566047668457
chai-1,pred.model_idx_3-seed_31.pdb,6.4472336769104
chai-1,pred.model_idx_3-seed_32.pdb,5.008854866027832
chai-1,pred.model_idx_3-seed_33.pdb,5.498720645904541
chai-1,pred.model_idx_3-seed_34.pdb,6.132543563842773
chai-1,pred.model_idx_3-seed_35.pdb,5.729723930358887
chai-1,pred.model_idx_3-seed_36.pdb,4.95768928527832
chai-1,pred.model_idx_3-seed_37.pdb,6.195788383483887
chai-1,pred.model_idx_3-seed_38.pdb,5.118435382843018
chai-1,pred.model_idx_3-seed_39.pdb,5.981060028076172
chai-1,pred.model_idx_3-seed_40.pdb,5.666096687316895
chai-1,pred.model_idx_3-seed_41.pdb,4.025454998016357
chai-1,pred.model_idx_3-seed_42.pdb,4.446746349334717
chai-1,pred.model_idx_3-seed_43.pdb,5.726858615875244
chai-1,pred.model_idx_3-seed_44.pdb,5.744341373443604
chai-1,pred.model_idx_3-seed_45.pdb,6.050008773803711
chai-1,pred.model_idx_3-seed_46.pdb,4.658436298370361
chai-1,pred.model_idx_3-seed_47.pdb,6.117381095886231
chai-1,pred.model_idx_3-seed_48.pdb,6.3029890060424805
chai-1,pred.model_idx_3-seed_49.pdb,4.764564037322998
chai-1,pred.model_idx_3-seed_50.pdb,5.609983921051025
chai-1,pred.model_idx_3-seed_51.pdb,5.445193290710449
chai-1,pred.model_idx_3-seed_52.pdb,6.247246742248535
chai-1,pred.model_idx_3-seed_53.pdb,5.12844705581665
chai-1,pred.model_idx_3-seed_54.pdb,5.8819899559021
chai-1,pred.model_idx_3-seed_55.pdb,5.485478401184082
chai-1,pred.model_idx_3-seed_56.pdb,6.750134468078613
chai-1,pred.model_idx_3-seed_57.pdb,7.427494525909424
chai-1,pred.model_idx_3-seed_58.pdb,5.938404083251953
chai-1,pred.model_idx_3-seed_59.pdb,4.842785835266113
chai-1,pred.model_idx_3-seed_60.pdb,4.5746893882751465
chai-1,pred.model_idx_3-seed_61.pdb,5.4207634925842285
chai-1,pred.model_idx_3-seed_62.pdb,7.112831592559815
chai-1,pred.model_idx_3-seed_63.pdb,5.937133312225342
chai-1,pred.model_idx_3-seed_64.pdb,5.062399864196777
chai-1,pred.model_idx_3-seed_65.pdb,5.967230796813965
chai-1,pred.model_idx_3-seed_66.pdb,6.032236576080322
chai-1,pred.model_idx_3-seed_67.pdb,5.548194408416748
chai-1,pred.model_idx_3-seed_68.pdb,5.279926300048828
chai-1,pred.model_idx_3-seed_69.pdb,5.707232475280762
chai-1,pred.model_idx_3-seed_70.pdb,5.952569484710693
chai-1,pred.model_idx_3-seed_71.pdb,6.851861476898193
chai-1,pred.model_idx_3-seed_72.pdb,5.447453498840332
chai-1,pred.model_idx_3-seed_73.pdb,5.08052921295166
chai-1,pred.model_idx_3-seed_74.pdb,5.219457626342773
chai-1,pred.model_idx_3-seed_75.pdb,6.594067573547363
chai-1,pred.model_idx_3-seed_76.pdb,6.343911647796631
chai-1,pred.model_idx_3-seed_77.pdb,4.979174137115479
chai-1,pred.model_idx_3-seed_78.pdb,5.945396423339844
chai-1,pred.model_idx_3-seed_79.pdb,5.052443981170654
chai-1,pred.model_idx_3-seed_80.pdb,5.662439823150635
chai-1,pred.model_idx_3-seed_81.pdb,4.698919296264648
chai-1,pred.model_idx_3-seed_82.pdb,6.526254653930664
chai-1,pred.model_idx_3-seed_83.pdb,5.814307689666748
chai-1,pred.model_idx_3-seed_84.pdb,5.83176326751709
chai-1,pred.model_idx_3-seed_85.pdb,4.658909320831299
chai-1,pred.model_idx_3-seed_86.pdb,4.566275596618652
chai-1,pred.model_idx_3-seed_87.pdb,5.519839763641357
chai-1,pred.model_idx_3-seed_88.pdb,5.102850914001465
chai-1,pred.model_idx_3-seed_89.pdb,6.937425136566162
chai-1,pred.model_idx_3-seed_90.pdb,4.950253486633301
chai-1,pred.model_idx_3-seed_91.pdb,6.799688339233398
chai-1,pred.model_idx_3-seed_92.pdb,5.116262912750244
chai-1,pred.model_idx_3-seed_93.pdb,6.25572681427002
chai-1,pred.model_idx_3-seed_94.pdb,6.049800872802734
chai-1,pred.model_idx_3-seed_95.pdb,4.675468921661377
chai-1,pred.model_idx_3-seed_96.pdb,6.491737365722656
chai-1,pred.model_idx_3-seed_97.pdb,5.376998901367188
chai-1,pred.model_idx_3-seed_98.pdb,7.729913711547852
chai-1,pred.model_idx_3-seed_99.pdb,6.918793678283691
chai-1,pred.model_idx_4-seed_0.pdb,6.951271057128906
chai-1,pred.model_idx_4-seed_1.pdb,5.20998477935791
chai-1,pred.model_idx_4-seed_2.pdb,4.415552139282227
chai-1,pred.model_idx_4-seed_3.pdb,5.022116184234619
chai-1,pred.model_idx_4-seed_4.pdb,5.9926629066467285
chai-1,pred.model_idx_4-seed_5.pdb,4.085409641265869
chai-1,pred.model_idx_4-seed_6.pdb,5.923748016357422
chai-1,pred.model_idx_4-seed_7.pdb,5.667469501495361
chai-1,pred.model_idx_4-seed_8.pdb,4.803022861480713
chai-1,pred.model_idx_4-seed_9.pdb,5.314673900604248
chai-1,pred.model_idx_4-seed_10.pdb,4.915628910064697
chai-1,pred.model_idx_4-seed_11.pdb,5.292133808135986
chai-1,pred.model_idx_4-seed_12.pdb,6.415588855743408
chai-1,pred.model_idx_4-seed_13.pdb,6.86516809463501
chai-1,pred.model_idx_4-seed_14.pdb,5.094707012176514
chai-1,pred.model_idx_4-seed_15.pdb,6.3764753341674805
chai-1,pred.model_idx_4-seed_16.pdb,6.897994518280029
chai-1,pred.model_idx_4-seed_17.pdb,6.059443950653076
chai-1,pred.model_idx_4-seed_18.pdb,5.844500541687012
chai-1,pred.model_idx_4-seed_19.pdb,5.662197589874268
chai-1,pred.model_idx_4-seed_20.pdb,4.952437877655029
chai-1,pred.model_idx_4-seed_21.pdb,5.773162841796875
chai-1,pred.model_idx_4-seed_22.pdb,5.235515594482422
chai-1,pred.model_idx_4-seed_23.pdb,4.262896537780762
chai-1,pred.model_idx_4-seed_24.pdb,5.746359825134277
chai-1,pred.model_idx_4-seed_25.pdb,5.514212131500244
chai-1,pred.model_idx_4-seed_26.pdb,5.841891765594482
chai-1,pred.model_idx_4-seed_27.pdb,7.514098644256592
chai-1,pred.model_idx_4-seed_28.pdb,4.443374156951904
chai-1,pred.model_idx_4-seed_29.pdb,5.432713508605957
chai-1,pred.model_idx_4-seed_30.pdb,4.6271653175354
chai-1,pred.model_idx_4-seed_31.pdb,6.675586700439453
chai-1,pred.model_idx_4-seed_32.pdb,4.764142036437988
chai-1,pred.model_idx_4-seed_33.pdb,4.072291374206543
chai-1,pred.model_idx_4-seed_34.pdb,5.091586589813232
chai-1,pred.model_idx_4-seed_35.pdb,5.383453845977783
chai-1,pred.model_idx_4-seed_36.pdb,4.417764663696289
chai-1,pred.model_idx_4-seed_37.pdb,5.905645370483398
chai-1,pred.model_idx_4-seed_38.pdb,6.639822006225586
chai-1,pred.model_idx_4-seed_39.pdb,5.897961139678955
chai-1,pred.model_idx_4-seed_40.pdb,4.873424053192139
chai-1,pred.model_idx_4-seed_41.pdb,5.051492691040039
chai-1,pred.model_idx_4-seed_42.pdb,7.146965503692627
chai-1,pred.model_idx_4-seed_43.pdb,6.371227741241455
chai-1,pred.model_idx_4-seed_44.pdb,4.0680317878723145
chai-1,pred.model_idx_4-seed_45.pdb,5.364277362823486
chai-1,pred.model_idx_4-seed_46.pdb,7.678046226501465
chai-1,pred.model_idx_4-seed_47.pdb,4.303293704986572
chai-1,pred.model_idx_4-seed_48.pdb,4.619335174560547
chai-1,pred.model_idx_4-seed_49.pdb,5.788295269012451
chai-1,pred.model_idx_4-seed_50.pdb,5.386469841003418
chai-1,pred.model_idx_4-seed_51.pdb,5.4597649574279785
chai-1,pred.model_idx_4-seed_52.pdb,6.106236934661865
chai-1,pred.model_idx_4-seed_53.pdb,4.714889049530029
chai-1,pred.model_idx_4-seed_54.pdb,7.194432258605957
chai-1,pred.model_idx_4-seed_55.pdb,6.503341674804688
chai-1,pred.model_idx_4-seed_56.pdb,6.770290374755859
chai-1,pred.model_idx_4-seed_57.pdb,7.689075469970703
chai-1,pred.model_idx_4-seed_58.pdb,5.604740619659424
chai-1,pred.model_idx_4-seed_59.pdb,4.042348384857178
chai-1,pred.model_idx_4-seed_60.pdb,4.943023204803467
chai-1,pred.model_idx_4-seed_61.pdb,7.034596920013428
chai-1,pred.model_idx_4-seed_62.pdb,6.408586502075195
chai-1,pred.model_idx_4-seed_63.pdb,5.393686294555664
chai-1,pred.model_idx_4-seed_64.pdb,5.145111560821533
chai-1,pred.model_idx_4-seed_65.pdb,6.413369178771973
chai-1,pred.model_idx_4-seed_66.pdb,5.754368782043457
chai-1,pred.model_idx_4-seed_67.pdb,4.640826225280762
chai-1,pred.model_idx_4-seed_68.pdb,6.635878562927246
chai-1,pred.model_idx_4-seed_69.pdb,5.877433300018311
chai-1,pred.model_idx_4-seed_70.pdb,6.008151531219482
chai-1,pred.model_idx_4-seed_71.pdb,6.305627346038818
chai-1,pred.model_idx_4-seed_72.pdb,6.109904766082764
chai-1,pred.model_idx_4-seed_73.pdb,6.285793304443359
chai-1,pred.model_idx_4-seed_74.pdb,4.9602952003479
chai-1,pred.model_idx_4-seed_75.pdb,5.765616416931152
chai-1,pred.model_idx_4-seed_76.pdb,4.982356071472168
chai-1,pred.model_idx_4-seed_77.pdb,5.096190452575684
chai-1,pred.model_idx_4-seed_78.pdb,6.145658016204834
chai-1,pred.model_idx_4-seed_79.pdb,5.498721122741699
chai-1,pred.model_idx_4-seed_80.pdb,6.029675006866455
chai-1,pred.model_idx_4-seed_81.pdb,5.920025825500488
chai-1,pred.model_idx_4-seed_82.pdb,5.121706962585449
chai-1,pred.model_idx_4-seed_83.pdb,4.852200508117676
chai-1,pred.model_idx_4-seed_84.pdb,4.891134738922119
chai-1,pred.model_idx_4-seed_85.pdb,8.771462440490723
chai-1,pred.model_idx_4-seed_86.pdb,6.326096534729004
chai-1,pred.model_idx_4-seed_87.pdb,6.069632053375244
chai-1,pred.model_idx_4-seed_88.pdb,5.052509784698486
chai-1,pred.model_idx_4-seed_89.pdb,4.659018516540527
chai-1,pred.model_idx_4-seed_90.pdb,4.757724761962891
chai-1,pred.model_idx_4-seed_91.pdb,4.189087390899658
chai-1,pred.model_idx_4-seed_92.pdb,6.693981170654297
chai-1,pred.model_idx_4-seed_93.pdb,6.448336601257324
chai-1,pred.model_idx_4-seed_94.pdb,6.051175594329834
chai-1,pred.model_idx_4-seed_95.pdb,5.454400539398193
chai-1,pred.model_idx_4-seed_96.pdb,6.694963455200195
chai-1,pred.model_idx_4-seed_97.pdb,5.196140289306641
chai-1,pred.model_idx_4-seed_98.pdb,6.107375621795654
chai-1,pred.model_idx_4-seed_99.pdb,6.822102069854736
minniefold,1IRA_Y-scenario1_0_unrelaxed_rank_001_alphafold2_multimer_v1_model_4_seed_000.pdb,6.059401512145996
minniefold,1IRA_Y-scenario1_0_unrelaxed_rank_002_alphafold2_multimer_v1_model_1_seed_000.pdb,6.074445724487305
minniefold,1IRA_Y-scenario1_0_unrelaxed_rank_003_alphafold2_multimer_v1_model_3_seed_001.pdb,5.920204639434815
minniefold,1IRA_Y-scenario1_0_unrelaxed_rank_004_alphafold2_multimer_v1_model_3_seed_000.pdb,5.988283634185791
minniefold,1IRA_Y-scenario1_0_unrelaxed_rank_005_alphafold2_multimer_v1_model_2_seed_000.pdb,6.123903751373291
minniefold,1IRA_Y-scenario1_0_unrelaxed_rank_006_alphafold2_multimer_v1_model_4_seed_003.pdb,6.070228099822998
minniefold,1IRA_Y-scenario1_0_unrelaxed_rank_007_alphafold2_multimer_v1_model_4_seed_001.pdb,6.127776145935059
minniefold,1IRA_Y-scenario1_0_unrelaxed_rank_008_alphafold2_multimer_v1_model_2_seed_002.pdb,6.103473663330078
minniefold,1IRA_Y-scenario1_0_unrelaxed_rank_009_alphafold2_multimer_v1_model_4_seed_002.pdb,5.988348960876465
minniefold,1IRA_Y-scenario1_0_unrelaxed_rank_010_alphafold2_multimer_v1_model_2_seed_001.pdb,6.229365348815918
minniefold,1IRA_Y-scenario1_0_unrelaxed_rank_011_alphafold2_multimer_v1_model_5_seed_000.pdb,6.220253944396973
minniefold,1IRA_Y-scenario1_0_unrelaxed_rank_012_alphafold2_multimer_v1_model_3_seed_002.pdb,5.860354423522949
minniefold,1IRA_Y-scenario1_0_unrelaxed_rank_013_alphafold2_multimer_v1_model_1_seed_002.pdb,5.9959716796875
minniefold,1IRA_Y-scenario1_0_unrelaxed_rank_014_alphafold2_multimer_v1_model_1_seed_003.pdb,6.053193092346191
minniefold,1IRA_Y-scenario1_0_unrelaxed_rank_015_alphafold2_multimer_v1_model_1_seed_001.pdb,6.257483959197998
minniefold,1IRA_Y-scenario1_0_unrelaxed_rank_016_alphafold2_multimer_v1_model_3_seed_003.pdb,6.043375492095947
minniefold,1IRA_Y-scenario1_0_unrelaxed_rank_017_alphafold2_multimer_v1_model_2_seed_003.pdb,6.275378227233887
minniefold,1IRA_Y-scenario1_0_unrelaxed_rank_018_alphafold2_multimer_v1_model_5_seed_003.pdb,6.210470199584961
minniefold,1IRA_Y-scenario1_0_unrelaxed_rank_019_alphafold2_multimer_v1_model_5_seed_001.pdb,6.325798988342285
minniefold,1IRA_Y-scenario1_0_unrelaxed_rank_020_alphafold2_multimer_v1_model_5_seed_002.pdb,6.2224626541137695
minniefold,1IRA_Y-scenario2_0_unrelaxed_rank_001_alphafold2_multimer_v2_model_1_seed_003.pdb,6.035098075866699
minniefold,1IRA_Y-scenario2_0_unrelaxed_rank_002_alphafold2_multimer_v2_model_4_seed_003.pdb,6.155383110046387
minniefold,1IRA_Y-scenario2_0_unrelaxed_rank_003_alphafold2_multimer_v2_model_4_seed_002.pdb,6.098164081573486
minniefold,1IRA_Y-scenario2_0_unrelaxed_rank_004_alphafold2_multimer_v2_model_1_seed_000.pdb,6.186049938201904
minniefold,1IRA_Y-scenario2_0_unrelaxed_rank_005_alphafold2_multimer_v2_model_5_seed_002.pdb,6.202374458312988
minniefold,1IRA_Y-scenario2_0_unrelaxed_rank_006_alphafold2_multimer_v2_model_5_seed_003.pdb,6.217460632324219
minniefold,1IRA_Y-scenario2_0_unrelaxed_rank_007_alphafold2_multimer_v2_model_4_seed_000.pdb,6.4339919090271
minniefold,1IRA_Y-scenario2_0_unrelaxed_rank_008_alphafold2_multimer_v2_model_4_seed_001.pdb,5.978461265563965
minniefold,1IRA_Y-scenario2_0_unrelaxed_rank_009_alphafold2_multimer_v2_model_5_seed_001.pdb,6.226170063018799
minniefold,1IRA_Y-scenario2_0_unrelaxed_rank_010_alphafold2_multimer_v2_model_1_seed_002.pdb,6.114866733551025
minniefold,1IRA_Y-scenario2_0_unrelaxed_rank_011_alphafold2_multimer_v2_model_5_seed_000.pdb,6.5077433586120605
minniefold,1IRA_Y-scenario2_0_unrelaxed_rank_012_alphafold2_multimer_v2_model_2_seed_003.pdb,6.125191688537598
minniefold,1IRA_Y-scenario2_0_unrelaxed_rank_013_alphafold2_multimer_v2_model_1_seed_001.pdb,6.066806793212891
minniefold,1IRA_Y-scenario2_0_unrelaxed_rank_014_alphafold2_multimer_v2_model_2_seed_000.pdb,6.409293174743652
minniefold,1IRA_Y-scenario2_0_unrelaxed_rank_015_alphafold2_multimer_v2_model_3_seed_000.pdb,6.378526210784912
minniefold,1IRA_Y-scenario2_0_unrelaxed_rank_016_alphafold2_multimer_v2_model_3_seed_003.pdb,6.210124969482422
minniefold,1IRA_Y-scenario2_0_unrelaxed_rank_017_alphafold2_multimer_v2_model_3_seed_002.pdb,6.251388549804688
minniefold,1IRA_Y-scenario2_0_unrelaxed_rank_018_alphafold2_multimer_v2_model_2_seed_002.pdb,6.156778812408447
minniefold,1IRA_Y-scenario2_0_unrelaxed_rank_019_alphafold2_multimer_v2_model_2_seed_001.pdb,5.9911041259765625
minniefold,1IRA_Y-scenario2_0_unrelaxed_rank_020_alphafold2_multimer_v2_model_3_seed_001.pdb,6.193747043609619
minniefold,1IRA_Y-scenario3_0_unrelaxed_rank_001_alphafold2_multimer_v3_model_3_seed_000.pdb,6.038577556610107
minniefold,1IRA_Y-scenario3_0_unrelaxed_rank_002_alphafold2_multimer_v3_model_1_seed_000.pdb,6.085464477539063
minniefold,1IRA_Y-scenario3_0_unrelaxed_rank_003_alphafold2_multimer_v3_model_1_seed_001.pdb,6.0358991622924805
minniefold,1IRA_Y-scenario3_0_unrelaxed_rank_004_alphafold2_multimer_v3_model_1_seed_002.pdb,6.167560577392578
minniefold,1IRA_Y-scenario3_0_unrelaxed_rank_005_alphafold2_multimer_v3_model_4_seed_000.pdb,6.025303840637207
minniefold,1IRA_Y-scenario3_0_unrelaxed_rank_006_alphafold2_multimer_v3_model_1_seed_003.pdb,6.102133274078369
minniefold,1IRA_Y-scenario3_0_unrelaxed_rank_007_alphafold2_multimer_v3_model_3_seed_003.pdb,6.121171474456787
minniefold,1IRA_Y-scenario3_0_unrelaxed_rank_008_alphafold2_multimer_v3_model_5_seed_000.pdb,5.969038486480713
minniefold,1IRA_Y-scenario3_0_unrelaxed_rank_009_alphafold2_multimer_v3_model_4_seed_001.pdb,6.108886241912842
minniefold,1IRA_Y-scenario3_0_unrelaxed_rank_010_alphafold2_multimer_v3_model_4_seed_002.pdb,6.032483100891113
minniefold,1IRA_Y-scenario3_0_unrelaxed_rank_011_alphafold2_multimer_v3_model_3_seed_001.pdb,6.09311580657959
minniefold,1IRA_Y-scenario3_0_unrelaxed_rank_012_alphafold2_multimer_v3_model_3_seed_002.pdb,5.993798732757568
minniefold,1IRA_Y-scenario3_0_unrelaxed_rank_013_alphafold2_multimer_v3_model_4_seed_003.pdb,6.082404136657715
minniefold,1IRA_Y-scenario3_0_unrelaxed_rank_014_alphafold2_multimer_v3_model_2_seed_002.pdb,5.973681926727295
minniefold,1IRA_Y-scenario3_0_unrelaxed_rank_015_alphafold2_multimer_v3_model_2_seed_001.pdb,5.8932929039001465
minniefold,1IRA_Y-scenario3_0_unrelaxed_rank_016_alphafold2_multimer_v3_model_2_seed_003.pdb,5.947641372680664
minniefold,1IRA_Y-scenario3_0_unrelaxed_rank_017_alphafold2_multimer_v3_model_2_seed_000.pdb,5.877302169799805
minniefold,1IRA_Y-scenario3_0_unrelaxed_rank_018_alphafold2_multimer_v3_model_5_seed_001.pdb,6.009578227996826
minniefold,1IRA_Y-scenario3_0_unrelaxed_rank_019_alphafold2_multimer_v3_model_5_seed_002.pdb,5.920687675476074
minniefold,1IRA_Y-scenario3_0_unrelaxed_rank_020_alphafold2_multimer_v3_model_5_seed_003.pdb,6.027842998504639
minniefold,1IRA_Y-scenario4_0_unrelaxed_rank_001_alphafold2_multimer_v1_model_4_seed_000.pdb,6.354020595550537
minniefold,1IRA_Y-scenario4_0_unrelaxed_rank_002_alphafold2_multimer_v1_model_3_seed_003.pdb,7.077512741088867
minniefold,1IRA_Y-scenario4_0_unrelaxed_rank_003_alphafold2_multimer_v1_model_2_seed_003.pdb,7.508152008056641
minniefold,1IRA_Y-scenario4_0_unrelaxed_rank_004_alphafold2_multimer_v1_model_1_seed_003.pdb,7.666842460632324
minniefold,1IRA_Y-scenario4_0_unrelaxed_rank_005_alphafold2_multimer_v1_model_2_seed_002.pdb,8.427691459655762
minniefold,1IRA_Y-scenario4_0_unrelaxed_rank_006_alphafold2_multimer_v1_model_3_seed_002.pdb,7.724885940551758
minniefold,1IRA_Y-scenario4_0_unrelaxed_rank_007_alphafold2_multimer_v1_model_4_seed_002.pdb,8.393108367919922
minniefold,1IRA_Y-scenario4_0_unrelaxed_rank_008_alphafold2_multimer_v1_model_3_seed_000.pdb,6.828904151916504
minniefold,1IRA_Y-scenario4_0_unrelaxed_rank_009_alphafold2_multimer_v1_model_3_seed_001.pdb,7.485435485839844
minniefold,1IRA_Y-scenario4_0_unrelaxed_rank_010_alphafold2_multimer_v1_model_2_seed_001.pdb,7.964961528778076
minniefold,1IRA_Y-scenario4_0_unrelaxed_rank_011_alphafold2_multimer_v1_model_4_seed_003.pdb,7.190682411193848
minniefold,1IRA_Y-scenario4_0_unrelaxed_rank_012_alphafold2_multimer_v1_model_4_seed_001.pdb,7.733040332794189
minniefold,1IRA_Y-scenario4_0_unrelaxed_rank_013_alphafold2_multimer_v1_model_1_seed_000.pdb,7.380788803100586
minniefold,1IRA_Y-scenario4_0_unrelaxed_rank_014_alphafold2_multimer_v1_model_2_seed_000.pdb,7.622881889343262
minniefold,1IRA_Y-scenario4_0_unrelaxed_rank_015_alphafold2_multimer_v1_model_1_seed_001.pdb,7.613078117370605
minniefold,1IRA_Y-scenario4_0_unrelaxed_rank_016_alphafold2_multimer_v1_model_1_seed_002.pdb,7.530557155609131
minniefold,1IRA_Y-scenario4_0_unrelaxed_rank_017_alphafold2_multimer_v1_model_5_seed_003.pdb,7.087994575500488
minniefold,1IRA_Y-scenario4_0_unrelaxed_rank_018_alphafold2_multimer_v1_model_5_seed_002.pdb,8.261589050292969
minniefold,1IRA_Y-scenario4_0_unrelaxed_rank_019_alphafold2_multimer_v1_model_5_seed_000.pdb,7.54326057434082
minniefold,1IRA_Y-scenario4_0_unrelaxed_rank_020_alphafold2_multimer_v1_model_5_seed_001.pdb,7.297292709350586
minniefold,1IRA_Y-scenario5_0_unrelaxed_rank_001_alphafold2_multimer_v2_model_5_seed_000.pdb,6.185899257659912
minniefold,1IRA_Y-scenario5_0_unrelaxed_rank_002_alphafold2_multimer_v2_model_5_seed_002.pdb,6.450293064117432
minniefold,1IRA_Y-scenario5_0_unrelaxed_rank_003_alphafold2_multimer_v2_model_4_seed_000.pdb,6.099510669708252
minniefold,1IRA_Y-scenario5_0_unrelaxed_rank_004_alphafold2_multimer_v2_model_3_seed_002.pdb,6.343986511230469
minniefold,1IRA_Y-scenario5_0_unrelaxed_rank_005_alphafold2_multimer_v2_model_5_seed_001.pdb,6.020273685455322
minniefold,1IRA_Y-scenario5_0_unrelaxed_rank_006_alphafold2_multimer_v2_model_4_seed_002.pdb,6.297845840454102
minniefold,1IRA_Y-scenario5_0_unrelaxed_rank_007_alphafold2_multimer_v2_model_4_seed_003.pdb,5.925902843475342
minniefold,1IRA_Y-scenario5_0_unrelaxed_rank_008_alphafold2_multimer_v2_model_3_seed_000.pdb,5.8971052169799805
minniefold,1IRA_Y-scenario5_0_unrelaxed_rank_009_alphafold2_multimer_v2_model_4_seed_001.pdb,6.012399196624756
minniefold,1IRA_Y-scenario5_0_unrelaxed_rank_010_alphafold2_multimer_v2_model_5_seed_003.pdb,6.031127452850342
minniefold,1IRA_Y-scenario5_0_unrelaxed_rank_011_alphafold2_multimer_v2_model_1_seed_001.pdb,6.240606784820557
minniefold,1IRA_Y-scenario5_0_unrelaxed_rank_012_alphafold2_multimer_v2_model_1_seed_000.pdb,5.940731048583984
minniefold,1IRA_Y-scenario5_0_unrelaxed_rank_013_alphafold2_multimer_v2_model_2_seed_002.pdb,6.315092086791992
minniefold,1IRA_Y-scenario5_0_unrelaxed_rank_014_alphafold2_multimer_v2_model_2_seed_000.pdb,6.094424724578857
minniefold,1IRA_Y-scenario5_0_unrelaxed_rank_015_alphafold2_multimer_v2_model_1_seed_003.pdb,6.031620979309082
minniefold,1IRA_Y-scenario5_0_unrelaxed_rank_016_alphafold2_multimer_v2_model_1_seed_002.pdb,6.335745811462402
minniefold,1IRA_Y-scenario5_0_unrelaxed_rank_017_alphafold2_multimer_v2_model_3_seed_003.pdb,6.633066654205322
minniefold,1IRA_Y-scenario5_0_unrelaxed_rank_018_alphafold2_multimer_v2_model_2_seed_003.pdb,5.99543571472168
minniefold,1IRA_Y-scenario5_0_unrelaxed_rank_019_alphafold2_multimer_v2_model_2_seed_001.pdb,6.160676002502441
minniefold,1IRA_Y-scenario5_0_unrelaxed_rank_020_alphafold2_multimer_v2_model_3_seed_001.pdb,6.007192611694336
minniefold,1IRA_Y-scenario6_0_unrelaxed_rank_001_alphafold2_multimer_v3_model_3_seed_000.pdb,6.397870063781738
minniefold,1IRA_Y-scenario6_0_unrelaxed_rank_002_alphafold2_multimer_v3_model_1_seed_000.pdb,6.138982772827148
minniefold,1IRA_Y-scenario6_0_unrelaxed_rank_003_alphafold2_multimer_v3_model_4_seed_000.pdb,5.83461332321167
minniefold,1IRA_Y-scenario6_0_unrelaxed_rank_004_alphafold2_multimer_v3_model_1_seed_002.pdb,6.37553596496582
minniefold,1IRA_Y-scenario6_0_unrelaxed_rank_005_alphafold2_multimer_v3_model_3_seed_002.pdb,6.432314395904541
minniefold,1IRA_Y-scenario6_0_unrelaxed_rank_006_alphafold2_multimer_v3_model_5_seed_000.pdb,5.854227066040039
minniefold,1IRA_Y-scenario6_0_unrelaxed_rank_007_alphafold2_multimer_v3_model_4_seed_002.pdb,6.422630310058594
minniefold,1IRA_Y-scenario6_0_unrelaxed_rank_008_alphafold2_multimer_v3_model_3_seed_001.pdb,6.278318405151367
minniefold,1IRA_Y-scenario6_0_unrelaxed_rank_009_alphafold2_multimer_v3_model_3_seed_003.pdb,6.545569896697998
minniefold,1IRA_Y-scenario6_0_unrelaxed_rank_010_alphafold2_multimer_v3_model_5_seed_002.pdb,6.035040378570557
minniefold,1IRA_Y-scenario6_0_unrelaxed_rank_011_alphafold2_multimer_v3_model_2_seed_000.pdb,5.483794212341309
minniefold,1IRA_Y-scenario6_0_unrelaxed_rank_012_alphafold2_multimer_v3_model_2_seed_002.pdb,5.823745727539063
minniefold,1IRA_Y-scenario6_0_unrelaxed_rank_013_alphafold2_multimer_v3_model_4_seed_001.pdb,6.225346088409424
minniefold,1IRA_Y-scenario6_0_unrelaxed_rank_014_alphafold2_multimer_v3_model_1_seed_003.pdb,6.752857208251953
minniefold,1IRA_Y-scenario6_0_unrelaxed_rank_015_alphafold2_multimer_v3_model_2_seed_001.pdb,5.373026371002197
minniefold,1IRA_Y-scenario6_0_unrelaxed_rank_016_alphafold2_multimer_v3_model_4_seed_003.pdb,6.422172546386719
minniefold,1IRA_Y-scenario6_0_unrelaxed_rank_017_alphafold2_multimer_v3_model_5_seed_001.pdb,6.065308094024658
minniefold,1IRA_Y-scenario6_0_unrelaxed_rank_018_alphafold2_multimer_v3_model_2_seed_003.pdb,5.623575687408447
minniefold,1IRA_Y-scenario6_0_unrelaxed_rank_019_alphafold2_multimer_v3_model_1_seed_001.pdb,6.124798774719238
minniefold,1IRA_Y-scenario6_0_unrelaxed_rank_020_alphafold2_multimer_v3_model_5_seed_003.pdb,5.302399635314941
minniefold,1IRA_Y-scenario7_0_unrelaxed_rank_001_alphafold2_multimer_v1_model_3_seed_003.pdb,8.525616645812988
minniefold,1IRA_Y-scenario7_0_unrelaxed_rank_002_alphafold2_multimer_v1_model_4_seed_003.pdb,8.470969200134277
minniefold,1IRA_Y-scenario7_0_unrelaxed_rank_003_alphafold2_multimer_v1_model_2_seed_003.pdb,8.7219877243042
minniefold,1IRA_Y-scenario7_0_unrelaxed_rank_004_alphafold2_multimer_v1_model_3_seed_000.pdb,7.412990570068359
minniefold,1IRA_Y-scenario7_0_unrelaxed_rank_005_alphafold2_multimer_v1_model_4_seed_000.pdb,6.677639484405518
minniefold,1IRA_Y-scenario7_0_unrelaxed_rank_006_alphafold2_multimer_v1_model_3_seed_001.pdb,7.843351364135742
minniefold,1IRA_Y-scenario7_0_unrelaxed_rank_007_alphafold2_multimer_v1_model_3_seed_002.pdb,8.17478084564209
minniefold,1IRA_Y-scenario7_0_unrelaxed_rank_008_alphafold2_multimer_v1_model_1_seed_003.pdb,8.160055160522461
minniefold,1IRA_Y-scenario7_0_unrelaxed_rank_009_alphafold2_multimer_v1_model_1_seed_000.pdb,8.262199401855469
minniefold,1IRA_Y-scenario7_0_unrelaxed_rank_010_alphafold2_multimer_v1_model_4_seed_001.pdb,7.84178352355957
minniefold,1IRA_Y-scenario7_0_unrelaxed_rank_011_alphafold2_multimer_v1_model_2_seed_000.pdb,8.292085647583008
minniefold,1IRA_Y-scenario7_0_unrelaxed_rank_012_alphafold2_multimer_v1_model_2_seed_001.pdb,8.145895004272461
minniefold,1IRA_Y-scenario7_0_unrelaxed_rank_013_alphafold2_multimer_v1_model_1_seed_001.pdb,7.664069175720215
minniefold,1IRA_Y-scenario7_0_unrelaxed_rank_014_alphafold2_multimer_v1_model_4_seed_002.pdb,7.537168979644775
minniefold,1IRA_Y-scenario7_0_unrelaxed_rank_015_alphafold2_multimer_v1_model_1_seed_002.pdb,8.051345825195312
minniefold,1IRA_Y-scenario7_0_unrelaxed_rank_016_alphafold2_multimer_v1_model_2_seed_002.pdb,8.062444686889648
minniefold,1IRA_Y-scenario7_0_unrelaxed_rank_017_alphafold2_multimer_v1_model_5_seed_003.pdb,8.770233154296875
minniefold,1IRA_Y-scenario7_0_unrelaxed_rank_018_alphafold2_multimer_v1_model_5_seed_000.pdb,8.17501449584961
minniefold,1IRA_Y-scenario7_0_unrelaxed_rank_019_alphafold2_multimer_v1_model_5_seed_002.pdb,8.074092864990234
minniefold,1IRA_Y-scenario7_0_unrelaxed_rank_020_alphafold2_multimer_v1_model_5_seed_001.pdb,7.6236748695373535
minniefold,1IRA_Y-scenario8_0_unrelaxed_rank_001_alphafold2_multimer_v1_model_3_seed_003.pdb,6.9238715171813965
minniefold,1IRA_Y-scenario8_0_unrelaxed_rank_002_alphafold2_multimer_v1_model_3_seed_002.pdb,7.985984325408935
minniefold,1IRA_Y-scenario8_0_unrelaxed_rank_003_alphafold2_multimer_v1_model_5_seed_003.pdb,6.390321731567383
minniefold,1IRA_Y-scenario8_0_unrelaxed_rank_004_alphafold2_multimer_v1_model_4_seed_003.pdb,6.846761703491211
minniefold,1IRA_Y-scenario8_0_unrelaxed_rank_005_alphafold2_multimer_v1_model_3_seed_000.pdb,7.976587772369385
minniefold,1IRA_Y-scenario8_0_unrelaxed_rank_006_alphafold2_multimer_v1_model_4_seed_002.pdb,8.27457332611084
minniefold,1IRA_Y-scenario8_0_unrelaxed_rank_007_alphafold2_multimer_v1_model_1_seed_003.pdb,6.796744346618652
minniefold,1IRA_Y-scenario8_0_unrelaxed_rank_008_alphafold2_multimer_v1_model_3_seed_001.pdb,6.780888557434082
minniefold,1IRA_Y-scenario8_0_unrelaxed_rank_009_alphafold2_multimer_v1_model_2_seed_001.pdb,6.917284965515137
minniefold,1IRA_Y-scenario8_0_unrelaxed_rank_010_alphafold2_multimer_v1_model_2_seed_003.pdb,7.039760589599609
minniefold,1IRA_Y-scenario8_0_unrelaxed_rank_011_alphafold2_multimer_v1_model_2_seed_002.pdb,7.802495002746582
minniefold,1IRA_Y-scenario8_0_unrelaxed_rank_012_alphafold2_multimer_v1_model_1_seed_002.pdb,8.418859481811523
minniefold,1IRA_Y-scenario8_0_unrelaxed_rank_013_alphafold2_multimer_v1_model_2_seed_000.pdb,7.874955177307129
minniefold,1IRA_Y-scenario8_0_unrelaxed_rank_014_alphafold2_multimer_v1_model_4_seed_000.pdb,7.727204322814941
minniefold,1IRA_Y-scenario8_0_unrelaxed_rank_015_alphafold2_multimer_v1_model_4_seed_001.pdb,7.227673530578613
minniefold,1IRA_Y-scenario8_0_unrelaxed_rank_016_alphafold2_multimer_v1_model_1_seed_001.pdb,7.424578189849853
minniefold,1IRA_Y-scenario8_0_unrelaxed_rank_017_alphafold2_multimer_v1_model_1_seed_000.pdb,8.059785842895508
minniefold,1IRA_Y-scenario8_0_unrelaxed_rank_018_alphafold2_multimer_v1_model_5_seed_002.pdb,8.362290382385254
minniefold,1IRA_Y-scenario8_0_unrelaxed_rank_019_alphafold2_multimer_v1_model_5_seed_000.pdb,8.040867805480957
minniefold,1IRA_Y-scenario8_0_unrelaxed_rank_020_alphafold2_multimer_v1_model_5_seed_001.pdb,7.578715801239014
minniefold,1IRA_Y-scenario9_0_unrelaxed_rank_001_alphafold2_multimer_v2_model_5_seed_002.pdb,6.21719217300415
minniefold,1IRA_Y-scenario9_0_unrelaxed_rank_002_alphafold2_multimer_v2_model_4_seed_002.pdb,5.997526168823242
minniefold,1IRA_Y-scenario9_0_unrelaxed_rank_003_alphafold2_multimer_v2_model_1_seed_002.pdb,6.17496919631958
minniefold,1IRA_Y-scenario9_0_unrelaxed_rank_004_alphafold2_multimer_v2_model_5_seed_001.pdb,6.087822914123535
minniefold,1IRA_Y-scenario9_0_unrelaxed_rank_005_alphafold2_multimer_v2_model_5_seed_000.pdb,6.048023700714111
minniefold,1IRA_Y-scenario9_0_unrelaxed_rank_006_alphafold2_multimer_v2_model_4_seed_000.pdb,5.818047046661377
minniefold,1IRA_Y-scenario9_0_unrelaxed_rank_007_alphafold2_multimer_v2_model_3_seed_001.pdb,6.373490333557129
minniefold,1IRA_Y-scenario9_0_unrelaxed_rank_008_alphafold2_multimer_v2_model_3_seed_002.pdb,6.203773021697998
minniefold,1IRA_Y-scenario9_0_unrelaxed_rank_009_alphafold2_multimer_v2_model_4_seed_003.pdb,6.103557586669922
minniefold,1IRA_Y-scenario9_0_unrelaxed_rank_010_alphafold2_multimer_v2_model_5_seed_003.pdb,6.237974643707275
minniefold,1IRA_Y-scenario9_0_unrelaxed_rank_011_alphafold2_multimer_v2_model_1_seed_000.pdb,5.836438655853272
minniefold,1IRA_Y-scenario9_0_unrelaxed_rank_012_alphafold2_multimer_v2_model_3_seed_000.pdb,5.9793009757995605
minniefold,1IRA_Y-scenario9_0_unrelaxed_rank_013_alphafold2_multimer_v2_model_4_seed_001.pdb,6.073309421539307
minniefold,1IRA_Y-scenario9_0_unrelaxed_rank_014_alphafold2_multimer_v2_model_2_seed_002.pdb,6.218138694763184
minniefold,1IRA_Y-scenario9_0_unrelaxed_rank_015_alphafold2_multimer_v2_model_1_seed_001.pdb,6.17399263381958
minniefold,1IRA_Y-scenario9_0_unrelaxed_rank_016_alphafold2_multimer_v2_model_3_seed_003.pdb,6.474992752075195
minniefold,1IRA_Y-scenario9_0_unrelaxed_rank_017_alphafold2_multimer_v2_model_1_seed_003.pdb,6.064342975616455
minniefold,1IRA_Y-scenario9_0_unrelaxed_rank_018_alphafold2_multimer_v2_model_2_seed_001.pdb,6.324958801269531
minniefold,1IRA_Y-scenario9_0_unrelaxed_rank_019_alphafold2_multimer_v2_model_2_seed_000.pdb,6.021721839904785
minniefold,1IRA_Y-scenario9_0_unrelaxed_rank_020_alphafold2_multimer_v2_model_2_seed_003.pdb,6.1792826652526855
minniefold,1IRA_Y-scenario10_0_unrelaxed_rank_001_alphafold2_multimer_v2_model_4_seed_003.pdb,6.05017614364624
minniefold,1IRA_Y-scenario10_0_unrelaxed_rank_002_alphafold2_multimer_v2_model_5_seed_000.pdb,6.265851020812988
minniefold,1IRA_Y-scenario10_0_unrelaxed_rank_003_alphafold2_multimer_v2_model_4_seed_000.pdb,5.994885921478272
minniefold,1IRA_Y-scenario10_0_unrelaxed_rank_004_alphafold2_multimer_v2_model_5_seed_001.pdb,6.348057746887207
minniefold,1IRA_Y-scenario10_0_unrelaxed_rank_005_alphafold2_multimer_v2_model_5_seed_002.pdb,6.054062843322754
minniefold,1IRA_Y-scenario10_0_unrelaxed_rank_006_alphafold2_multimer_v2_model_4_seed_001.pdb,5.9792094230651855
minniefold,1IRA_Y-scenario10_0_unrelaxed_rank_007_alphafold2_multimer_v2_model_4_seed_002.pdb,5.781941890716553
minniefold,1IRA_Y-scenario10_0_unrelaxed_rank_008_alphafold2_multimer_v2_model_1_seed_000.pdb,6.0970306396484375
minniefold,1IRA_Y-scenario10_0_unrelaxed_rank_009_alphafold2_multimer_v2_model_5_seed_003.pdb,6.329919815063477
minniefold,1IRA_Y-scenario10_0_unrelaxed_rank_010_alphafold2_multimer_v2_model_3_seed_001.pdb,6.29116153717041
minniefold,1IRA_Y-scenario10_0_unrelaxed_rank_011_alphafold2_multimer_v2_model_3_seed_003.pdb,6.4653191566467285
minniefold,1IRA_Y-scenario10_0_unrelaxed_rank_012_alphafold2_multimer_v2_model_3_seed_000.pdb,6.008917808532715
minniefold,1IRA_Y-scenario10_0_unrelaxed_rank_013_alphafold2_multimer_v2_model_1_seed_001.pdb,6.132767677307129
minniefold,1IRA_Y-scenario10_0_unrelaxed_rank_014_alphafold2_multimer_v2_model_1_seed_003.pdb,6.077671527862549
minniefold,1IRA_Y-scenario10_0_unrelaxed_rank_015_alphafold2_multimer_v2_model_2_seed_003.pdb,6.143731117248535
minniefold,1IRA_Y-scenario10_0_unrelaxed_rank_016_alphafold2_multimer_v2_model_2_seed_000.pdb,6.254687309265137
minniefold,1IRA_Y-scenario10_0_unrelaxed_rank_017_alphafold2_multimer_v2_model_1_seed_002.pdb,5.928300380706787
minniefold,1IRA_Y-scenario10_0_unrelaxed_rank_018_alphafold2_multimer_v2_model_2_seed_002.pdb,6.010833740234375
minniefold,1IRA_Y-scenario10_0_unrelaxed_rank_019_alphafold2_multimer_v2_model_2_seed_001.pdb,6.328531742095947
minniefold,1IRA_Y-scenario10_0_unrelaxed_rank_020_alphafold2_multimer_v2_model_3_seed_002.pdb,6.199089527130127
minniefold,1IRA_Y-scenario11_0_unrelaxed_rank_001_alphafold2_multimer_v3_model_1_seed_000.pdb,5.980743408203125
minniefold,1IRA_Y-scenario11_0_unrelaxed_rank_002_alphafold2_multimer_v3_model_1_seed_003.pdb,6.07879638671875
minniefold,1IRA_Y-scenario11_0_unrelaxed_rank_003_alphafold2_multimer_v3_model_3_seed_000.pdb,6.156939029693604
minniefold,1IRA_Y-scenario11_0_unrelaxed_rank_004_alphafold2_multimer_v3_model_3_seed_003.pdb,6.482916355133057
minniefold,1IRA_Y-scenario11_0_unrelaxed_rank_005_alphafold2_multimer_v3_model_5_seed_000.pdb,5.595717906951904
minniefold,1IRA_Y-scenario11_0_unrelaxed_rank_006_alphafold2_multimer_v3_model_4_seed_000.pdb,5.4953789710998535
minniefold,1IRA_Y-scenario11_0_unrelaxed_rank_007_alphafold2_multimer_v3_model_3_seed_002.pdb,6.946959495544434
minniefold,1IRA_Y-scenario11_0_unrelaxed_rank_008_alphafold2_multimer_v3_model_1_seed_001.pdb,6.70384407043457
minniefold,1IRA_Y-scenario11_0_unrelaxed_rank_009_alphafold2_multimer_v3_model_3_seed_001.pdb,6.524228096008301
minniefold,1IRA_Y-scenario11_0_unrelaxed_rank_010_alphafold2_multimer_v3_model_1_seed_002.pdb,6.552048206329346
minniefold,1IRA_Y-scenario11_0_unrelaxed_rank_011_alphafold2_multimer_v3_model_4_seed_003.pdb,6.028622627258301
minniefold,1IRA_Y-scenario11_0_unrelaxed_rank_012_alphafold2_multimer_v3_model_4_seed_001.pdb,5.986488342285156
minniefold,1IRA_Y-scenario11_0_unrelaxed_rank_013_alphafold2_multimer_v3_model_2_seed_000.pdb,5.302090167999268
minniefold,1IRA_Y-scenario11_0_unrelaxed_rank_014_alphafold2_multimer_v3_model_4_seed_002.pdb,7.675403594970703
minniefold,1IRA_Y-scenario11_0_unrelaxed_rank_015_alphafold2_multimer_v3_model_5_seed_003.pdb,6.107550144195557
minniefold,1IRA_Y-scenario11_0_unrelaxed_rank_016_alphafold2_multimer_v3_model_2_seed_001.pdb,5.742691516876221
minniefold,1IRA_Y-scenario11_0_unrelaxed_rank_017_alphafold2_multimer_v3_model_2_seed_003.pdb,6.048053741455078
minniefold,1IRA_Y-scenario11_0_unrelaxed_rank_018_alphafold2_multimer_v3_model_5_seed_001.pdb,5.942243576049805
minniefold,1IRA_Y-scenario11_0_unrelaxed_rank_019_alphafold2_multimer_v3_model_5_seed_002.pdb,6.203091144561768
minniefold,1IRA_Y-scenario11_0_unrelaxed_rank_020_alphafold2_multimer_v3_model_2_seed_002.pdb,5.967040061950684
minniefold,1IRA_Y-scenario12_0_unrelaxed_rank_001_alphafold2_multimer_v3_model_1_seed_001.pdb,7.424437999725342
minniefold,1IRA_Y-scenario12_0_unrelaxed_rank_002_alphafold2_multimer_v3_model_1_seed_000.pdb,6.295856952667236
minniefold,1IRA_Y-scenario12_0_unrelaxed_rank_003_alphafold2_multimer_v3_model_3_seed_001.pdb,7.020186424255371
minniefold,1IRA_Y-scenario12_0_unrelaxed_rank_004_alphafold2_multimer_v3_model_3_seed_000.pdb,6.319569110870361
minniefold,1IRA_Y-scenario12_0_unrelaxed_rank_005_alphafold2_multimer_v3_model_3_seed_003.pdb,6.991460800170898
minniefold,1IRA_Y-scenario12_0_unrelaxed_rank_006_alphafold2_multimer_v3_model_1_seed_002.pdb,6.593698024749756
minniefold,1IRA_Y-scenario12_0_unrelaxed_rank_007_alphafold2_multimer_v3_model_1_seed_003.pdb,6.316966533660889
minniefold,1IRA_Y-scenario12_0_unrelaxed_rank_008_alphafold2_multimer_v3_model_2_seed_001.pdb,6.190901279449463
minniefold,1IRA_Y-scenario12_0_unrelaxed_rank_009_alphafold2_multimer_v3_model_4_seed_001.pdb,6.760129451751709
minniefold,1IRA_Y-scenario12_0_unrelaxed_rank_010_alphafold2_multimer_v3_model_4_seed_003.pdb,6.94426155090332
minniefold,1IRA_Y-scenario12_0_unrelaxed_rank_011_alphafold2_multimer_v3_model_4_seed_000.pdb,6.18793249130249
minniefold,1IRA_Y-scenario12_0_unrelaxed_rank_012_alphafold2_multimer_v3_model_3_seed_002.pdb,6.98305606842041
minniefold,1IRA_Y-scenario12_0_unrelaxed_rank_013_alphafold2_multimer_v3_model_4_seed_002.pdb,7.133009433746338
minniefold,1IRA_Y-scenario12_0_unrelaxed_rank_014_alphafold2_multimer_v3_model_2_seed_000.pdb,6.036686897277832
minniefold,1IRA_Y-scenario12_0_unrelaxed_rank_015_alphafold2_multimer_v3_model_5_seed_000.pdb,6.182291507720947
minniefold,1IRA_Y-scenario12_0_unrelaxed_rank_016_alphafold2_multimer_v3_model_5_seed_001.pdb,6.3780131340026855
minniefold,1IRA_Y-scenario12_0_unrelaxed_rank_017_alphafold2_multimer_v3_model_5_seed_003.pdb,6.173918724060059
minniefold,1IRA_Y-scenario12_0_unrelaxed_rank_018_alphafold2_multimer_v3_model_2_seed_002.pdb,5.725151062011719
minniefold,1IRA_Y-scenario12_0_unrelaxed_rank_019_alphafold2_multimer_v3_model_2_seed_003.pdb,5.626091003417969
minniefold,1IRA_Y-scenario12_0_unrelaxed_rank_020_alphafold2_multimer_v3_model_5_seed_002.pdb,6.119339466094971
minniefold,1IRA_Y-scenario13_0_unrelaxed_rank_001_alphafold2_multimer_v1_model_4_seed_000.pdb,5.917834281921387
minniefold,1IRA_Y-scenario13_0_unrelaxed_rank_002_alphafold2_multimer_v1_model_3_seed_001.pdb,5.957830429077148
minniefold,1IRA_Y-scenario13_0_unrelaxed_rank_003_alphafold2_multimer_v1_model_3_seed_000.pdb,5.816284656524658
minniefold,1IRA_Y-scenario13_0_unrelaxed_rank_004_alphafold2_multimer_v1_model_2_seed_000.pdb,5.897752285003662
minniefold,1IRA_Y-scenario13_0_unrelaxed_rank_005_alphafold2_multimer_v1_model_4_seed_001.pdb,6.018069744110107
minniefold,1IRA_Y-scenario13_0_unrelaxed_rank_006_alphafold2_multimer_v1_model_2_seed_001.pdb,6.132272243499756
minniefold,1IRA_Y-scenario13_0_unrelaxed_rank_007_alphafold2_multimer_v1_model_4_seed_002.pdb,5.945509433746338
minniefold,1IRA_Y-scenario13_0_unrelaxed_rank_008_alphafold2_multimer_v1_model_2_seed_002.pdb,6.045838832855225
minniefold,1IRA_Y-scenario13_0_unrelaxed_rank_009_alphafold2_multimer_v1_model_3_seed_002.pdb,5.915377140045166
minniefold,1IRA_Y-scenario13_0_unrelaxed_rank_010_alphafold2_multimer_v1_model_2_seed_003.pdb,6.005046844482422
minniefold,1IRA_Y-scenario13_0_unrelaxed_rank_011_alphafold2_multimer_v1_model_4_seed_003.pdb,5.925147533416748
minniefold,1IRA_Y-scenario13_0_unrelaxed_rank_012_alphafold2_multimer_v1_model_1_seed_001.pdb,6.057129383087158
minniefold,1IRA_Y-scenario13_0_unrelaxed_rank_013_alphafold2_multimer_v1_model_1_seed_002.pdb,6.088176727294922
minniefold,1IRA_Y-scenario13_0_unrelaxed_rank_014_alphafold2_multimer_v1_model_3_seed_003.pdb,5.864230155944824
minniefold,1IRA_Y-scenario13_0_unrelaxed_rank_015_alphafold2_multimer_v1_model_5_seed_000.pdb,6.137862205505371
minniefold,1IRA_Y-scenario13_0_unrelaxed_rank_016_alphafold2_multimer_v1_model_5_seed_001.pdb,6.3322272300720215
minniefold,1IRA_Y-scenario13_0_unrelaxed_rank_017_alphafold2_multimer_v1_model_1_seed_000.pdb,5.959695816040039
minniefold,1IRA_Y-scenario13_0_unrelaxed_rank_018_alphafold2_multimer_v1_model_1_seed_003.pdb,6.019008159637451
minniefold,1IRA_Y-scenario13_0_unrelaxed_rank_019_alphafold2_multimer_v1_model_5_seed_002.pdb,6.195677280426025
minniefold,1IRA_Y-scenario13_0_unrelaxed_rank_020_alphafold2_multimer_v1_model_5_seed_003.pdb,6.046895980834961
minniefold,1IRA_Y-scenario14_0_unrelaxed_rank_001_alphafold2_multimer_v1_model_3_seed_000.pdb,5.854597091674805
minniefold,1IRA_Y-scenario14_0_unrelaxed_rank_002_alphafold2_multimer_v1_model_3_seed_001.pdb,5.7938232421875
minniefold,1IRA_Y-scenario14_0_unrelaxed_rank_003_alphafold2_multimer_v1_model_4_seed_000.pdb,5.9421491622924805
minniefold,1IRA_Y-scenario14_0_unrelaxed_rank_004_alphafold2_multimer_v1_model_3_seed_002.pdb,6.099320411682129
minniefold,1IRA_Y-scenario14_0_unrelaxed_rank_005_alphafold2_multimer_v1_model_2_seed_002.pdb,6.212607383728027
minniefold,1IRA_Y-scenario14_0_unrelaxed_rank_006_alphafold2_multimer_v1_model_2_seed_003.pdb,6.07386589050293
minniefold,1IRA_Y-scenario14_0_unrelaxed_rank_007_alphafold2_multimer_v1_model_2_seed_001.pdb,5.925721645355225
minniefold,1IRA_Y-scenario14_0_unrelaxed_rank_008_alphafold2_multimer_v1_model_4_seed_002.pdb,6.173683166503906
minniefold,1IRA_Y-scenario14_0_unrelaxed_rank_009_alphafold2_multimer_v1_model_2_seed_000.pdb,6.059401988983154
minniefold,1IRA_Y-scenario14_0_unrelaxed_rank_010_alphafold2_multimer_v1_model_4_seed_003.pdb,5.971652507781982
minniefold,1IRA_Y-scenario14_0_unrelaxed_rank_011_alphafold2_multimer_v1_model_4_seed_001.pdb,5.886788845062256
minniefold,1IRA_Y-scenario14_0_unrelaxed_rank_012_alphafold2_multimer_v1_model_3_seed_003.pdb,5.972037315368652
minniefold,1IRA_Y-scenario14_0_unrelaxed_rank_013_alphafold2_multimer_v1_model_1_seed_000.pdb,6.052331447601318
minniefold,1IRA_Y-scenario14_0_unrelaxed_rank_014_alphafold2_multimer_v1_model_1_seed_002.pdb,6.099309921264648
minniefold,1IRA_Y-scenario14_0_unrelaxed_rank_015_alphafold2_multimer_v1_model_1_seed_001.pdb,5.947046279907227
minniefold,1IRA_Y-scenario14_0_unrelaxed_rank_016_alphafold2_multimer_v1_model_1_seed_003.pdb,6.0538763999938965
minniefold,1IRA_Y-scenario14_0_unrelaxed_rank_017_alphafold2_multimer_v1_model_5_seed_000.pdb,6.235073566436768
minniefold,1IRA_Y-scenario14_0_unrelaxed_rank_018_alphafold2_multimer_v1_model_5_seed_002.pdb,6.42410945892334
minniefold,1IRA_Y-scenario14_0_unrelaxed_rank_019_alphafold2_multimer_v1_model_5_seed_001.pdb,6.165927886962891
minniefold,1IRA_Y-scenario14_0_unrelaxed_rank_020_alphafold2_multimer_v1_model_5_seed_003.pdb,6.29660177230835
minniefold,1IRA_Y-scenario15_0_unrelaxed_rank_001_alphafold2_multimer_v2_model_1_seed_003.pdb,6.03761100769043
minniefold,1IRA_Y-scenario15_0_unrelaxed_rank_002_alphafold2_multimer_v2_model_5_seed_003.pdb,6.300420761108398
minniefold,1IRA_Y-scenario15_0_unrelaxed_rank_003_alphafold2_multimer_v2_model_4_seed_003.pdb,6.233865261077881
minniefold,1IRA_Y-scenario15_0_unrelaxed_rank_004_alphafold2_multimer_v2_model_5_seed_001.pdb,6.251641273498535
minniefold,1IRA_Y-scenario15_0_unrelaxed_rank_005_alphafold2_multimer_v2_model_1_seed_000.pdb,6.241530895233154
minniefold,1IRA_Y-scenario15_0_unrelaxed_rank_006_alphafold2_multimer_v2_model_4_seed_001.pdb,6.237579822540283
minniefold,1IRA_Y-scenario15_0_unrelaxed_rank_007_alphafold2_multimer_v2_model_5_seed_002.pdb,6.2876152992248535
minniefold,1IRA_Y-scenario15_0_unrelaxed_rank_008_alphafold2_multimer_v2_model_4_seed_002.pdb,6.299746990203857
minniefold,1IRA_Y-scenario15_0_unrelaxed_rank_009_alphafold2_multimer_v2_model_1_seed_001.pdb,6.20155668258667
minniefold,1IRA_Y-scenario15_0_unrelaxed_rank_010_alphafold2_multimer_v2_model_5_seed_000.pdb,6.558058261871338
minniefold,1IRA_Y-scenario15_0_unrelaxed_rank_011_alphafold2_multimer_v2_model_2_seed_003.pdb,6.261337757110596
minniefold,1IRA_Y-scenario15_0_unrelaxed_rank_012_alphafold2_multimer_v2_model_4_seed_000.pdb,6.708373069763184
minniefold,1IRA_Y-scenario15_0_unrelaxed_rank_013_alphafold2_multimer_v2_model_1_seed_002.pdb,6.2395920753479
minniefold,1IRA_Y-scenario15_0_unrelaxed_rank_014_alphafold2_multimer_v2_model_3_seed_001.pdb,6.20319938659668
minniefold,1IRA_Y-scenario15_0_unrelaxed_rank_015_alphafold2_multimer_v2_model_2_seed_001.pdb,6.217678070068359
minniefold,1IRA_Y-scenario15_0_unrelaxed_rank_016_alphafold2_multimer_v2_model_3_seed_002.pdb,6.211457252502441
minniefold,1IRA_Y-scenario15_0_unrelaxed_rank_017_alphafold2_multimer_v2_model_3_seed_000.pdb,6.350471019744873
minniefold,1IRA_Y-scenario15_0_unrelaxed_rank_018_alphafold2_multimer_v2_model_3_seed_003.pdb,6.219305038452148
minniefold,1IRA_Y-scenario15_0_unrelaxed_rank_019_alphafold2_multimer_v2_model_2_seed_002.pdb,6.443607807159424
minniefold,1IRA_Y-scenario15_0_unrelaxed_rank_020_alphafold2_multimer_v2_model_2_seed_000.pdb,6.563721179962158
minniefold,1IRA_Y-scenario16_0_unrelaxed_rank_001_alphafold2_multimer_v2_model_1_seed_003.pdb,6.022778511047363
minniefold,1IRA_Y-scenario16_0_unrelaxed_rank_002_alphafold2_multimer_v2_model_5_seed_002.pdb,6.103961944580078
minniefold,1IRA_Y-scenario16_0_unrelaxed_rank_003_alphafold2_multimer_v2_model_5_seed_001.pdb,6.205736637115479
minniefold,1IRA_Y-scenario16_0_unrelaxed_rank_004_alphafold2_multimer_v2_model_5_seed_003.pdb,6.352507591247559
minniefold,1IRA_Y-scenario16_0_unrelaxed_rank_005_alphafold2_multimer_v2_model_5_seed_000.pdb,6.207109928131104
minniefold,1IRA_Y-scenario16_0_unrelaxed_rank_006_alphafold2_multimer_v2_model_4_seed_003.pdb,6.196197509765625
minniefold,1IRA_Y-scenario16_0_unrelaxed_rank_007_alphafold2_multimer_v2_model_1_seed_002.pdb,6.02852201461792
minniefold,1IRA_Y-scenario16_0_unrelaxed_rank_008_alphafold2_multimer_v2_model_4_seed_002.pdb,6.053950786590576
minniefold,1IRA_Y-scenario16_0_unrelaxed_rank_009_alphafold2_multimer_v2_model_2_seed_002.pdb,6.090135097503662
minniefold,1IRA_Y-scenario16_0_unrelaxed_rank_010_alphafold2_multimer_v2_model_1_seed_001.pdb,6.038197994232178
minniefold,1IRA_Y-scenario16_0_unrelaxed_rank_011_alphafold2_multimer_v2_model_1_seed_000.pdb,6.092896938323975
minniefold,1IRA_Y-scenario16_0_unrelaxed_rank_012_alphafold2_multimer_v2_model_4_seed_000.pdb,6.130613327026367
minniefold,1IRA_Y-scenario16_0_unrelaxed_rank_013_alphafold2_multimer_v2_model_4_seed_001.pdb,6.164289951324463
minniefold,1IRA_Y-scenario16_0_unrelaxed_rank_014_alphafold2_multimer_v2_model_2_seed_001.pdb,6.06464958190918
minniefold,1IRA_Y-scenario16_0_unrelaxed_rank_015_alphafold2_multimer_v2_model_3_seed_001.pdb,6.055310249328613
minniefold,1IRA_Y-scenario16_0_unrelaxed_rank_016_alphafold2_multimer_v2_model_3_seed_000.pdb,6.03514289855957
minniefold,1IRA_Y-scenario16_0_unrelaxed_rank_017_alphafold2_multimer_v2_model_2_seed_000.pdb,6.154089450836182
minniefold,1IRA_Y-scenario16_0_unrelaxed_rank_018_alphafold2_multimer_v2_model_3_seed_002.pdb,6.113186359405518
minniefold,1IRA_Y-scenario16_0_unrelaxed_rank_019_alphafold2_multimer_v2_model_2_seed_003.pdb,6.107022762298584
minniefold,1IRA_Y-scenario16_0_unrelaxed_rank_020_alphafold2_multimer_v2_model_3_seed_003.pdb,6.159303665161133
minniefold,1IRA_Y-scenario17_0_unrelaxed_rank_001_alphafold2_multimer_v3_model_1_seed_003.pdb,6.115330219268799
minniefold,1IRA_Y-scenario17_0_unrelaxed_rank_002_alphafold2_multimer_v3_model_3_seed_003.pdb,6.131609916687012
minniefold,1IRA_Y-scenario17_0_unrelaxed_rank_003_alphafold2_multimer_v3_model_4_seed_003.pdb,6.109988212585449
minniefold,1IRA_Y-scenario17_0_unrelaxed_rank_004_alphafold2_multimer_v3_model_1_seed_002.pdb,6.166882038116455
minniefold,1IRA_Y-scenario17_0_unrelaxed_rank_005_alphafold2_multimer_v3_model_2_seed_003.pdb,5.923931121826172
minniefold,1IRA_Y-scenario17_0_unrelaxed_rank_006_alphafold2_multimer_v3_model_1_seed_001.pdb,6.142361164093018
minniefold,1IRA_Y-scenario17_0_unrelaxed_rank_007_alphafold2_multimer_v3_model_4_seed_001.pdb,6.10435676574707
minniefold,1IRA_Y-scenario17_0_unrelaxed_rank_008_alphafold2_multimer_v3_model_1_seed_000.pdb,6.20850944519043
minniefold,1IRA_Y-scenario17_0_unrelaxed_rank_009_alphafold2_multimer_v3_model_4_seed_000.pdb,6.151071071624756
minniefold,1IRA_Y-scenario17_0_unrelaxed_rank_010_alphafold2_multimer_v3_model_5_seed_000.pdb,6.099909782409668
minniefold,1IRA_Y-scenario17_0_unrelaxed_rank_011_alphafold2_multimer_v3_model_3_seed_000.pdb,6.129838466644287
minniefold,1IRA_Y-scenario17_0_unrelaxed_rank_012_alphafold2_multimer_v3_model_3_seed_001.pdb,6.07745885848999
minniefold,1IRA_Y-scenario17_0_unrelaxed_rank_013_alphafold2_multimer_v3_model_4_seed_002.pdb,6.076333045959473
minniefold,1IRA_Y-scenario17_0_unrelaxed_rank_014_alphafold2_multimer_v3_model_5_seed_003.pdb,6.04498291015625
minniefold,1IRA_Y-scenario17_0_unrelaxed_rank_015_alphafold2_multimer_v3_model_2_seed_001.pdb,5.853250503540039
minniefold,1IRA_Y-scenario17_0_unrelaxed_rank_016_alphafold2_multimer_v3_model_3_seed_002.pdb,5.983320236206055
minniefold,1IRA_Y-scenario17_0_unrelaxed_rank_017_alphafold2_multimer_v3_model_5_seed_001.pdb,5.988523960113525
minniefold,1IRA_Y-scenario17_0_unrelaxed_rank_018_alphafold2_multimer_v3_model_2_seed_000.pdb,5.986337661743164
minniefold,1IRA_Y-scenario17_0_unrelaxed_rank_019_alphafold2_multimer_v3_model_2_seed_002.pdb,5.836309432983398
minniefold,1IRA_Y-scenario17_0_unrelaxed_rank_020_alphafold2_multimer_v3_model_5_seed_002.pdb,5.957986831665039
minniefold,1IRA_Y-scenario18_0_unrelaxed_rank_001_alphafold2_multimer_v3_model_3_seed_001.pdb,5.966006755828857
minniefold,1IRA_Y-scenario18_0_unrelaxed_rank_002_alphafold2_multimer_v3_model_4_seed_001.pdb,5.997844219207764
minniefold,1IRA_Y-scenario18_0_unrelaxed_rank_003_alphafold2_multimer_v3_model_4_seed_003.pdb,6.116090774536133
minniefold,1IRA_Y-scenario18_0_unrelaxed_rank_004_alphafold2_multimer_v3_model_4_seed_000.pdb,5.899028778076172
minniefold,1IRA_Y-scenario18_0_unrelaxed_rank_005_alphafold2_multimer_v3_model_4_seed_002.pdb,6.055318355560303
minniefold,1IRA_Y-scenario18_0_unrelaxed_rank_006_alphafold2_multimer_v3_model_3_seed_002.pdb,6.071460247039795
minniefold,1IRA_Y-scenario18_0_unrelaxed_rank_007_alphafold2_multimer_v3_model_2_seed_003.pdb,5.918061256408691
minniefold,1IRA_Y-scenario18_0_unrelaxed_rank_008_alphafold2_multimer_v3_model_3_seed_003.pdb,6.086946964263916
minniefold,1IRA_Y-scenario18_0_unrelaxed_rank_009_alphafold2_multimer_v3_model_2_seed_001.pdb,5.915977954864502
minniefold,1IRA_Y-scenario18_0_unrelaxed_rank_010_alphafold2_multimer_v3_model_3_seed_000.pdb,5.81652307510376
minniefold,1IRA_Y-scenario18_0_unrelaxed_rank_011_alphafold2_multimer_v3_model_1_seed_001.pdb,6.119186401367188
minniefold,1IRA_Y-scenario18_0_unrelaxed_rank_012_alphafold2_multimer_v3_model_1_seed_000.pdb,6.045783042907715
minniefold,1IRA_Y-scenario18_0_unrelaxed_rank_013_alphafold2_multimer_v3_model_1_seed_003.pdb,6.140188217163086
minniefold,1IRA_Y-scenario18_0_unrelaxed_rank_014_alphafold2_multimer_v3_model_5_seed_002.pdb,5.985502243041992
minniefold,1IRA_Y-scenario18_0_unrelaxed_rank_015_alphafold2_multimer_v3_model_2_seed_002.pdb,5.947088241577148
minniefold,1IRA_Y-scenario18_0_unrelaxed_rank_016_alphafold2_multimer_v3_model_5_seed_001.pdb,5.890122413635254
minniefold,1IRA_Y-scenario18_0_unrelaxed_rank_017_alphafold2_multimer_v3_model_2_seed_000.pdb,5.8507280349731445
minniefold,1IRA_Y-scenario18_0_unrelaxed_rank_018_alphafold2_multimer_v3_model_5_seed_003.pdb,5.976208209991455
minniefold,1IRA_Y-scenario18_0_unrelaxed_rank_019_alphafold2_multimer_v3_model_5_seed_000.pdb,5.80024003982544
minniefold,1IRA_Y-scenario18_0_unrelaxed_rank_020_alphafold2_multimer_v3_model_1_seed_002.pdb,6.116206645965576
minniefold,1IRA_Y-scenario19_0_unrelaxed_rank_001_alphafold2_ptm_model_1_seed_000.pdb,5.979523658752441
minniefold,1IRA_Y-scenario19_0_unrelaxed_rank_002_alphafold2_ptm_model_1_seed_001.pdb,6.057130813598633
minniefold,1IRA_Y-scenario19_0_unrelaxed_rank_003_alphafold2_ptm_model_1_seed_002.pdb,6.029163360595703
minniefold,1IRA_Y-scenario19_0_unrelaxed_rank_004_alphafold2_ptm_model_1_seed_003.pdb,5.989781856536865
minniefold,1IRA_Y-scenario19_0_unrelaxed_rank_005_alphafold2_ptm_model_2_seed_001.pdb,6.23061466217041
minniefold,1IRA_Y-scenario19_0_unrelaxed_rank_006_alphafold2_ptm_model_2_seed_000.pdb,6.208235263824463
minniefold,1IRA_Y-scenario19_0_unrelaxed_rank_007_alphafold2_ptm_model_2_seed_003.pdb,6.213320255279541
minniefold,1IRA_Y-scenario19_0_unrelaxed_rank_008_alphafold2_ptm_model_2_seed_002.pdb,6.223372459411621
minniefold,1IRA_Y-scenario19_0_unrelaxed_rank_009_alphafold2_ptm_model_5_seed_001.pdb,5.488287925720215
minniefold,1IRA_Y-scenario19_0_unrelaxed_rank_010_alphafold2_ptm_model_5_seed_003.pdb,5.391149044036865
minniefold,1IRA_Y-scenario19_0_unrelaxed_rank_011_alphafold2_ptm_model_5_seed_000.pdb,5.117965221405029
minniefold,1IRA_Y-scenario19_0_unrelaxed_rank_012_alphafold2_ptm_model_4_seed_000.pdb,6.0154643058776855
minniefold,1IRA_Y-scenario19_0_unrelaxed_rank_013_alphafold2_ptm_model_5_seed_002.pdb,5.665287971496582
minniefold,1IRA_Y-scenario19_0_unrelaxed_rank_014_alphafold2_ptm_model_4_seed_003.pdb,6.27299690246582
minniefold,1IRA_Y-scenario19_0_unrelaxed_rank_015_alphafold2_ptm_model_4_seed_001.pdb,5.925132751464844
minniefold,1IRA_Y-scenario19_0_unrelaxed_rank_016_alphafold2_ptm_model_4_seed_002.pdb,6.586243629455566
minniefold,1IRA_Y-scenario19_0_unrelaxed_rank_017_alphafold2_ptm_model_3_seed_000.pdb,4.4062180519104
minniefold,1IRA_Y-scenario19_0_unrelaxed_rank_018_alphafold2_ptm_model_3_seed_001.pdb,4.592466354370117
minniefold,1IRA_Y-scenario19_0_unrelaxed_rank_019_alphafold2_ptm_model_3_seed_002.pdb,5.436727523803711
minniefold,1IRA_Y-scenario19_0_unrelaxed_rank_020_alphafold2_ptm_model_3_seed_003.pdb,4.937177658081055
minniefold,1IRA_Y-scenario20_0_unrelaxed_rank_001_alphafold2_ptm_model_4_seed_000.pdb,5.940216064453125
minniefold,1IRA_Y-scenario20_0_unrelaxed_rank_002_alphafold2_ptm_model_5_seed_000.pdb,4.906388759613037
minniefold,1IRA_Y-scenario20_0_unrelaxed_rank_003_alphafold2_ptm_model_5_seed_003.pdb,5.620468616485596
minniefold,1IRA_Y-scenario20_0_unrelaxed_rank_004_alphafold2_ptm_model_5_seed_001.pdb,5.345798492431641
minniefold,1IRA_Y-scenario20_0_unrelaxed_rank_005_alphafold2_ptm_model_4_seed_003.pdb,5.882009506225586
minniefold,1IRA_Y-scenario20_0_unrelaxed_rank_006_alphafold2_ptm_model_3_seed_000.pdb,4.524242401123047
minniefold,1IRA_Y-scenario20_0_unrelaxed_rank_007_alphafold2_ptm_model_5_seed_002.pdb,5.519217014312744
minniefold,1IRA_Y-scenario20_0_unrelaxed_rank_008_alphafold2_ptm_model_3_seed_003.pdb,5.210599422454834
minniefold,1IRA_Y-scenario20_0_unrelaxed_rank_009_alphafold2_ptm_model_3_seed_001.pdb,5.126378536224365
minniefold,1IRA_Y-scenario20_0_unrelaxed_rank_010_alphafold2_ptm_model_4_seed_002.pdb,6.285417556762695
minniefold,1IRA_Y-scenario20_0_unrelaxed_rank_011_alphafold2_ptm_model_4_seed_001.pdb,6.414045810699463
minniefold,1IRA_Y-scenario20_0_unrelaxed_rank_012_alphafold2_ptm_model_1_seed_000.pdb,4.793896198272705
minniefold,1IRA_Y-scenario20_0_unrelaxed_rank_013_alphafold2_ptm_model_3_seed_002.pdb,5.507812023162842
minniefold,1IRA_Y-scenario20_0_unrelaxed_rank_014_alphafold2_ptm_model_1_seed_003.pdb,5.460771083831787
minniefold,1IRA_Y-scenario20_0_unrelaxed_rank_015_alphafold2_ptm_model_1_seed_001.pdb,5.142937660217285
minniefold,1IRA_Y-scenario20_0_unrelaxed_rank_016_alphafold2_ptm_model_1_seed_002.pdb,4.301362991333008
minniefold,1IRA_Y-scenario20_0_unrelaxed_rank_017_alphafold2_ptm_model_2_seed_003.pdb,5.3682732582092285
minniefold,1IRA_Y-scenario20_0_unrelaxed_rank_018_alphafold2_ptm_model_2_seed_000.pdb,4.84399938583374
minniefold,1IRA_Y-scenario20_0_unrelaxed_rank_019_alphafold2_ptm_model_2_seed_001.pdb,5.924768924713135
minniefold,1IRA_Y-scenario20_0_unrelaxed_rank_020_alphafold2_ptm_model_2_seed_002.pdb,5.3942084312438965
minniefold,1IRA_Y-scenario21_0_unrelaxed_rank_001_alphafold2_ptm_model_1_seed_002.pdb,5.996495723724365
minniefold,1IRA_Y-scenario21_0_unrelaxed_rank_002_alphafold2_ptm_model_1_seed_001.pdb,6.016998767852783
minniefold,1IRA_Y-scenario21_0_unrelaxed_rank_003_alphafold2_ptm_model_1_seed_000.pdb,6.003654956817627
minniefold,1IRA_Y-scenario21_0_unrelaxed_rank_004_alphafold2_ptm_model_1_seed_003.pdb,6.023162364959717
minniefold,1IRA_Y-scenario21_0_unrelaxed_rank_005_alphafold2_ptm_model_2_seed_000.pdb,6.305262565612793
minniefold,1IRA_Y-scenario21_0_unrelaxed_rank_006_alphafold2_ptm_model_2_seed_002.pdb,6.202632427215576
minniefold,1IRA_Y-scenario21_0_unrelaxed_rank_007_alphafold2_ptm_model_2_seed_001.pdb,6.23473596572876
minniefold,1IRA_Y-scenario21_0_unrelaxed_rank_008_alphafold2_ptm_model_2_seed_003.pdb,6.230192184448242
minniefold,1IRA_Y-scenario21_0_unrelaxed_rank_009_alphafold2_ptm_model_5_seed_000.pdb,6.106646060943604
minniefold,1IRA_Y-scenario21_0_unrelaxed_rank_010_alphafold2_ptm_model_5_seed_002.pdb,5.217812061309815
minniefold,1IRA_Y-scenario21_0_unrelaxed_rank_011_alphafold2_ptm_model_5_seed_003.pdb,5.496120929718018
minniefold,1IRA_Y-scenario21_0_unrelaxed_rank_012_alphafold2_ptm_model_4_seed_000.pdb,7.394759654998779
minniefold,1IRA_Y-scenario21_0_unrelaxed_rank_013_alphafold2_ptm_model_5_seed_001.pdb,5.346195220947266
minniefold,1IRA_Y-scenario21_0_unrelaxed_rank_014_alphafold2_ptm_model_3_seed_000.pdb,6.057853221893311
minniefold,1IRA_Y-scenario21_0_unrelaxed_rank_015_alphafold2_ptm_model_4_seed_001.pdb,6.878611087799072
minniefold,1IRA_Y-scenario21_0_unrelaxed_rank_016_alphafold2_ptm_model_4_seed_002.pdb,5.877845287322998
minniefold,1IRA_Y-scenario21_0_unrelaxed_rank_017_alphafold2_ptm_model_4_seed_003.pdb,6.760963439941406
minniefold,1IRA_Y-scenario21_0_unrelaxed_rank_018_alphafold2_ptm_model_3_seed_002.pdb,4.705950736999512
minniefold,1IRA_Y-scenario21_0_unrelaxed_rank_019_alphafold2_ptm_model_3_seed_001.pdb,4.951385021209717
minniefold,1IRA_Y-scenario21_0_unrelaxed_rank_020_alphafold2_ptm_model_3_seed_003.pdb,5.515247821807861
minniefold,1IRA_Y-scenario22_0_unrelaxed_rank_001_alphafold2_ptm_model_1_seed_002.pdb,5.966355323791504
minniefold,1IRA_Y-scenario22_0_unrelaxed_rank_002_alphafold2_ptm_model_1_seed_000.pdb,5.966390132904053
minniefold,1IRA_Y-scenario22_0_unrelaxed_rank_003_alphafold2_ptm_model_1_seed_003.pdb,5.999142646789551
minniefold,1IRA_Y-scenario22_0_unrelaxed_rank_004_alphafold2_ptm_model_1_seed_001.pdb,6.00443172454834
minniefold,1IRA_Y-scenario22_0_unrelaxed_rank_005_alphafold2_ptm_model_2_seed_002.pdb,6.106151103973389
minniefold,1IRA_Y-scenario22_0_unrelaxed_rank_006_alphafold2_ptm_model_2_seed_000.pdb,6.1083149909973145
minniefold,1IRA_Y-scenario22_0_unrelaxed_rank_007_alphafold2_ptm_model_2_seed_003.pdb,6.16112232208252
minniefold,1IRA_Y-scenario22_0_unrelaxed_rank_008_alphafold2_ptm_model_2_seed_001.pdb,6.216192722320557
minniefold,1IRA_Y-scenario22_0_unrelaxed_rank_009_alphafold2_ptm_model_5_seed_002.pdb,5.294723987579346
minniefold,1IRA_Y-scenario22_0_unrelaxed_rank_010_alphafold2_ptm_model_5_seed_003.pdb,5.145146369934082
minniefold,1IRA_Y-scenario22_0_unrelaxed_rank_011_alphafold2_ptm_model_5_seed_001.pdb,6.063577175140381
minniefold,1IRA_Y-scenario22_0_unrelaxed_rank_012_alphafold2_ptm_model_5_seed_000.pdb,6.25568962097168
minniefold,1IRA_Y-scenario22_0_unrelaxed_rank_013_alphafold2_ptm_model_4_seed_000.pdb,6.9039483070373535
minniefold,1IRA_Y-scenario22_0_unrelaxed_rank_014_alphafold2_ptm_model_4_seed_003.pdb,5.954433917999268
minniefold,1IRA_Y-scenario22_0_unrelaxed_rank_015_alphafold2_ptm_model_4_seed_001.pdb,7.619949817657471
minniefold,1IRA_Y-scenario22_0_unrelaxed_rank_016_alphafold2_ptm_model_4_seed_002.pdb,7.180620193481445
minniefold,1IRA_Y-scenario22_0_unrelaxed_rank_017_alphafold2_ptm_model_3_seed_002.pdb,4.806093692779541
minniefold,1IRA_Y-scenario22_0_unrelaxed_rank_018_alphafold2_ptm_model_3_seed_000.pdb,5.387792110443115
minniefold,1IRA_Y-scenario22_0_unrelaxed_rank_019_alphafold2_ptm_model_3_seed_003.pdb,4.888914108276367
minniefold,1IRA_Y-scenario22_0_unrelaxed_rank_020_alphafold2_ptm_model_3_seed_001.pdb,5.099459648132324
minniefold,1IRA_Y-scenario23_0_unrelaxed_rank_001_alphafold2_ptm_model_5_seed_000.pdb,5.999396800994873
minniefold,1IRA_Y-scenario23_0_unrelaxed_rank_002_alphafold2_ptm_model_5_seed_002.pdb,5.174808979034424
minniefold,1IRA_Y-scenario23_0_unrelaxed_rank_003_alphafold2_ptm_model_5_seed_003.pdb,5.743514060974121
minniefold,1IRA_Y-scenario23_0_unrelaxed_rank_004_alphafold2_ptm_model_4_seed_002.pdb,5.841730117797852
minniefold,1IRA_Y-scenario23_0_unrelaxed_rank_005_alphafold2_ptm_model_4_seed_000.pdb,7.22725772857666
minniefold,1IRA_Y-scenario23_0_unrelaxed_rank_006_alphafold2_ptm_model_5_seed_001.pdb,5.138368606567383
minniefold,1IRA_Y-scenario23_0_unrelaxed_rank_007_alphafold2_ptm_model_3_seed_000.pdb,6.042374610900879
minniefold,1IRA_Y-scenario23_0_unrelaxed_rank_008_alphafold2_ptm_model_4_seed_003.pdb,6.766634464263916
minniefold,1IRA_Y-scenario23_0_unrelaxed_rank_009_alphafold2_ptm_model_4_seed_001.pdb,6.464114665985107
minniefold,1IRA_Y-scenario23_0_unrelaxed_rank_010_alphafold2_ptm_model_3_seed_003.pdb,5.9179368019104
minniefold,1IRA_Y-scenario23_0_unrelaxed_rank_011_alphafold2_ptm_model_3_seed_002.pdb,4.592466354370117
minniefold,1IRA_Y-scenario23_0_unrelaxed_rank_012_alphafold2_ptm_model_3_seed_001.pdb,4.747366905212402
minniefold,1IRA_Y-scenario23_0_unrelaxed_rank_013_alphafold2_ptm_model_1_seed_002.pdb,4.362661838531494
minniefold,1IRA_Y-scenario23_0_unrelaxed_rank_014_alphafold2_ptm_model_1_seed_001.pdb,4.651066303253174
minniefold,1IRA_Y-scenario23_0_unrelaxed_rank_015_alphafold2_ptm_model_1_seed_000.pdb,5.0778326988220215
minniefold,1IRA_Y-scenario23_0_unrelaxed_rank_016_alphafold2_ptm_model_2_seed_000.pdb,5.553972244262695
minniefold,1IRA_Y-scenario23_0_unrelaxed_rank_017_alphafold2_ptm_model_2_seed_002.pdb,5.143892765045166
minniefold,1IRA_Y-scenario23_0_unrelaxed_rank_018_alphafold2_ptm_model_1_seed_003.pdb,5.702584266662598
minniefold,1IRA_Y-scenario23_0_unrelaxed_rank_019_alphafold2_ptm_model_2_seed_001.pdb,5.326308250427246
minniefold,1IRA_Y-scenario23_0_unrelaxed_rank_020_alphafold2_ptm_model_2_seed_003.pdb,5.64916467666626
minniefold,1IRA_Y-scenario24_0_unrelaxed_rank_001_alphafold2_ptm_model_5_seed_002.pdb,5.531512260437012
minniefold,1IRA_Y-scenario24_0_unrelaxed_rank_002_alphafold2_ptm_model_5_seed_001.pdb,5.676409721374512
minniefold,1IRA_Y-scenario24_0_unrelaxed_rank_003_alphafold2_ptm_model_5_seed_000.pdb,5.884455680847168
minniefold,1IRA_Y-scenario24_0_unrelaxed_rank_004_alphafold2_ptm_model_4_seed_002.pdb,7.3270673751831055
minniefold,1IRA_Y-scenario24_0_unrelaxed_rank_005_alphafold2_ptm_model_5_seed_003.pdb,5.882273674011231
minniefold,1IRA_Y-scenario24_0_unrelaxed_rank_006_alphafold2_ptm_model_4_seed_000.pdb,6.634277820587158
minniefold,1IRA_Y-scenario24_0_unrelaxed_rank_007_alphafold2_ptm_model_4_seed_003.pdb,7.283771991729736
minniefold,1IRA_Y-scenario24_0_unrelaxed_rank_008_alphafold2_ptm_model_4_seed_001.pdb,7.281750679016113
minniefold,1IRA_Y-scenario24_0_unrelaxed_rank_009_alphafold2_ptm_model_3_seed_002.pdb,4.956559658050537
minniefold,1IRA_Y-scenario24_0_unrelaxed_rank_010_alphafold2_ptm_model_1_seed_000.pdb,4.706926345825195
minniefold,1IRA_Y-scenario24_0_unrelaxed_rank_011_alphafold2_ptm_model_3_seed_001.pdb,5.205366134643555
minniefold,1IRA_Y-scenario24_0_unrelaxed_rank_012_alphafold2_ptm_model_3_seed_000.pdb,5.373800754547119
minniefold,1IRA_Y-scenario24_0_unrelaxed_rank_013_alphafold2_ptm_model_3_seed_003.pdb,5.4866156578063965
minniefold,1IRA_Y-scenario24_0_unrelaxed_rank_014_alphafold2_ptm_model_1_seed_001.pdb,5.40192174911499
minniefold,1IRA_Y-scenario24_0_unrelaxed_rank_015_alphafold2_ptm_model_1_seed_003.pdb,5.810702323913574
minniefold,1IRA_Y-scenario24_0_unrelaxed_rank_016_alphafold2_ptm_model_2_seed_000.pdb,5.478590965270996
minniefold,1IRA_Y-scenario24_0_unrelaxed_rank_017_alphafold2_ptm_model_2_seed_002.pdb,5.360453128814697
minniefold,1IRA_Y-scenario24_0_unrelaxed_rank_018_alphafold2_ptm_model_1_seed_002.pdb,4.7587080001831055
minniefold,1IRA_Y-scenario24_0_unrelaxed_rank_019_alphafold2_ptm_model_2_seed_001.pdb,5.499783515930176
minniefold,1IRA_Y-scenario24_0_unrelaxed_rank_020_alphafold2_ptm_model_2_seed_003.pdb,5.427959442138672
