tool,PDB file,Distance
af3-multi,mia40-multiseeds_seed-0_sample-0_model.pdb,5.101160049438477
af3-multi,mia40-multiseeds_seed-0_sample-1_model.pdb,5.260886669158936
af3-multi,mia40-multiseeds_seed-0_sample-2_model.pdb,5.260982036590576
af3-multi,mia40-multiseeds_seed-0_sample-3_model.pdb,5.154983043670654
af3-multi,mia40-multiseeds_seed-0_sample-4_model.pdb,5.077504634857178
af3-multi,mia40-multiseeds_seed-1_sample-0_model.pdb,5.169851779937744
af3-multi,mia40-multiseeds_seed-1_sample-1_model.pdb,5.224839687347412
af3-multi,mia40-multiseeds_seed-1_sample-2_model.pdb,5.142191886901856
af3-multi,mia40-multiseeds_seed-1_sample-3_model.pdb,5.134751319885254
af3-multi,mia40-multiseeds_seed-1_sample-4_model.pdb,5.123426914215088
af3-multi,mia40-multiseeds_seed-2_sample-0_model.pdb,5.219593524932861
af3-multi,mia40-multiseeds_seed-2_sample-1_model.pdb,5.13895845413208
af3-multi,mia40-multiseeds_seed-2_sample-2_model.pdb,5.2148871421813965
af3-multi,mia40-multiseeds_seed-2_sample-3_model.pdb,5.219534397125244
af3-multi,mia40-multiseeds_seed-2_sample-4_model.pdb,5.289314270019531
af3-multi,mia40-multiseeds_seed-3_sample-0_model.pdb,5.190958023071289
af3-multi,mia40-multiseeds_seed-3_sample-1_model.pdb,5.139296054840088
af3-multi,mia40-multiseeds_seed-3_sample-2_model.pdb,5.205170154571533
af3-multi,mia40-multiseeds_seed-3_sample-3_model.pdb,5.292522430419922
af3-multi,mia40-multiseeds_seed-3_sample-4_model.pdb,5.10509729385376
af3-multi,mia40-multiseeds_seed-4_sample-0_model.pdb,5.090982437133789
af3-multi,mia40-multiseeds_seed-4_sample-1_model.pdb,5.219498157501221
af3-multi,mia40-multiseeds_seed-4_sample-2_model.pdb,5.256222248077393
af3-multi,mia40-multiseeds_seed-4_sample-3_model.pdb,5.1483073234558105
af3-multi,mia40-multiseeds_seed-4_sample-4_model.pdb,5.0921311378479
af3-multi,mia40-multiseeds_seed-5_sample-0_model.pdb,5.194423198699951
af3-multi,mia40-multiseeds_seed-5_sample-1_model.pdb,5.023222923278809
af3-multi,mia40-multiseeds_seed-5_sample-2_model.pdb,5.217565059661865
af3-multi,mia40-multiseeds_seed-5_sample-3_model.pdb,5.2796630859375
af3-multi,mia40-multiseeds_seed-5_sample-4_model.pdb,5.11831521987915
af3-multi,mia40-multiseeds_seed-6_sample-0_model.pdb,5.359720706939697
af3-multi,mia40-multiseeds_seed-6_sample-1_model.pdb,5.252593040466309
af3-multi,mia40-multiseeds_seed-6_sample-2_model.pdb,5.212718486785889
af3-multi,mia40-multiseeds_seed-6_sample-3_model.pdb,5.119208812713623
af3-multi,mia40-multiseeds_seed-6_sample-4_model.pdb,5.211354732513428
af3-multi,mia40-multiseeds_seed-7_sample-0_model.pdb,5.160562992095947
af3-multi,mia40-multiseeds_seed-7_sample-1_model.pdb,5.100156307220459
af3-multi,mia40-multiseeds_seed-7_sample-2_model.pdb,5.326333522796631
af3-multi,mia40-multiseeds_seed-7_sample-3_model.pdb,5.191365718841553
af3-multi,mia40-multiseeds_seed-7_sample-4_model.pdb,5.142065048217773
af3-multi,mia40-multiseeds_seed-8_sample-0_model.pdb,5.137621879577637
af3-multi,mia40-multiseeds_seed-8_sample-1_model.pdb,5.177749633789063
af3-multi,mia40-multiseeds_seed-8_sample-2_model.pdb,5.194192886352539
af3-multi,mia40-multiseeds_seed-8_sample-3_model.pdb,5.103250980377197
af3-multi,mia40-multiseeds_seed-8_sample-4_model.pdb,5.083164691925049
af3-multi,mia40-multiseeds_seed-9_sample-0_model.pdb,5.166300296783447
af3-multi,mia40-multiseeds_seed-9_sample-1_model.pdb,5.186602115631104
af3-multi,mia40-multiseeds_seed-9_sample-2_model.pdb,5.1815595626831055
af3-multi,mia40-multiseeds_seed-9_sample-3_model.pdb,5.249006271362305
af3-multi,mia40-multiseeds_seed-9_sample-4_model.pdb,5.120055675506592
af3-multi,mia40-multiseeds_seed-10_sample-0_model.pdb,5.311861991882324
af3-multi,mia40-multiseeds_seed-10_sample-1_model.pdb,5.239752292633057
af3-multi,mia40-multiseeds_seed-10_sample-2_model.pdb,5.219915390014648
af3-multi,mia40-multiseeds_seed-10_sample-3_model.pdb,5.194811820983887
af3-multi,mia40-multiseeds_seed-10_sample-4_model.pdb,5.164466381072998
af3-multi,mia40-multiseeds_seed-11_sample-0_model.pdb,5.161385536193848
af3-multi,mia40-multiseeds_seed-11_sample-1_model.pdb,5.094107627868652
af3-multi,mia40-multiseeds_seed-11_sample-2_model.pdb,5.243505954742432
af3-multi,mia40-multiseeds_seed-11_sample-3_model.pdb,5.341370105743408
af3-multi,mia40-multiseeds_seed-11_sample-4_model.pdb,5.188991069793701
af3-multi,mia40-multiseeds_seed-12_sample-0_model.pdb,5.238986968994141
af3-multi,mia40-multiseeds_seed-12_sample-1_model.pdb,5.325119018554688
af3-multi,mia40-multiseeds_seed-12_sample-2_model.pdb,5.115615367889404
af3-multi,mia40-multiseeds_seed-12_sample-3_model.pdb,5.136742115020752
af3-multi,mia40-multiseeds_seed-12_sample-4_model.pdb,5.30081033706665
af3-multi,mia40-multiseeds_seed-13_sample-0_model.pdb,5.242257118225098
af3-multi,mia40-multiseeds_seed-13_sample-1_model.pdb,5.050747394561768
af3-multi,mia40-multiseeds_seed-13_sample-2_model.pdb,5.258002758026123
af3-multi,mia40-multiseeds_seed-13_sample-3_model.pdb,5.316545009613037
af3-multi,mia40-multiseeds_seed-13_sample-4_model.pdb,5.280509471893311
af3-multi,mia40-multiseeds_seed-14_sample-0_model.pdb,5.17239236831665
af3-multi,mia40-multiseeds_seed-14_sample-1_model.pdb,5.27138090133667
af3-multi,mia40-multiseeds_seed-14_sample-2_model.pdb,5.160311222076416
af3-multi,mia40-multiseeds_seed-14_sample-3_model.pdb,5.178916931152344
af3-multi,mia40-multiseeds_seed-14_sample-4_model.pdb,5.314558982849121
af3-multi,mia40-multiseeds_seed-15_sample-0_model.pdb,5.35804557800293
af3-multi,mia40-multiseeds_seed-15_sample-1_model.pdb,5.092822551727295
af3-multi,mia40-multiseeds_seed-15_sample-2_model.pdb,5.105105876922607
af3-multi,mia40-multiseeds_seed-15_sample-3_model.pdb,5.2788825035095215
af3-multi,mia40-multiseeds_seed-15_sample-4_model.pdb,4.964864730834961
af3-multi,mia40-multiseeds_seed-16_sample-0_model.pdb,5.187525272369385
af3-multi,mia40-multiseeds_seed-16_sample-1_model.pdb,5.121314525604248
af3-multi,mia40-multiseeds_seed-16_sample-2_model.pdb,5.172412395477295
af3-multi,mia40-multiseeds_seed-16_sample-3_model.pdb,5.165281295776367
af3-multi,mia40-multiseeds_seed-16_sample-4_model.pdb,5.267336368560791
af3-multi,mia40-multiseeds_seed-17_sample-0_model.pdb,5.2862958908081055
af3-multi,mia40-multiseeds_seed-17_sample-1_model.pdb,5.304523944854736
af3-multi,mia40-multiseeds_seed-17_sample-2_model.pdb,5.216217994689941
af3-multi,mia40-multiseeds_seed-17_sample-3_model.pdb,5.19737720489502
af3-multi,mia40-multiseeds_seed-17_sample-4_model.pdb,5.331570148468018
af3-multi,mia40-multiseeds_seed-18_sample-0_model.pdb,5.231235980987549
af3-multi,mia40-multiseeds_seed-18_sample-1_model.pdb,5.107571601867676
af3-multi,mia40-multiseeds_seed-18_sample-2_model.pdb,5.226588726043701
af3-multi,mia40-multiseeds_seed-18_sample-3_model.pdb,5.202420234680176
af3-multi,mia40-multiseeds_seed-18_sample-4_model.pdb,5.271975040435791
af3-multi,mia40-multiseeds_seed-19_sample-0_model.pdb,5.216464519500732
af3-multi,mia40-multiseeds_seed-19_sample-1_model.pdb,5.134089946746826
af3-multi,mia40-multiseeds_seed-19_sample-2_model.pdb,5.135417938232422
af3-multi,mia40-multiseeds_seed-19_sample-3_model.pdb,5.214479923248291
af3-multi,mia40-multiseeds_seed-19_sample-4_model.pdb,5.209232807159424
af3-multi,mia40-multiseeds_seed-20_sample-0_model.pdb,5.111670970916748
af3-multi,mia40-multiseeds_seed-20_sample-1_model.pdb,5.335316181182861
af3-multi,mia40-multiseeds_seed-20_sample-2_model.pdb,5.248617172241211
af3-multi,mia40-multiseeds_seed-20_sample-3_model.pdb,5.183983325958252
af3-multi,mia40-multiseeds_seed-20_sample-4_model.pdb,5.2396345138549805
af3-multi,mia40-multiseeds_seed-21_sample-0_model.pdb,5.192513465881348
af3-multi,mia40-multiseeds_seed-21_sample-1_model.pdb,5.190090656280518
af3-multi,mia40-multiseeds_seed-21_sample-2_model.pdb,5.151991844177246
af3-multi,mia40-multiseeds_seed-21_sample-3_model.pdb,5.102778434753418
af3-multi,mia40-multiseeds_seed-21_sample-4_model.pdb,5.292888641357422
af3-multi,mia40-multiseeds_seed-22_sample-0_model.pdb,5.069169998168945
af3-multi,mia40-multiseeds_seed-22_sample-1_model.pdb,5.073439121246338
af3-multi,mia40-multiseeds_seed-22_sample-2_model.pdb,5.109598159790039
af3-multi,mia40-multiseeds_seed-22_sample-3_model.pdb,5.167693138122559
af3-multi,mia40-multiseeds_seed-22_sample-4_model.pdb,5.0605902671813965
af3-multi,mia40-multiseeds_seed-23_sample-0_model.pdb,5.236103057861328
af3-multi,mia40-multiseeds_seed-23_sample-1_model.pdb,5.243381500244141
af3-multi,mia40-multiseeds_seed-23_sample-2_model.pdb,5.191328525543213
af3-multi,mia40-multiseeds_seed-23_sample-3_model.pdb,5.185213088989258
af3-multi,mia40-multiseeds_seed-23_sample-4_model.pdb,5.289402008056641
af3-multi,mia40-multiseeds_seed-24_sample-0_model.pdb,5.500794410705566
af3-multi,mia40-multiseeds_seed-24_sample-1_model.pdb,5.128885269165039
af3-multi,mia40-multiseeds_seed-24_sample-2_model.pdb,5.23993730545044
af3-multi,mia40-multiseeds_seed-24_sample-3_model.pdb,5.2098259925842285
af3-multi,mia40-multiseeds_seed-24_sample-4_model.pdb,5.310690879821777
af3-multi,mia40-multiseeds_seed-25_sample-0_model.pdb,5.214663028717041
af3-multi,mia40-multiseeds_seed-25_sample-1_model.pdb,5.095727443695068
af3-multi,mia40-multiseeds_seed-25_sample-2_model.pdb,5.121714115142822
af3-multi,mia40-multiseeds_seed-25_sample-3_model.pdb,5.279386043548584
af3-multi,mia40-multiseeds_seed-25_sample-4_model.pdb,5.183842182159424
af3-multi,mia40-multiseeds_seed-26_sample-0_model.pdb,5.142203330993652
af3-multi,mia40-multiseeds_seed-26_sample-1_model.pdb,5.053474426269531
af3-multi,mia40-multiseeds_seed-26_sample-2_model.pdb,5.122892379760742
af3-multi,mia40-multiseeds_seed-26_sample-3_model.pdb,5.26038932800293
af3-multi,mia40-multiseeds_seed-26_sample-4_model.pdb,5.116427421569824
af3-multi,mia40-multiseeds_seed-27_sample-0_model.pdb,5.14621639251709
af3-multi,mia40-multiseeds_seed-27_sample-1_model.pdb,5.326164722442627
af3-multi,mia40-multiseeds_seed-27_sample-2_model.pdb,5.212782859802246
af3-multi,mia40-multiseeds_seed-27_sample-3_model.pdb,5.082217216491699
af3-multi,mia40-multiseeds_seed-27_sample-4_model.pdb,5.247888088226318
af3-multi,mia40-multiseeds_seed-28_sample-0_model.pdb,5.186078071594238
af3-multi,mia40-multiseeds_seed-28_sample-1_model.pdb,5.223264694213867
af3-multi,mia40-multiseeds_seed-28_sample-2_model.pdb,5.155206203460693
af3-multi,mia40-multiseeds_seed-28_sample-3_model.pdb,5.015568256378174
af3-multi,mia40-multiseeds_seed-28_sample-4_model.pdb,5.197652816772461
af3-multi,mia40-multiseeds_seed-29_sample-0_model.pdb,5.283892631530762
af3-multi,mia40-multiseeds_seed-29_sample-1_model.pdb,5.301407337188721
af3-multi,mia40-multiseeds_seed-29_sample-2_model.pdb,5.191475868225098
af3-multi,mia40-multiseeds_seed-29_sample-3_model.pdb,5.311418056488037
af3-multi,mia40-multiseeds_seed-29_sample-4_model.pdb,5.33433723449707
af3-multi,mia40-multiseeds_seed-30_sample-0_model.pdb,5.157909393310547
af3-multi,mia40-multiseeds_seed-30_sample-1_model.pdb,5.316274642944336
af3-multi,mia40-multiseeds_seed-30_sample-2_model.pdb,5.151675701141357
af3-multi,mia40-multiseeds_seed-30_sample-3_model.pdb,5.082951545715332
af3-multi,mia40-multiseeds_seed-30_sample-4_model.pdb,5.142920017242432
af3-multi,mia40-multiseeds_seed-31_sample-0_model.pdb,5.308498859405518
af3-multi,mia40-multiseeds_seed-31_sample-1_model.pdb,5.123560905456543
af3-multi,mia40-multiseeds_seed-31_sample-2_model.pdb,5.231411457061768
af3-multi,mia40-multiseeds_seed-31_sample-3_model.pdb,5.267660617828369
af3-multi,mia40-multiseeds_seed-31_sample-4_model.pdb,5.229798793792725
af3-multi,mia40-multiseeds_seed-32_sample-0_model.pdb,5.171280384063721
af3-multi,mia40-multiseeds_seed-32_sample-1_model.pdb,5.248808860778809
af3-multi,mia40-multiseeds_seed-32_sample-2_model.pdb,5.272087097167969
af3-multi,mia40-multiseeds_seed-32_sample-3_model.pdb,5.223040580749512
af3-multi,mia40-multiseeds_seed-32_sample-4_model.pdb,5.286411762237549
af3-multi,mia40-multiseeds_seed-33_sample-0_model.pdb,5.12771463394165
af3-multi,mia40-multiseeds_seed-33_sample-1_model.pdb,5.246089458465576
af3-multi,mia40-multiseeds_seed-33_sample-2_model.pdb,5.205699443817139
af3-multi,mia40-multiseeds_seed-33_sample-3_model.pdb,5.302083492279053
af3-multi,mia40-multiseeds_seed-33_sample-4_model.pdb,5.1705427169799805
af3-multi,mia40-multiseeds_seed-34_sample-0_model.pdb,5.124973773956299
af3-multi,mia40-multiseeds_seed-34_sample-1_model.pdb,5.196775913238525
af3-multi,mia40-multiseeds_seed-34_sample-2_model.pdb,5.152934551239014
af3-multi,mia40-multiseeds_seed-34_sample-3_model.pdb,5.193366050720215
af3-multi,mia40-multiseeds_seed-34_sample-4_model.pdb,5.142426490783691
af3-multi,mia40-multiseeds_seed-35_sample-0_model.pdb,5.1953887939453125
af3-multi,mia40-multiseeds_seed-35_sample-1_model.pdb,5.256194114685059
af3-multi,mia40-multiseeds_seed-35_sample-2_model.pdb,5.096831321716309
af3-multi,mia40-multiseeds_seed-35_sample-3_model.pdb,5.324001312255859
af3-multi,mia40-multiseeds_seed-35_sample-4_model.pdb,5.196439266204834
af3-multi,mia40-multiseeds_seed-36_sample-0_model.pdb,5.122354507446289
af3-multi,mia40-multiseeds_seed-36_sample-1_model.pdb,5.227346897125244
af3-multi,mia40-multiseeds_seed-36_sample-2_model.pdb,5.148852825164795
af3-multi,mia40-multiseeds_seed-36_sample-3_model.pdb,5.142190933227539
af3-multi,mia40-multiseeds_seed-36_sample-4_model.pdb,5.252267360687256
af3-multi,mia40-multiseeds_seed-37_sample-0_model.pdb,5.161808490753174
af3-multi,mia40-multiseeds_seed-37_sample-1_model.pdb,5.234994888305664
af3-multi,mia40-multiseeds_seed-37_sample-2_model.pdb,5.196496486663818
af3-multi,mia40-multiseeds_seed-37_sample-3_model.pdb,5.19236946105957
af3-multi,mia40-multiseeds_seed-37_sample-4_model.pdb,5.160167694091797
af3-multi,mia40-multiseeds_seed-38_sample-0_model.pdb,5.167826652526856
af3-multi,mia40-multiseeds_seed-38_sample-1_model.pdb,5.198177337646484
af3-multi,mia40-multiseeds_seed-38_sample-2_model.pdb,5.272815227508545
af3-multi,mia40-multiseeds_seed-38_sample-3_model.pdb,5.254268169403076
af3-multi,mia40-multiseeds_seed-38_sample-4_model.pdb,5.253298759460449
af3-multi,mia40-multiseeds_seed-39_sample-0_model.pdb,5.075556755065918
af3-multi,mia40-multiseeds_seed-39_sample-1_model.pdb,5.228043079376221
af3-multi,mia40-multiseeds_seed-39_sample-2_model.pdb,5.223613739013672
af3-multi,mia40-multiseeds_seed-39_sample-3_model.pdb,5.091492652893066
af3-multi,mia40-multiseeds_seed-39_sample-4_model.pdb,5.272424221038818
af3-multi,mia40-multiseeds_seed-40_sample-0_model.pdb,5.164853572845459
af3-multi,mia40-multiseeds_seed-40_sample-1_model.pdb,5.170920848846436
af3-multi,mia40-multiseeds_seed-40_sample-2_model.pdb,5.1638922691345215
af3-multi,mia40-multiseeds_seed-40_sample-3_model.pdb,5.255549430847168
af3-multi,mia40-multiseeds_seed-40_sample-4_model.pdb,5.137537479400635
af3-multi,mia40-multiseeds_seed-41_sample-0_model.pdb,5.173439025878906
af3-multi,mia40-multiseeds_seed-41_sample-1_model.pdb,5.314863681793213
af3-multi,mia40-multiseeds_seed-41_sample-2_model.pdb,5.229875564575195
af3-multi,mia40-multiseeds_seed-41_sample-3_model.pdb,5.080621719360352
af3-multi,mia40-multiseeds_seed-41_sample-4_model.pdb,5.06715202331543
af3-multi,mia40-multiseeds_seed-42_sample-0_model.pdb,5.195772171020508
af3-multi,mia40-multiseeds_seed-42_sample-1_model.pdb,5.192591190338135
af3-multi,mia40-multiseeds_seed-42_sample-2_model.pdb,5.2545552253723145
af3-multi,mia40-multiseeds_seed-42_sample-3_model.pdb,5.327756881713867
af3-multi,mia40-multiseeds_seed-42_sample-4_model.pdb,5.120115280151367
af3-multi,mia40-multiseeds_seed-43_sample-0_model.pdb,5.127493381500244
af3-multi,mia40-multiseeds_seed-43_sample-1_model.pdb,5.115056991577148
af3-multi,mia40-multiseeds_seed-43_sample-2_model.pdb,5.218311786651611
af3-multi,mia40-multiseeds_seed-43_sample-3_model.pdb,5.34818696975708
af3-multi,mia40-multiseeds_seed-43_sample-4_model.pdb,5.232698440551758
af3-multi,mia40-multiseeds_seed-44_sample-0_model.pdb,5.156673908233643
af3-multi,mia40-multiseeds_seed-44_sample-1_model.pdb,5.183226108551025
af3-multi,mia40-multiseeds_seed-44_sample-2_model.pdb,5.204501152038574
af3-multi,mia40-multiseeds_seed-44_sample-3_model.pdb,5.235792636871338
af3-multi,mia40-multiseeds_seed-44_sample-4_model.pdb,5.125790119171143
af3-multi,mia40-multiseeds_seed-45_sample-0_model.pdb,5.311732292175293
af3-multi,mia40-multiseeds_seed-45_sample-1_model.pdb,5.372970581054688
af3-multi,mia40-multiseeds_seed-45_sample-2_model.pdb,5.104459762573242
af3-multi,mia40-multiseeds_seed-45_sample-3_model.pdb,5.27231502532959
af3-multi,mia40-multiseeds_seed-45_sample-4_model.pdb,5.129583358764648
af3-multi,mia40-multiseeds_seed-46_sample-0_model.pdb,5.07642936706543
af3-multi,mia40-multiseeds_seed-46_sample-1_model.pdb,5.263391494750977
af3-multi,mia40-multiseeds_seed-46_sample-2_model.pdb,5.267783164978027
af3-multi,mia40-multiseeds_seed-46_sample-3_model.pdb,5.251364231109619
af3-multi,mia40-multiseeds_seed-46_sample-4_model.pdb,5.248126983642578
af3-multi,mia40-multiseeds_seed-47_sample-0_model.pdb,5.302577972412109
af3-multi,mia40-multiseeds_seed-47_sample-1_model.pdb,5.235648155212402
af3-multi,mia40-multiseeds_seed-47_sample-2_model.pdb,5.235361099243164
af3-multi,mia40-multiseeds_seed-47_sample-3_model.pdb,5.297094345092773
af3-multi,mia40-multiseeds_seed-47_sample-4_model.pdb,5.068048000335693
af3-multi,mia40-multiseeds_seed-48_sample-0_model.pdb,5.050812244415283
af3-multi,mia40-multiseeds_seed-48_sample-1_model.pdb,5.247525691986084
af3-multi,mia40-multiseeds_seed-48_sample-2_model.pdb,5.231752872467041
af3-multi,mia40-multiseeds_seed-48_sample-3_model.pdb,5.163458347320557
af3-multi,mia40-multiseeds_seed-48_sample-4_model.pdb,5.256484031677246
af3-multi,mia40-multiseeds_seed-49_sample-0_model.pdb,5.193454265594482
af3-multi,mia40-multiseeds_seed-49_sample-1_model.pdb,5.35311222076416
af3-multi,mia40-multiseeds_seed-49_sample-2_model.pdb,5.391772270202637
af3-multi,mia40-multiseeds_seed-49_sample-3_model.pdb,5.224123001098633
af3-multi,mia40-multiseeds_seed-49_sample-4_model.pdb,5.175902843475342
af3-multi,mia40-multiseeds_seed-50_sample-0_model.pdb,5.204810619354248
af3-multi,mia40-multiseeds_seed-50_sample-1_model.pdb,5.193642616271973
af3-multi,mia40-multiseeds_seed-50_sample-2_model.pdb,5.13485860824585
af3-multi,mia40-multiseeds_seed-50_sample-3_model.pdb,5.171578407287598
af3-multi,mia40-multiseeds_seed-50_sample-4_model.pdb,5.188416481018066
af3-multi,mia40-multiseeds_seed-51_sample-0_model.pdb,5.324014186859131
af3-multi,mia40-multiseeds_seed-51_sample-1_model.pdb,5.228577613830566
af3-multi,mia40-multiseeds_seed-51_sample-2_model.pdb,5.263305187225342
af3-multi,mia40-multiseeds_seed-51_sample-3_model.pdb,5.259525775909424
af3-multi,mia40-multiseeds_seed-51_sample-4_model.pdb,5.239441871643066
af3-multi,mia40-multiseeds_seed-52_sample-0_model.pdb,5.18793535232544
af3-multi,mia40-multiseeds_seed-52_sample-1_model.pdb,5.1478657722473145
af3-multi,mia40-multiseeds_seed-52_sample-2_model.pdb,5.328634262084961
af3-multi,mia40-multiseeds_seed-52_sample-3_model.pdb,5.283320903778076
af3-multi,mia40-multiseeds_seed-52_sample-4_model.pdb,5.288500308990479
af3-multi,mia40-multiseeds_seed-53_sample-0_model.pdb,5.106562614440918
af3-multi,mia40-multiseeds_seed-53_sample-1_model.pdb,5.275693416595459
af3-multi,mia40-multiseeds_seed-53_sample-2_model.pdb,5.249111652374268
af3-multi,mia40-multiseeds_seed-53_sample-3_model.pdb,5.191683292388916
af3-multi,mia40-multiseeds_seed-53_sample-4_model.pdb,5.322521686553955
af3-multi,mia40-multiseeds_seed-54_sample-0_model.pdb,5.094619274139404
af3-multi,mia40-multiseeds_seed-54_sample-1_model.pdb,5.194538593292236
af3-multi,mia40-multiseeds_seed-54_sample-2_model.pdb,5.116776466369629
af3-multi,mia40-multiseeds_seed-54_sample-3_model.pdb,5.089788436889648
af3-multi,mia40-multiseeds_seed-54_sample-4_model.pdb,5.26672887802124
af3-multi,mia40-multiseeds_seed-55_sample-0_model.pdb,5.195067882537842
af3-multi,mia40-multiseeds_seed-55_sample-1_model.pdb,5.148988246917725
af3-multi,mia40-multiseeds_seed-55_sample-2_model.pdb,5.196741104125977
af3-multi,mia40-multiseeds_seed-55_sample-3_model.pdb,5.214580535888672
af3-multi,mia40-multiseeds_seed-55_sample-4_model.pdb,5.220829486846924
af3-multi,mia40-multiseeds_seed-56_sample-0_model.pdb,5.20191764831543
af3-multi,mia40-multiseeds_seed-56_sample-1_model.pdb,5.15700626373291
af3-multi,mia40-multiseeds_seed-56_sample-2_model.pdb,5.083049774169922
af3-multi,mia40-multiseeds_seed-56_sample-3_model.pdb,5.2401442527771
af3-multi,mia40-multiseeds_seed-56_sample-4_model.pdb,5.278878211975098
af3-multi,mia40-multiseeds_seed-57_sample-0_model.pdb,5.240144729614258
af3-multi,mia40-multiseeds_seed-57_sample-1_model.pdb,5.154444694519043
af3-multi,mia40-multiseeds_seed-57_sample-2_model.pdb,5.37358283996582
af3-multi,mia40-multiseeds_seed-57_sample-3_model.pdb,5.221778869628906
af3-multi,mia40-multiseeds_seed-57_sample-4_model.pdb,5.292178153991699
af3-multi,mia40-multiseeds_seed-58_sample-0_model.pdb,5.121828556060791
af3-multi,mia40-multiseeds_seed-58_sample-1_model.pdb,5.275994777679443
af3-multi,mia40-multiseeds_seed-58_sample-2_model.pdb,5.171255111694336
af3-multi,mia40-multiseeds_seed-58_sample-3_model.pdb,5.250988960266113
af3-multi,mia40-multiseeds_seed-58_sample-4_model.pdb,5.048399925231934
af3-multi,mia40-multiseeds_seed-59_sample-0_model.pdb,5.0975117683410645
af3-multi,mia40-multiseeds_seed-59_sample-1_model.pdb,5.277102947235107
af3-multi,mia40-multiseeds_seed-59_sample-2_model.pdb,5.243557929992676
af3-multi,mia40-multiseeds_seed-59_sample-3_model.pdb,5.334763526916504
af3-multi,mia40-multiseeds_seed-59_sample-4_model.pdb,5.220498085021973
af3-multi,mia40-multiseeds_seed-60_sample-0_model.pdb,5.21422004699707
af3-multi,mia40-multiseeds_seed-60_sample-1_model.pdb,5.29677152633667
af3-multi,mia40-multiseeds_seed-60_sample-2_model.pdb,5.154571056365967
af3-multi,mia40-multiseeds_seed-60_sample-3_model.pdb,5.234328269958496
af3-multi,mia40-multiseeds_seed-60_sample-4_model.pdb,5.431244373321533
af3-multi,mia40-multiseeds_seed-61_sample-0_model.pdb,5.300465106964111
af3-multi,mia40-multiseeds_seed-61_sample-1_model.pdb,5.125125408172607
af3-multi,mia40-multiseeds_seed-61_sample-2_model.pdb,5.032886981964111
af3-multi,mia40-multiseeds_seed-61_sample-3_model.pdb,5.3104681968688965
af3-multi,mia40-multiseeds_seed-61_sample-4_model.pdb,5.2919440269470215
af3-multi,mia40-multiseeds_seed-62_sample-0_model.pdb,5.150875091552734
af3-multi,mia40-multiseeds_seed-62_sample-1_model.pdb,5.118892669677734
af3-multi,mia40-multiseeds_seed-62_sample-2_model.pdb,5.25604772567749
af3-multi,mia40-multiseeds_seed-62_sample-3_model.pdb,5.228577136993408
af3-multi,mia40-multiseeds_seed-62_sample-4_model.pdb,5.117844104766846
af3-multi,mia40-multiseeds_seed-63_sample-0_model.pdb,5.1046223640441895
af3-multi,mia40-multiseeds_seed-63_sample-1_model.pdb,5.302713871002197
af3-multi,mia40-multiseeds_seed-63_sample-2_model.pdb,5.171792984008789
af3-multi,mia40-multiseeds_seed-63_sample-3_model.pdb,5.378082752227783
af3-multi,mia40-multiseeds_seed-63_sample-4_model.pdb,5.1079206466674805
af3-multi,mia40-multiseeds_seed-64_sample-0_model.pdb,5.224824905395508
af3-multi,mia40-multiseeds_seed-64_sample-1_model.pdb,5.249550819396973
af3-multi,mia40-multiseeds_seed-64_sample-2_model.pdb,5.222484111785889
af3-multi,mia40-multiseeds_seed-64_sample-3_model.pdb,5.248682498931885
af3-multi,mia40-multiseeds_seed-64_sample-4_model.pdb,5.116289138793945
af3-multi,mia40-multiseeds_seed-65_sample-0_model.pdb,5.225986480712891
af3-multi,mia40-multiseeds_seed-65_sample-1_model.pdb,5.197307586669922
af3-multi,mia40-multiseeds_seed-65_sample-2_model.pdb,5.115014553070068
af3-multi,mia40-multiseeds_seed-65_sample-3_model.pdb,5.079370498657227
af3-multi,mia40-multiseeds_seed-65_sample-4_model.pdb,5.164602279663086
af3-multi,mia40-multiseeds_seed-66_sample-0_model.pdb,5.122757434844971
af3-multi,mia40-multiseeds_seed-66_sample-1_model.pdb,5.239963531494141
af3-multi,mia40-multiseeds_seed-66_sample-2_model.pdb,5.194728374481201
af3-multi,mia40-multiseeds_seed-66_sample-3_model.pdb,5.1010518074035645
af3-multi,mia40-multiseeds_seed-66_sample-4_model.pdb,5.201157569885254
af3-multi,mia40-multiseeds_seed-67_sample-0_model.pdb,5.310734748840332
af3-multi,mia40-multiseeds_seed-67_sample-1_model.pdb,5.208043098449707
af3-multi,mia40-multiseeds_seed-67_sample-2_model.pdb,5.072511672973633
af3-multi,mia40-multiseeds_seed-67_sample-3_model.pdb,5.132057189941406
af3-multi,mia40-multiseeds_seed-67_sample-4_model.pdb,5.368598461151123
af3-multi,mia40-multiseeds_seed-68_sample-0_model.pdb,5.0719499588012695
af3-multi,mia40-multiseeds_seed-68_sample-1_model.pdb,5.107572555541992
af3-multi,mia40-multiseeds_seed-68_sample-2_model.pdb,5.397637844085693
af3-multi,mia40-multiseeds_seed-68_sample-3_model.pdb,5.298098087310791
af3-multi,mia40-multiseeds_seed-68_sample-4_model.pdb,5.198931694030762
af3-multi,mia40-multiseeds_seed-69_sample-0_model.pdb,5.126602649688721
af3-multi,mia40-multiseeds_seed-69_sample-1_model.pdb,5.245235443115234
af3-multi,mia40-multiseeds_seed-69_sample-2_model.pdb,5.223380565643311
af3-multi,mia40-multiseeds_seed-69_sample-3_model.pdb,5.235805988311768
af3-multi,mia40-multiseeds_seed-69_sample-4_model.pdb,5.218316078186035
af3-multi,mia40-multiseeds_seed-70_sample-0_model.pdb,5.192063808441162
af3-multi,mia40-multiseeds_seed-70_sample-1_model.pdb,5.1504740715026855
af3-multi,mia40-multiseeds_seed-70_sample-2_model.pdb,5.07390022277832
af3-multi,mia40-multiseeds_seed-70_sample-3_model.pdb,5.187180995941162
af3-multi,mia40-multiseeds_seed-70_sample-4_model.pdb,5.2297234535217285
af3-multi,mia40-multiseeds_seed-71_sample-0_model.pdb,5.145313262939453
af3-multi,mia40-multiseeds_seed-71_sample-1_model.pdb,5.350731372833252
af3-multi,mia40-multiseeds_seed-71_sample-2_model.pdb,5.165806293487549
af3-multi,mia40-multiseeds_seed-71_sample-3_model.pdb,5.168898105621338
af3-multi,mia40-multiseeds_seed-71_sample-4_model.pdb,5.244657516479492
af3-multi,mia40-multiseeds_seed-72_sample-0_model.pdb,5.164087295532227
af3-multi,mia40-multiseeds_seed-72_sample-1_model.pdb,5.237311840057373
af3-multi,mia40-multiseeds_seed-72_sample-2_model.pdb,5.211072444915772
af3-multi,mia40-multiseeds_seed-72_sample-3_model.pdb,5.242649555206299
af3-multi,mia40-multiseeds_seed-72_sample-4_model.pdb,5.092177867889404
af3-multi,mia40-multiseeds_seed-73_sample-0_model.pdb,5.294488906860352
af3-multi,mia40-multiseeds_seed-73_sample-1_model.pdb,5.211560726165772
af3-multi,mia40-multiseeds_seed-73_sample-2_model.pdb,5.253264904022217
af3-multi,mia40-multiseeds_seed-73_sample-3_model.pdb,5.3323469161987305
af3-multi,mia40-multiseeds_seed-73_sample-4_model.pdb,5.139533042907715
af3-multi,mia40-multiseeds_seed-74_sample-0_model.pdb,5.260708332061768
af3-multi,mia40-multiseeds_seed-74_sample-1_model.pdb,5.045029640197754
af3-multi,mia40-multiseeds_seed-74_sample-2_model.pdb,5.247680187225342
af3-multi,mia40-multiseeds_seed-74_sample-3_model.pdb,5.234180927276611
af3-multi,mia40-multiseeds_seed-74_sample-4_model.pdb,5.046555995941162
af3-multi,mia40-multiseeds_seed-75_sample-0_model.pdb,5.26634693145752
af3-multi,mia40-multiseeds_seed-75_sample-1_model.pdb,5.08769416809082
af3-multi,mia40-multiseeds_seed-75_sample-2_model.pdb,5.173555374145508
af3-multi,mia40-multiseeds_seed-75_sample-3_model.pdb,5.163095951080322
af3-multi,mia40-multiseeds_seed-75_sample-4_model.pdb,5.19647216796875
af3-multi,mia40-multiseeds_seed-76_sample-0_model.pdb,5.189441680908203
af3-multi,mia40-multiseeds_seed-76_sample-1_model.pdb,5.305321216583252
af3-multi,mia40-multiseeds_seed-76_sample-2_model.pdb,5.240002632141113
af3-multi,mia40-multiseeds_seed-76_sample-3_model.pdb,5.201216697692871
af3-multi,mia40-multiseeds_seed-76_sample-4_model.pdb,5.28994083404541
af3-multi,mia40-multiseeds_seed-77_sample-0_model.pdb,5.131962776184082
af3-multi,mia40-multiseeds_seed-77_sample-1_model.pdb,5.162193298339844
af3-multi,mia40-multiseeds_seed-77_sample-2_model.pdb,5.146674633026123
af3-multi,mia40-multiseeds_seed-77_sample-3_model.pdb,5.18247652053833
af3-multi,mia40-multiseeds_seed-77_sample-4_model.pdb,5.154810905456543
af3-multi,mia40-multiseeds_seed-78_sample-0_model.pdb,5.301174640655518
af3-multi,mia40-multiseeds_seed-78_sample-1_model.pdb,5.242083549499512
af3-multi,mia40-multiseeds_seed-78_sample-2_model.pdb,5.260853290557861
af3-multi,mia40-multiseeds_seed-78_sample-3_model.pdb,5.254775047302246
af3-multi,mia40-multiseeds_seed-78_sample-4_model.pdb,5.234959602355957
af3-multi,mia40-multiseeds_seed-79_sample-0_model.pdb,5.31112813949585
af3-multi,mia40-multiseeds_seed-79_sample-1_model.pdb,5.238072395324707
af3-multi,mia40-multiseeds_seed-79_sample-2_model.pdb,5.258559703826904
af3-multi,mia40-multiseeds_seed-79_sample-3_model.pdb,5.169597148895264
af3-multi,mia40-multiseeds_seed-79_sample-4_model.pdb,5.317885398864746
af3-multi,mia40-multiseeds_seed-80_sample-0_model.pdb,5.174345016479492
af3-multi,mia40-multiseeds_seed-80_sample-1_model.pdb,5.299437522888184
af3-multi,mia40-multiseeds_seed-80_sample-2_model.pdb,5.241440773010254
af3-multi,mia40-multiseeds_seed-80_sample-3_model.pdb,5.202771663665772
af3-multi,mia40-multiseeds_seed-80_sample-4_model.pdb,5.253308773040772
af3-multi,mia40-multiseeds_seed-81_sample-0_model.pdb,5.217160224914551
af3-multi,mia40-multiseeds_seed-81_sample-1_model.pdb,5.2390546798706055
af3-multi,mia40-multiseeds_seed-81_sample-2_model.pdb,5.233860015869141
af3-multi,mia40-multiseeds_seed-81_sample-3_model.pdb,5.001169681549072
af3-multi,mia40-multiseeds_seed-81_sample-4_model.pdb,4.981595993041992
af3-multi,mia40-multiseeds_seed-82_sample-0_model.pdb,5.132163047790527
af3-multi,mia40-multiseeds_seed-82_sample-1_model.pdb,5.290128231048584
af3-multi,mia40-multiseeds_seed-82_sample-2_model.pdb,5.3040547370910645
af3-multi,mia40-multiseeds_seed-82_sample-3_model.pdb,5.307016849517822
af3-multi,mia40-multiseeds_seed-82_sample-4_model.pdb,5.20189380645752
af3-multi,mia40-multiseeds_seed-83_sample-0_model.pdb,5.160828590393066
af3-multi,mia40-multiseeds_seed-83_sample-1_model.pdb,5.265153884887695
af3-multi,mia40-multiseeds_seed-83_sample-2_model.pdb,5.242633819580078
af3-multi,mia40-multiseeds_seed-83_sample-3_model.pdb,5.178989887237549
af3-multi,mia40-multiseeds_seed-83_sample-4_model.pdb,5.19757890701294
af3-multi,mia40-multiseeds_seed-84_sample-0_model.pdb,5.174396991729736
af3-multi,mia40-multiseeds_seed-84_sample-1_model.pdb,5.1353278160095215
af3-multi,mia40-multiseeds_seed-84_sample-2_model.pdb,5.193721294403076
af3-multi,mia40-multiseeds_seed-84_sample-3_model.pdb,5.1123247146606445
af3-multi,mia40-multiseeds_seed-84_sample-4_model.pdb,5.230225086212158
af3-multi,mia40-multiseeds_seed-85_sample-0_model.pdb,5.215274810791016
af3-multi,mia40-multiseeds_seed-85_sample-1_model.pdb,5.156283855438232
af3-multi,mia40-multiseeds_seed-85_sample-2_model.pdb,5.094466686248779
af3-multi,mia40-multiseeds_seed-85_sample-3_model.pdb,5.318637371063232
af3-multi,mia40-multiseeds_seed-85_sample-4_model.pdb,5.239573001861572
af3-multi,mia40-multiseeds_seed-86_sample-0_model.pdb,5.243329048156738
af3-multi,mia40-multiseeds_seed-86_sample-1_model.pdb,5.185111045837402
af3-multi,mia40-multiseeds_seed-86_sample-2_model.pdb,5.39135217666626
af3-multi,mia40-multiseeds_seed-86_sample-3_model.pdb,5.358226776123047
af3-multi,mia40-multiseeds_seed-86_sample-4_model.pdb,5.145249366760254
af3-multi,mia40-multiseeds_seed-87_sample-0_model.pdb,5.100869655609131
af3-multi,mia40-multiseeds_seed-87_sample-1_model.pdb,5.119126319885254
af3-multi,mia40-multiseeds_seed-87_sample-2_model.pdb,5.2762627601623535
af3-multi,mia40-multiseeds_seed-87_sample-3_model.pdb,5.112364292144775
af3-multi,mia40-multiseeds_seed-87_sample-4_model.pdb,5.130033016204834
af3-multi,mia40-multiseeds_seed-88_sample-0_model.pdb,5.240989685058594
af3-multi,mia40-multiseeds_seed-88_sample-1_model.pdb,5.227390289306641
af3-multi,mia40-multiseeds_seed-88_sample-2_model.pdb,5.2120866775512695
af3-multi,mia40-multiseeds_seed-88_sample-3_model.pdb,5.054512023925781
af3-multi,mia40-multiseeds_seed-88_sample-4_model.pdb,5.158095836639404
af3-multi,mia40-multiseeds_seed-89_sample-0_model.pdb,5.270349025726318
af3-multi,mia40-multiseeds_seed-89_sample-1_model.pdb,5.234682559967041
af3-multi,mia40-multiseeds_seed-89_sample-2_model.pdb,5.191690444946289
af3-multi,mia40-multiseeds_seed-89_sample-3_model.pdb,5.222883701324463
af3-multi,mia40-multiseeds_seed-89_sample-4_model.pdb,5.173782825469971
af3-multi,mia40-multiseeds_seed-90_sample-0_model.pdb,5.200292587280273
af3-multi,mia40-multiseeds_seed-90_sample-1_model.pdb,5.294715881347656
af3-multi,mia40-multiseeds_seed-90_sample-2_model.pdb,5.272693157196045
af3-multi,mia40-multiseeds_seed-90_sample-3_model.pdb,5.278604507446289
af3-multi,mia40-multiseeds_seed-90_sample-4_model.pdb,5.130634307861328
af3-multi,mia40-multiseeds_seed-91_sample-0_model.pdb,5.2128753662109375
af3-multi,mia40-multiseeds_seed-91_sample-1_model.pdb,5.18085527420044
af3-multi,mia40-multiseeds_seed-91_sample-2_model.pdb,5.211595058441162
af3-multi,mia40-multiseeds_seed-91_sample-3_model.pdb,5.097644805908203
af3-multi,mia40-multiseeds_seed-91_sample-4_model.pdb,5.062397003173828
af3-multi,mia40-multiseeds_seed-92_sample-0_model.pdb,5.077012062072754
af3-multi,mia40-multiseeds_seed-92_sample-1_model.pdb,5.295188903808594
af3-multi,mia40-multiseeds_seed-92_sample-2_model.pdb,5.329639434814453
af3-multi,mia40-multiseeds_seed-92_sample-3_model.pdb,5.097511291503906
af3-multi,mia40-multiseeds_seed-92_sample-4_model.pdb,5.206926345825195
af3-multi,mia40-multiseeds_seed-93_sample-0_model.pdb,5.434398174285889
af3-multi,mia40-multiseeds_seed-93_sample-1_model.pdb,5.344315528869629
af3-multi,mia40-multiseeds_seed-93_sample-2_model.pdb,5.27590799331665
af3-multi,mia40-multiseeds_seed-93_sample-3_model.pdb,5.281332969665527
af3-multi,mia40-multiseeds_seed-93_sample-4_model.pdb,5.193508148193359
af3-multi,mia40-multiseeds_seed-94_sample-0_model.pdb,5.260114192962647
af3-multi,mia40-multiseeds_seed-94_sample-1_model.pdb,5.148783683776856
af3-multi,mia40-multiseeds_seed-94_sample-2_model.pdb,5.284485340118408
af3-multi,mia40-multiseeds_seed-94_sample-3_model.pdb,5.303640365600586
af3-multi,mia40-multiseeds_seed-94_sample-4_model.pdb,5.2777204513549805
af3-multi,mia40-multiseeds_seed-95_sample-0_model.pdb,5.178864479064941
af3-multi,mia40-multiseeds_seed-95_sample-1_model.pdb,5.1769890785217285
af3-multi,mia40-multiseeds_seed-95_sample-2_model.pdb,5.283721446990967
af3-multi,mia40-multiseeds_seed-95_sample-3_model.pdb,5.246161460876465
af3-multi,mia40-multiseeds_seed-95_sample-4_model.pdb,5.203540802001953
af3-multi,mia40-multiseeds_seed-96_sample-0_model.pdb,5.167912483215332
af3-multi,mia40-multiseeds_seed-96_sample-1_model.pdb,5.247229099273682
af3-multi,mia40-multiseeds_seed-96_sample-2_model.pdb,5.161803722381592
af3-multi,mia40-multiseeds_seed-96_sample-3_model.pdb,5.2796831130981445
af3-multi,mia40-multiseeds_seed-96_sample-4_model.pdb,5.141322612762451
af3-multi,mia40-multiseeds_seed-97_sample-0_model.pdb,5.361674785614014
af3-multi,mia40-multiseeds_seed-97_sample-1_model.pdb,5.260509967803955
af3-multi,mia40-multiseeds_seed-97_sample-2_model.pdb,5.372787952423096
af3-multi,mia40-multiseeds_seed-97_sample-3_model.pdb,5.351891040802002
af3-multi,mia40-multiseeds_seed-97_sample-4_model.pdb,5.316562175750732
af3-multi,mia40-multiseeds_seed-98_sample-0_model.pdb,5.264089584350586
af3-multi,mia40-multiseeds_seed-98_sample-1_model.pdb,5.344102382659912
af3-multi,mia40-multiseeds_seed-98_sample-2_model.pdb,5.176805019378662
af3-multi,mia40-multiseeds_seed-98_sample-3_model.pdb,5.17802619934082
af3-multi,mia40-multiseeds_seed-98_sample-4_model.pdb,5.264578819274902
af3-multi,mia40-multiseeds_seed-99_sample-0_model.pdb,5.177740097045898
af3-multi,mia40-multiseeds_seed-99_sample-1_model.pdb,5.121558666229248
af3-multi,mia40-multiseeds_seed-99_sample-2_model.pdb,5.262417316436768
af3-multi,mia40-multiseeds_seed-99_sample-3_model.pdb,5.132911682128906
af3-multi,mia40-multiseeds_seed-99_sample-4_model.pdb,5.233020782470703
af3sample2,mia40_perturbed_result_model_1_pred_2_nodropout_perturbed_msa_seed-0_sample-0_model.pdb,5.045841693878174
af3sample2,mia40_perturbed_result_model_1_pred_3_nodropout_perturbed_msa_seed-0_sample-0_model.pdb,5.043196201324463
af3sample2,mia40_perturbed_result_model_1_pred_4_nodropout_perturbed_msa_seed-0_sample-0_model.pdb,4.934523582458496
af3sample2,mia40_perturbed_result_model_1_pred_5_nodropout_perturbed_msa_seed-0_sample-0_model.pdb,5.090623378753662
af3sample2,mia40_perturbed_result_model_1_pred_6_nodropout_perturbed_msa_seed-0_sample-0_model.pdb,5.141814231872559
af3sample2,mia40_perturbed_result_model_1_pred_7_nodropout_perturbed_msa_seed-0_sample-0_model.pdb,5.132269859313965
af3sample2,mia40_perturbed_result_model_1_pred_8_nodropout_perturbed_msa_seed-0_sample-0_model.pdb,5.125060081481934
af3sample2,mia40_perturbed_result_model_1_pred_9_nodropout_perturbed_msa_seed-0_sample-0_model.pdb,5.145042896270752
af3sample2,mia40_perturbed_result_model_1_pred_10_nodropout_perturbed_msa_seed-0_sample-0_model.pdb,5.276636600494385
af3sample2,mia40_perturbed_result_model_1_pred_11_nodropout_perturbed_msa_seed-0_sample-0_model.pdb,5.112330913543701
af3sample2,mia40_perturbed_result_model_1_pred_12_nodropout_perturbed_msa_seed-0_sample-0_model.pdb,5.087569713592529
af3sample2,mia40_perturbed_result_model_1_pred_13_nodropout_perturbed_msa_seed-0_sample-0_model.pdb,5.07405424118042
af3sample2,mia40_perturbed_result_model_1_pred_14_nodropout_perturbed_msa_seed-0_sample-0_model.pdb,5.198780536651611
af3sample2,mia40_perturbed_result_model_1_pred_15_nodropout_perturbed_msa_seed-0_sample-0_model.pdb,5.12744665145874
af3sample2,mia40_perturbed_result_model_1_pred_16_nodropout_perturbed_msa_seed-0_sample-0_model.pdb,5.293844223022461
af3sample2,mia40_perturbed_result_model_1_pred_17_nodropout_perturbed_msa_seed-0_sample-0_model.pdb,5.171645641326904
af3sample2,mia40_perturbed_result_model_1_pred_18_nodropout_perturbed_msa_seed-0_sample-0_model.pdb,5.080257415771484
af3sample2,mia40_perturbed_result_model_1_pred_19_nodropout_perturbed_msa_seed-0_sample-0_model.pdb,5.152099609375
af3sample2,mia40_perturbed_result_model_1_pred_20_nodropout_perturbed_msa_seed-0_sample-0_model.pdb,5.090746402740479
af3sample2,mia40_perturbed_result_model_1_pred_21_nodropout_perturbed_msa_seed-0_sample-0_model.pdb,5.416232109069824
af3sample2,mia40_perturbed_result_model_1_pred_22_nodropout_perturbed_msa_seed-0_sample-0_model.pdb,5.239211082458496
af3sample2,mia40_perturbed_result_model_1_pred_23_nodropout_perturbed_msa_seed-0_sample-0_model.pdb,5.093654632568359
af3sample2,mia40_perturbed_result_model_1_pred_24_nodropout_perturbed_msa_seed-0_sample-0_model.pdb,5.134584903717041
af3sample2,mia40_perturbed_result_model_1_pred_25_nodropout_perturbed_msa_seed-0_sample-0_model.pdb,5.123051643371582
af3sample2,mia40_perturbed_result_model_1_pred_26_nodropout_perturbed_msa_seed-0_sample-0_model.pdb,5.070670127868652
af3sample2,mia40_perturbed_result_model_1_pred_27_nodropout_perturbed_msa_seed-0_sample-0_model.pdb,5.128182888031006
af3sample2,mia40_perturbed_result_model_1_pred_28_nodropout_perturbed_msa_seed-0_sample-0_model.pdb,5.175103187561035
af3sample2,mia40_perturbed_result_model_1_pred_29_nodropout_perturbed_msa_seed-0_sample-0_model.pdb,5.15962553024292
af3sample2,mia40_perturbed_result_model_1_pred_30_nodropout_perturbed_msa_seed-0_sample-0_model.pdb,5.082671165466309
af3sample2,mia40_perturbed_result_model_1_pred_31_nodropout_perturbed_msa_seed-0_sample-0_model.pdb,5.184902191162109
af3sample2,mia40_perturbed_result_model_1_pred_32_nodropout_perturbed_msa_seed-0_sample-0_model.pdb,5.07816219329834
af3sample2,mia40_perturbed_result_model_1_pred_33_nodropout_perturbed_msa_seed-0_sample-0_model.pdb,4.99650239944458
af3sample2,mia40_perturbed_result_model_1_pred_34_nodropout_perturbed_msa_seed-0_sample-0_model.pdb,5.047832489013672
af3sample2,mia40_perturbed_result_model_1_pred_35_nodropout_perturbed_msa_seed-0_sample-0_model.pdb,5.1759867668151855
af3sample2,mia40_perturbed_result_model_1_pred_36_nodropout_perturbed_msa_seed-0_sample-0_model.pdb,5.121703147888184
af3sample2,mia40_perturbed_result_model_1_pred_37_nodropout_perturbed_msa_seed-0_sample-0_model.pdb,5.1423749923706055
af3sample2,mia40_perturbed_result_model_1_pred_38_nodropout_perturbed_msa_seed-0_sample-0_model.pdb,5.116076946258545
af3sample2,mia40_perturbed_result_model_1_pred_39_nodropout_perturbed_msa_seed-0_sample-0_model.pdb,5.136834144592285
af3sample2,mia40_perturbed_result_model_1_pred_40_nodropout_perturbed_msa_seed-0_sample-0_model.pdb,5.247594833374023
af3sample2,mia40_perturbed_result_model_1_pred_41_nodropout_perturbed_msa_seed-0_sample-0_model.pdb,5.234900951385498
af3sample2,mia40_perturbed_result_model_1_pred_42_nodropout_perturbed_msa_seed-0_sample-0_model.pdb,5.094058036804199
af3sample2,mia40_perturbed_result_model_1_pred_43_nodropout_perturbed_msa_seed-0_sample-0_model.pdb,5.106753349304199
af3sample2,mia40_perturbed_result_model_1_pred_44_nodropout_perturbed_msa_seed-0_sample-0_model.pdb,5.10895586013794
af3sample2,mia40_perturbed_result_model_1_pred_45_nodropout_perturbed_msa_seed-0_sample-0_model.pdb,5.148743629455566
af3sample2,mia40_perturbed_result_model_1_pred_46_nodropout_perturbed_msa_seed-0_sample-0_model.pdb,5.132960319519043
af3sample2,mia40_perturbed_result_model_1_pred_47_nodropout_perturbed_msa_seed-0_sample-0_model.pdb,5.013357162475586
af3sample2,mia40_perturbed_result_model_1_pred_48_nodropout_perturbed_msa_seed-0_sample-0_model.pdb,5.196172714233398
af3sample2,mia40_perturbed_result_model_1_pred_49_nodropout_perturbed_msa_seed-0_sample-0_model.pdb,5.053238391876221
af3sample2,mia40_perturbed_result_model_1_pred_50_nodropout_perturbed_msa_seed-0_sample-0_model.pdb,5.186644554138184
af3sample2,mia40_perturbed_result_model_1_pred_51_nodropout_perturbed_msa_seed-0_sample-0_model.pdb,5.142782211303711
af3sample2,mia40_perturbed_result_model_1_pred_52_nodropout_perturbed_msa_seed-0_sample-0_model.pdb,5.104849338531494
af3sample2,mia40_perturbed_result_model_1_pred_53_nodropout_perturbed_msa_seed-0_sample-0_model.pdb,5.16264533996582
af3sample2,mia40_perturbed_result_model_1_pred_54_nodropout_perturbed_msa_seed-0_sample-0_model.pdb,5.263768196105957
af3sample2,mia40_perturbed_result_model_1_pred_55_nodropout_perturbed_msa_seed-0_sample-0_model.pdb,5.100982189178467
af3sample2,mia40_perturbed_result_model_1_pred_56_nodropout_perturbed_msa_seed-0_sample-0_model.pdb,5.236917972564697
af3sample2,mia40_perturbed_result_model_1_pred_57_nodropout_perturbed_msa_seed-0_sample-0_model.pdb,5.1407880783081055
af3sample2,mia40_perturbed_result_model_1_pred_58_nodropout_perturbed_msa_seed-0_sample-0_model.pdb,5.134392261505127
af3sample2,mia40_perturbed_result_model_1_pred_59_nodropout_perturbed_msa_seed-0_sample-0_model.pdb,5.152509689331055
af3sample2,mia40_perturbed_result_model_1_pred_60_nodropout_perturbed_msa_seed-0_sample-0_model.pdb,5.237114429473877
af3sample2,mia40_perturbed_result_model_1_pred_61_nodropout_perturbed_msa_seed-0_sample-0_model.pdb,4.983426094055176
af3sample2,mia40_perturbed_result_model_1_pred_62_nodropout_perturbed_msa_seed-0_sample-0_model.pdb,5.078592777252197
af3sample2,mia40_perturbed_result_model_1_pred_63_nodropout_perturbed_msa_seed-0_sample-0_model.pdb,5.11249303817749
af3sample2,mia40_perturbed_result_model_1_pred_64_nodropout_perturbed_msa_seed-0_sample-0_model.pdb,5.164839267730713
af3sample2,mia40_perturbed_result_model_1_pred_65_nodropout_perturbed_msa_seed-0_sample-0_model.pdb,5.115583896636963
af3sample2,mia40_perturbed_result_model_1_pred_66_nodropout_perturbed_msa_seed-0_sample-0_model.pdb,5.1868414878845215
af3sample2,mia40_perturbed_result_model_1_pred_67_nodropout_perturbed_msa_seed-0_sample-0_model.pdb,5.140197277069092
af3sample2,mia40_perturbed_result_model_1_pred_68_nodropout_perturbed_msa_seed-0_sample-0_model.pdb,5.0594801902771
af3sample2,mia40_perturbed_result_model_1_pred_69_nodropout_perturbed_msa_seed-0_sample-0_model.pdb,5.094388484954834
af3sample2,mia40_perturbed_result_model_1_pred_70_nodropout_perturbed_msa_seed-0_sample-0_model.pdb,5.076901912689209
af3sample2,mia40_perturbed_result_model_1_pred_71_nodropout_perturbed_msa_seed-0_sample-0_model.pdb,5.31279182434082
af3sample2,mia40_perturbed_result_model_1_pred_72_nodropout_perturbed_msa_seed-0_sample-0_model.pdb,5.310732841491699
af3sample2,mia40_perturbed_result_model_1_pred_73_nodropout_perturbed_msa_seed-0_sample-0_model.pdb,5.109287738800049
af3sample2,mia40_perturbed_result_model_1_pred_74_nodropout_perturbed_msa_seed-0_sample-0_model.pdb,5.346848487854004
af3sample2,mia40_perturbed_result_model_1_pred_75_nodropout_perturbed_msa_seed-0_sample-0_model.pdb,5.094730854034424
af3sample2,mia40_perturbed_result_model_1_pred_76_nodropout_perturbed_msa_seed-0_sample-0_model.pdb,5.177840232849121
af3sample2,mia40_perturbed_result_model_1_pred_77_nodropout_perturbed_msa_seed-0_sample-0_model.pdb,4.970268249511719
af3sample2,mia40_perturbed_result_model_1_pred_78_nodropout_perturbed_msa_seed-0_sample-0_model.pdb,5.053392887115479
af3sample2,mia40_perturbed_result_model_1_pred_79_nodropout_perturbed_msa_seed-0_sample-0_model.pdb,5.308322906494141
af3sample2,mia40_perturbed_result_model_1_pred_80_nodropout_perturbed_msa_seed-0_sample-0_model.pdb,10.671588897705078
af3sample2,mia40_perturbed_result_model_1_pred_81_nodropout_perturbed_msa_seed-0_sample-0_model.pdb,5.207763195037842
af3sample2,mia40_perturbed_result_model_1_pred_82_nodropout_perturbed_msa_seed-0_sample-0_model.pdb,5.125097751617432
af3sample2,mia40_perturbed_result_model_1_pred_83_nodropout_perturbed_msa_seed-0_sample-0_model.pdb,5.035288333892822
af3sample2,mia40_perturbed_result_model_1_pred_84_nodropout_perturbed_msa_seed-0_sample-0_model.pdb,5.152243137359619
af3sample2,mia40_perturbed_result_model_1_pred_85_nodropout_perturbed_msa_seed-0_sample-0_model.pdb,5.313228130340576
af3sample2,mia40_perturbed_result_model_1_pred_86_nodropout_perturbed_msa_seed-0_sample-0_model.pdb,5.1634697914123535
af3sample2,mia40_perturbed_result_model_1_pred_87_nodropout_perturbed_msa_seed-0_sample-0_model.pdb,5.119165420532227
af3sample2,mia40_perturbed_result_model_1_pred_88_nodropout_perturbed_msa_seed-0_sample-0_model.pdb,5.127713680267334
af3sample2,mia40_perturbed_result_model_1_pred_89_nodropout_perturbed_msa_seed-0_sample-0_model.pdb,5.182048797607422
af3sample2,mia40_perturbed_result_model_1_pred_90_nodropout_perturbed_msa_seed-0_sample-0_model.pdb,5.21550178527832
af3sample2,mia40_perturbed_result_model_1_pred_91_nodropout_perturbed_msa_seed-0_sample-0_model.pdb,4.947839260101318
af3sample2,mia40_perturbed_result_model_1_pred_92_nodropout_perturbed_msa_seed-0_sample-0_model.pdb,5.134359836578369
af3sample2,mia40_perturbed_result_model_1_pred_93_nodropout_perturbed_msa_seed-0_sample-0_model.pdb,5.191721439361572
af3sample2,mia40_perturbed_result_model_1_pred_94_nodropout_perturbed_msa_seed-0_sample-0_model.pdb,5.118943214416504
af3sample2,mia40_perturbed_result_model_1_pred_95_nodropout_perturbed_msa_seed-0_sample-0_model.pdb,5.030194282531738
af3sample2,mia40_perturbed_result_model_1_pred_96_nodropout_perturbed_msa_seed-0_sample-0_model.pdb,5.187222003936768
af3sample2,mia40_perturbed_result_model_1_pred_97_nodropout_perturbed_msa_seed-0_sample-0_model.pdb,5.241896152496338
af3sample2,mia40_perturbed_result_model_1_pred_98_nodropout_perturbed_msa_seed-0_sample-0_model.pdb,5.077056407928467
af3sample2,mia40_perturbed_result_model_1_pred_99_nodropout_perturbed_msa_seed-0_sample-0_model.pdb,5.138055801391602
af3sample2,mia40_perturbed_result_model_1_pred_100_nodropout_perturbed_msa_seed-0_sample-0_model.pdb,5.044589042663574
af3sample2,mia40_perturbed_result_model_2_pred_1_nodropout_perturbed_msa_seed-0_sample-0_model.pdb,5.113834857940674
af3sample2,mia40_perturbed_result_model_2_pred_2_nodropout_perturbed_msa_seed-0_sample-0_model.pdb,5.071247577667236
af3sample2,mia40_perturbed_result_model_2_pred_3_nodropout_perturbed_msa_seed-0_sample-0_model.pdb,5.004573345184326
af3sample2,mia40_perturbed_result_model_2_pred_4_nodropout_perturbed_msa_seed-0_sample-0_model.pdb,5.221792697906494
af3sample2,mia40_perturbed_result_model_2_pred_5_nodropout_perturbed_msa_seed-0_sample-0_model.pdb,4.963252544403076
af3sample2,mia40_perturbed_result_model_2_pred_6_nodropout_perturbed_msa_seed-0_sample-0_model.pdb,5.097249984741211
af3sample2,mia40_perturbed_result_model_2_pred_7_nodropout_perturbed_msa_seed-0_sample-0_model.pdb,5.086208820343018
af3sample2,mia40_perturbed_result_model_2_pred_8_nodropout_perturbed_msa_seed-0_sample-0_model.pdb,5.142091751098633
af3sample2,mia40_perturbed_result_model_2_pred_9_nodropout_perturbed_msa_seed-0_sample-0_model.pdb,5.102654457092285
af3sample2,mia40_perturbed_result_model_2_pred_10_nodropout_perturbed_msa_seed-0_sample-0_model.pdb,5.126651287078857
af3sample2,mia40_perturbed_result_model_2_pred_11_nodropout_perturbed_msa_seed-0_sample-0_model.pdb,5.088542938232422
af3sample2,mia40_perturbed_result_model_2_pred_12_nodropout_perturbed_msa_seed-0_sample-0_model.pdb,5.140178203582764
af3sample2,mia40_perturbed_result_model_2_pred_13_nodropout_perturbed_msa_seed-0_sample-0_model.pdb,5.1479315757751465
af3sample2,mia40_perturbed_result_model_2_pred_14_nodropout_perturbed_msa_seed-0_sample-0_model.pdb,5.159948348999023
af3sample2,mia40_perturbed_result_model_2_pred_15_nodropout_perturbed_msa_seed-0_sample-0_model.pdb,5.088334560394287
af3sample2,mia40_perturbed_result_model_2_pred_16_nodropout_perturbed_msa_seed-0_sample-0_model.pdb,5.280948638916016
af3sample2,mia40_perturbed_result_model_2_pred_17_nodropout_perturbed_msa_seed-0_sample-0_model.pdb,5.1297926902771
af3sample2,mia40_perturbed_result_model_2_pred_18_nodropout_perturbed_msa_seed-0_sample-0_model.pdb,5.062530994415283
af3sample2,mia40_perturbed_result_model_2_pred_19_nodropout_perturbed_msa_seed-0_sample-0_model.pdb,5.026306629180908
af3sample2,mia40_perturbed_result_model_2_pred_20_nodropout_perturbed_msa_seed-0_sample-0_model.pdb,5.160510540008545
af3sample2,mia40_perturbed_result_model_2_pred_21_nodropout_perturbed_msa_seed-0_sample-0_model.pdb,5.156711101531982
af3sample2,mia40_perturbed_result_model_2_pred_22_nodropout_perturbed_msa_seed-0_sample-0_model.pdb,5.064291477203369
af3sample2,mia40_perturbed_result_model_2_pred_23_nodropout_perturbed_msa_seed-0_sample-0_model.pdb,5.159321308135986
af3sample2,mia40_perturbed_result_model_2_pred_24_nodropout_perturbed_msa_seed-0_sample-0_model.pdb,5.413131237030029
af3sample2,mia40_perturbed_result_model_2_pred_25_nodropout_perturbed_msa_seed-0_sample-0_model.pdb,5.03271484375
af3sample2,mia40_perturbed_result_model_2_pred_26_nodropout_perturbed_msa_seed-0_sample-0_model.pdb,5.041721343994141
af3sample2,mia40_perturbed_result_model_2_pred_27_nodropout_perturbed_msa_seed-0_sample-0_model.pdb,5.130178928375244
af3sample2,mia40_perturbed_result_model_2_pred_28_nodropout_perturbed_msa_seed-0_sample-0_model.pdb,5.066012859344482
af3sample2,mia40_perturbed_result_model_2_pred_29_nodropout_perturbed_msa_seed-0_sample-0_model.pdb,5.190118312835693
af3sample2,mia40_perturbed_result_model_2_pred_30_nodropout_perturbed_msa_seed-0_sample-0_model.pdb,5.100686073303223
af3sample2,mia40_perturbed_result_model_2_pred_31_nodropout_perturbed_msa_seed-0_sample-0_model.pdb,5.097318172454834
af3sample2,mia40_perturbed_result_model_2_pred_32_nodropout_perturbed_msa_seed-0_sample-0_model.pdb,5.14732837677002
af3sample2,mia40_perturbed_result_model_2_pred_33_nodropout_perturbed_msa_seed-0_sample-0_model.pdb,5.2848286628723145
af3sample2,mia40_perturbed_result_model_2_pred_34_nodropout_perturbed_msa_seed-0_sample-0_model.pdb,5.077824115753174
af3sample2,mia40_perturbed_result_model_2_pred_35_nodropout_perturbed_msa_seed-0_sample-0_model.pdb,5.097331523895264
af3sample2,mia40_perturbed_result_model_2_pred_36_nodropout_perturbed_msa_seed-0_sample-0_model.pdb,5.075694561004639
af3sample2,mia40_perturbed_result_model_2_pred_37_nodropout_perturbed_msa_seed-0_sample-0_model.pdb,5.370538711547852
af3sample2,mia40_perturbed_result_model_2_pred_38_nodropout_perturbed_msa_seed-0_sample-0_model.pdb,5.075319290161133
af3sample2,mia40_perturbed_result_model_2_pred_39_nodropout_perturbed_msa_seed-0_sample-0_model.pdb,5.123135089874268
af3sample2,mia40_perturbed_result_model_2_pred_40_nodropout_perturbed_msa_seed-0_sample-0_model.pdb,5.043311595916748
af3sample2,mia40_perturbed_result_model_2_pred_41_nodropout_perturbed_msa_seed-0_sample-0_model.pdb,5.13077449798584
af3sample2,mia40_perturbed_result_model_2_pred_42_nodropout_perturbed_msa_seed-0_sample-0_model.pdb,5.066465854644775
af3sample2,mia40_perturbed_result_model_2_pred_43_nodropout_perturbed_msa_seed-0_sample-0_model.pdb,5.251196384429932
af3sample2,mia40_perturbed_result_model_2_pred_44_nodropout_perturbed_msa_seed-0_sample-0_model.pdb,5.371797561645508
af3sample2,mia40_perturbed_result_model_2_pred_45_nodropout_perturbed_msa_seed-0_sample-0_model.pdb,5.207249641418457
af3sample2,mia40_perturbed_result_model_2_pred_46_nodropout_perturbed_msa_seed-0_sample-0_model.pdb,5.158565044403076
af3sample2,mia40_perturbed_result_model_2_pred_47_nodropout_perturbed_msa_seed-0_sample-0_model.pdb,5.218234062194824
af3sample2,mia40_perturbed_result_model_2_pred_48_nodropout_perturbed_msa_seed-0_sample-0_model.pdb,5.14631986618042
af3sample2,mia40_perturbed_result_model_2_pred_49_nodropout_perturbed_msa_seed-0_sample-0_model.pdb,5.144155979156494
af3sample2,mia40_perturbed_result_model_2_pred_50_nodropout_perturbed_msa_seed-0_sample-0_model.pdb,5.130287170410156
af3sample2,mia40_perturbed_result_model_2_pred_51_nodropout_perturbed_msa_seed-0_sample-0_model.pdb,5.083870887756348
af3sample2,mia40_perturbed_result_model_2_pred_52_nodropout_perturbed_msa_seed-0_sample-0_model.pdb,5.202849388122559
af3sample2,mia40_perturbed_result_model_2_pred_53_nodropout_perturbed_msa_seed-0_sample-0_model.pdb,5.203017234802246
af3sample2,mia40_perturbed_result_model_2_pred_54_nodropout_perturbed_msa_seed-0_sample-0_model.pdb,5.331279277801514
af3sample2,mia40_perturbed_result_model_2_pred_55_nodropout_perturbed_msa_seed-0_sample-0_model.pdb,5.133591651916504
af3sample2,mia40_perturbed_result_model_2_pred_56_nodropout_perturbed_msa_seed-0_sample-0_model.pdb,5.029633522033691
af3sample2,mia40_perturbed_result_model_2_pred_57_nodropout_perturbed_msa_seed-0_sample-0_model.pdb,5.224503993988037
af3sample2,mia40_perturbed_result_model_2_pred_58_nodropout_perturbed_msa_seed-0_sample-0_model.pdb,5.131147861480713
af3sample2,mia40_perturbed_result_model_2_pred_59_nodropout_perturbed_msa_seed-0_sample-0_model.pdb,5.140503883361816
af3sample2,mia40_perturbed_result_model_2_pred_60_nodropout_perturbed_msa_seed-0_sample-0_model.pdb,5.130881786346436
af3sample2,mia40_perturbed_result_model_2_pred_61_nodropout_perturbed_msa_seed-0_sample-0_model.pdb,5.146237373352051
af3sample2,mia40_perturbed_result_model_2_pred_62_nodropout_perturbed_msa_seed-0_sample-0_model.pdb,5.111661434173584
af3sample2,mia40_perturbed_result_model_2_pred_63_nodropout_perturbed_msa_seed-0_sample-0_model.pdb,5.097984313964844
af3sample2,mia40_perturbed_result_model_2_pred_64_nodropout_perturbed_msa_seed-0_sample-0_model.pdb,5.212769985198975
af3sample2,mia40_perturbed_result_model_2_pred_65_nodropout_perturbed_msa_seed-0_sample-0_model.pdb,5.11522102355957
af3sample2,mia40_perturbed_result_model_2_pred_66_nodropout_perturbed_msa_seed-0_sample-0_model.pdb,5.003308296203613
af3sample2,mia40_perturbed_result_model_2_pred_67_nodropout_perturbed_msa_seed-0_sample-0_model.pdb,5.1070404052734375
af3sample2,mia40_perturbed_result_model_2_pred_68_nodropout_perturbed_msa_seed-0_sample-0_model.pdb,5.119978427886963
af3sample2,mia40_perturbed_result_model_2_pred_69_nodropout_perturbed_msa_seed-0_sample-0_model.pdb,5.172089099884033
af3sample2,mia40_perturbed_result_model_2_pred_70_nodropout_perturbed_msa_seed-0_sample-0_model.pdb,5.115614891052246
af3sample2,mia40_perturbed_result_model_2_pred_71_nodropout_perturbed_msa_seed-0_sample-0_model.pdb,5.037774085998535
af3sample2,mia40_perturbed_result_model_2_pred_72_nodropout_perturbed_msa_seed-0_sample-0_model.pdb,5.176723480224609
af3sample2,mia40_perturbed_result_model_2_pred_73_nodropout_perturbed_msa_seed-0_sample-0_model.pdb,5.100465774536133
af3sample2,mia40_perturbed_result_model_2_pred_74_nodropout_perturbed_msa_seed-0_sample-0_model.pdb,5.135603904724121
af3sample2,mia40_perturbed_result_model_2_pred_75_nodropout_perturbed_msa_seed-0_sample-0_model.pdb,5.198443412780762
af3sample2,mia40_perturbed_result_model_2_pred_76_nodropout_perturbed_msa_seed-0_sample-0_model.pdb,5.05228853225708
af3sample2,mia40_perturbed_result_model_2_pred_77_nodropout_perturbed_msa_seed-0_sample-0_model.pdb,5.090476512908936
af3sample2,mia40_perturbed_result_model_2_pred_78_nodropout_perturbed_msa_seed-0_sample-0_model.pdb,5.024706840515137
af3sample2,mia40_perturbed_result_model_2_pred_79_nodropout_perturbed_msa_seed-0_sample-0_model.pdb,5.217517852783203
af3sample2,mia40_perturbed_result_model_2_pred_80_nodropout_perturbed_msa_seed-0_sample-0_model.pdb,5.117154598236084
af3sample2,mia40_perturbed_result_model_2_pred_81_nodropout_perturbed_msa_seed-0_sample-0_model.pdb,5.076944828033447
af3sample2,mia40_perturbed_result_model_2_pred_82_nodropout_perturbed_msa_seed-0_sample-0_model.pdb,5.106889724731445
af3sample2,mia40_perturbed_result_model_2_pred_83_nodropout_perturbed_msa_seed-0_sample-0_model.pdb,5.172420024871826
af3sample2,mia40_perturbed_result_model_2_pred_84_nodropout_perturbed_msa_seed-0_sample-0_model.pdb,5.02225399017334
af3sample2,mia40_perturbed_result_model_2_pred_85_nodropout_perturbed_msa_seed-0_sample-0_model.pdb,5.181615352630615
af3sample2,mia40_perturbed_result_model_2_pred_86_nodropout_perturbed_msa_seed-0_sample-0_model.pdb,5.09331750869751
af3sample2,mia40_perturbed_result_model_2_pred_87_nodropout_perturbed_msa_seed-0_sample-0_model.pdb,5.093585014343262
af3sample2,mia40_perturbed_result_model_2_pred_88_nodropout_perturbed_msa_seed-0_sample-0_model.pdb,5.007780075073242
af3sample2,mia40_perturbed_result_model_2_pred_89_nodropout_perturbed_msa_seed-0_sample-0_model.pdb,5.088600158691406
af3sample2,mia40_perturbed_result_model_2_pred_90_nodropout_perturbed_msa_seed-0_sample-0_model.pdb,5.018232822418213
af3sample2,mia40_perturbed_result_model_2_pred_91_nodropout_perturbed_msa_seed-0_sample-0_model.pdb,5.186061859130859
af3sample2,mia40_perturbed_result_model_2_pred_92_nodropout_perturbed_msa_seed-0_sample-0_model.pdb,5.206606864929199
af3sample2,mia40_perturbed_result_model_2_pred_93_nodropout_perturbed_msa_seed-0_sample-0_model.pdb,5.151802062988281
af3sample2,mia40_perturbed_result_model_2_pred_94_nodropout_perturbed_msa_seed-0_sample-0_model.pdb,5.174544334411621
af3sample2,mia40_perturbed_result_model_2_pred_95_nodropout_perturbed_msa_seed-0_sample-0_model.pdb,5.150942802429199
af3sample2,mia40_perturbed_result_model_2_pred_96_nodropout_perturbed_msa_seed-0_sample-0_model.pdb,5.202237606048584
af3sample2,mia40_perturbed_result_model_2_pred_97_nodropout_perturbed_msa_seed-0_sample-0_model.pdb,5.164898872375488
af3sample2,mia40_perturbed_result_model_2_pred_98_nodropout_perturbed_msa_seed-0_sample-0_model.pdb,5.118638515472412
af3sample2,mia40_perturbed_result_model_2_pred_99_nodropout_perturbed_msa_seed-0_sample-0_model.pdb,5.14388370513916
af3sample2,mia40_perturbed_result_model_2_pred_100_nodropout_perturbed_msa_seed-0_sample-0_model.pdb,5.099282264709473
af3sample2,mia40_perturbed_result_model_3_pred_1_nodropout_perturbed_msa_seed-0_sample-0_model.pdb,5.099573612213135
af3sample2,mia40_perturbed_result_model_3_pred_2_nodropout_perturbed_msa_seed-0_sample-0_model.pdb,5.144145011901856
af3sample2,mia40_perturbed_result_model_3_pred_3_nodropout_perturbed_msa_seed-0_sample-0_model.pdb,5.059271812438965
af3sample2,mia40_perturbed_result_model_3_pred_4_nodropout_perturbed_msa_seed-0_sample-0_model.pdb,5.153957366943359
af3sample2,mia40_perturbed_result_model_3_pred_5_nodropout_perturbed_msa_seed-0_sample-0_model.pdb,5.232098579406738
af3sample2,mia40_perturbed_result_model_3_pred_6_nodropout_perturbed_msa_seed-0_sample-0_model.pdb,5.135099411010742
af3sample2,mia40_perturbed_result_model_3_pred_7_nodropout_perturbed_msa_seed-0_sample-0_model.pdb,5.07438325881958
af3sample2,mia40_perturbed_result_model_3_pred_8_nodropout_perturbed_msa_seed-0_sample-0_model.pdb,5.353481292724609
af3sample2,mia40_perturbed_result_model_3_pred_9_nodropout_perturbed_msa_seed-0_sample-0_model.pdb,5.3357343673706055
af3sample2,mia40_perturbed_result_model_3_pred_10_nodropout_perturbed_msa_seed-0_sample-0_model.pdb,5.247592926025391
af3sample2,mia40_perturbed_result_model_3_pred_11_nodropout_perturbed_msa_seed-0_sample-0_model.pdb,5.230621814727783
af3sample2,mia40_perturbed_result_model_3_pred_12_nodropout_perturbed_msa_seed-0_sample-0_model.pdb,5.043917179107666
af3sample2,mia40_perturbed_result_model_3_pred_13_nodropout_perturbed_msa_seed-0_sample-0_model.pdb,5.205882549285889
af3sample2,mia40_perturbed_result_model_3_pred_14_nodropout_perturbed_msa_seed-0_sample-0_model.pdb,5.112438678741455
af3sample2,mia40_perturbed_result_model_3_pred_15_nodropout_perturbed_msa_seed-0_sample-0_model.pdb,5.062292098999023
af3sample2,mia40_perturbed_result_model_3_pred_16_nodropout_perturbed_msa_seed-0_sample-0_model.pdb,5.036596775054932
af3sample2,mia40_perturbed_result_model_3_pred_17_nodropout_perturbed_msa_seed-0_sample-0_model.pdb,5.070630073547363
af3sample2,mia40_perturbed_result_model_3_pred_18_nodropout_perturbed_msa_seed-0_sample-0_model.pdb,5.2718706130981445
af3sample2,mia40_perturbed_result_model_3_pred_19_nodropout_perturbed_msa_seed-0_sample-0_model.pdb,5.0596771240234375
af3sample2,mia40_perturbed_result_model_3_pred_20_nodropout_perturbed_msa_seed-0_sample-0_model.pdb,5.154024600982666
af3sample2,mia40_perturbed_result_model_3_pred_21_nodropout_perturbed_msa_seed-0_sample-0_model.pdb,5.158495903015137
af3sample2,mia40_perturbed_result_model_3_pred_22_nodropout_perturbed_msa_seed-0_sample-0_model.pdb,5.112521648406982
af3sample2,mia40_perturbed_result_model_3_pred_23_nodropout_perturbed_msa_seed-0_sample-0_model.pdb,5.096474170684815
af3sample2,mia40_perturbed_result_model_3_pred_24_nodropout_perturbed_msa_seed-0_sample-0_model.pdb,5.114426136016846
af3sample2,mia40_perturbed_result_model_3_pred_25_nodropout_perturbed_msa_seed-0_sample-0_model.pdb,5.167604446411133
af3sample2,mia40_perturbed_result_model_3_pred_26_nodropout_perturbed_msa_seed-0_sample-0_model.pdb,5.139384746551514
af3sample2,mia40_perturbed_result_model_3_pred_27_nodropout_perturbed_msa_seed-0_sample-0_model.pdb,5.088137626647949
af3sample2,mia40_perturbed_result_model_3_pred_28_nodropout_perturbed_msa_seed-0_sample-0_model.pdb,5.146420955657959
af3sample2,mia40_perturbed_result_model_3_pred_29_nodropout_perturbed_msa_seed-0_sample-0_model.pdb,5.0766801834106445
af3sample2,mia40_perturbed_result_model_3_pred_30_nodropout_perturbed_msa_seed-0_sample-0_model.pdb,5.117891311645508
af3sample2,mia40_perturbed_result_model_3_pred_31_nodropout_perturbed_msa_seed-0_sample-0_model.pdb,5.045577049255371
af3sample2,mia40_perturbed_result_model_3_pred_32_nodropout_perturbed_msa_seed-0_sample-0_model.pdb,5.120100975036621
af3sample2,mia40_perturbed_result_model_3_pred_33_nodropout_perturbed_msa_seed-0_sample-0_model.pdb,5.133712291717529
af3sample2,mia40_perturbed_result_model_3_pred_34_nodropout_perturbed_msa_seed-0_sample-0_model.pdb,5.120204448699951
af3sample2,mia40_perturbed_result_model_3_pred_35_nodropout_perturbed_msa_seed-0_sample-0_model.pdb,5.065340042114258
af3sample2,mia40_perturbed_result_model_3_pred_36_nodropout_perturbed_msa_seed-0_sample-0_model.pdb,5.140859603881836
af3sample2,mia40_perturbed_result_model_3_pred_37_nodropout_perturbed_msa_seed-0_sample-0_model.pdb,5.132772445678711
af3sample2,mia40_perturbed_result_model_3_pred_38_nodropout_perturbed_msa_seed-0_sample-0_model.pdb,4.985816478729248
af3sample2,mia40_perturbed_result_model_3_pred_39_nodropout_perturbed_msa_seed-0_sample-0_model.pdb,5.0298752784729
af3sample2,mia40_perturbed_result_model_3_pred_40_nodropout_perturbed_msa_seed-0_sample-0_model.pdb,5.121384143829346
af3sample2,mia40_perturbed_result_model_3_pred_41_nodropout_perturbed_msa_seed-0_sample-0_model.pdb,5.248767375946045
af3sample2,mia40_perturbed_result_model_3_pred_42_nodropout_perturbed_msa_seed-0_sample-0_model.pdb,5.1324543952941895
af3sample2,mia40_perturbed_result_model_3_pred_43_nodropout_perturbed_msa_seed-0_sample-0_model.pdb,5.143676280975342
af3sample2,mia40_perturbed_result_model_3_pred_44_nodropout_perturbed_msa_seed-0_sample-0_model.pdb,5.209846019744873
af3sample2,mia40_perturbed_result_model_3_pred_45_nodropout_perturbed_msa_seed-0_sample-0_model.pdb,5.18918514251709
af3sample2,mia40_perturbed_result_model_3_pred_46_nodropout_perturbed_msa_seed-0_sample-0_model.pdb,5.216336250305176
af3sample2,mia40_perturbed_result_model_3_pred_47_nodropout_perturbed_msa_seed-0_sample-0_model.pdb,5.198036670684815
af3sample2,mia40_perturbed_result_model_3_pred_48_nodropout_perturbed_msa_seed-0_sample-0_model.pdb,5.150291442871094
af3sample2,mia40_perturbed_result_model_3_pred_49_nodropout_perturbed_msa_seed-0_sample-0_model.pdb,4.984599590301514
af3sample2,mia40_perturbed_result_model_3_pred_50_nodropout_perturbed_msa_seed-0_sample-0_model.pdb,5.203155040740967
af3sample2,mia40_perturbed_result_model_3_pred_51_nodropout_perturbed_msa_seed-0_sample-0_model.pdb,5.041097164154053
af3sample2,mia40_perturbed_result_model_3_pred_52_nodropout_perturbed_msa_seed-0_sample-0_model.pdb,5.020887851715088
af3sample2,mia40_perturbed_result_model_3_pred_53_nodropout_perturbed_msa_seed-0_sample-0_model.pdb,5.1851725578308105
af3sample2,mia40_perturbed_result_model_3_pred_54_nodropout_perturbed_msa_seed-0_sample-0_model.pdb,5.015734672546387
af3sample2,mia40_perturbed_result_model_3_pred_55_nodropout_perturbed_msa_seed-0_sample-0_model.pdb,5.1825385093688965
af3sample2,mia40_perturbed_result_model_3_pred_56_nodropout_perturbed_msa_seed-0_sample-0_model.pdb,5.5383830070495605
af3sample2,mia40_perturbed_result_model_3_pred_57_nodropout_perturbed_msa_seed-0_sample-0_model.pdb,5.137424468994141
af3sample2,mia40_perturbed_result_model_3_pred_58_nodropout_perturbed_msa_seed-0_sample-0_model.pdb,5.050511837005615
af3sample2,mia40_perturbed_result_model_3_pred_59_nodropout_perturbed_msa_seed-0_sample-0_model.pdb,5.220656871795654
af3sample2,mia40_perturbed_result_model_3_pred_60_nodropout_perturbed_msa_seed-0_sample-0_model.pdb,5.312695026397705
af3sample2,mia40_perturbed_result_model_3_pred_61_nodropout_perturbed_msa_seed-0_sample-0_model.pdb,5.04115629196167
af3sample2,mia40_perturbed_result_model_3_pred_62_nodropout_perturbed_msa_seed-0_sample-0_model.pdb,5.052260875701904
af3sample2,mia40_perturbed_result_model_3_pred_63_nodropout_perturbed_msa_seed-0_sample-0_model.pdb,5.135198593139648
af3sample2,mia40_perturbed_result_model_3_pred_64_nodropout_perturbed_msa_seed-0_sample-0_model.pdb,5.108218193054199
af3sample2,mia40_perturbed_result_model_3_pred_65_nodropout_perturbed_msa_seed-0_sample-0_model.pdb,5.166783332824707
af3sample2,mia40_perturbed_result_model_3_pred_66_nodropout_perturbed_msa_seed-0_sample-0_model.pdb,5.155102729797363
af3sample2,mia40_perturbed_result_model_3_pred_67_nodropout_perturbed_msa_seed-0_sample-0_model.pdb,5.107425689697266
af3sample2,mia40_perturbed_result_model_3_pred_68_nodropout_perturbed_msa_seed-0_sample-0_model.pdb,5.125521183013916
af3sample2,mia40_perturbed_result_model_3_pred_69_nodropout_perturbed_msa_seed-0_sample-0_model.pdb,4.984769344329834
af3sample2,mia40_perturbed_result_model_3_pred_70_nodropout_perturbed_msa_seed-0_sample-0_model.pdb,5.275940895080566
af3sample2,mia40_perturbed_result_model_3_pred_71_nodropout_perturbed_msa_seed-0_sample-0_model.pdb,5.095505714416504
af3sample2,mia40_perturbed_result_model_3_pred_72_nodropout_perturbed_msa_seed-0_sample-0_model.pdb,5.306748390197754
af3sample2,mia40_perturbed_result_model_3_pred_73_nodropout_perturbed_msa_seed-0_sample-0_model.pdb,5.080676555633545
af3sample2,mia40_perturbed_result_model_3_pred_74_nodropout_perturbed_msa_seed-0_sample-0_model.pdb,5.175520896911621
af3sample2,mia40_perturbed_result_model_3_pred_75_nodropout_perturbed_msa_seed-0_sample-0_model.pdb,5.143620014190674
af3sample2,mia40_perturbed_result_model_3_pred_76_nodropout_perturbed_msa_seed-0_sample-0_model.pdb,5.101060390472412
af3sample2,mia40_perturbed_result_model_3_pred_77_nodropout_perturbed_msa_seed-0_sample-0_model.pdb,5.040921211242676
af3sample2,mia40_perturbed_result_model_3_pred_78_nodropout_perturbed_msa_seed-0_sample-0_model.pdb,5.072957992553711
af3sample2,mia40_perturbed_result_model_3_pred_79_nodropout_perturbed_msa_seed-0_sample-0_model.pdb,5.266127109527588
af3sample2,mia40_perturbed_result_model_3_pred_80_nodropout_perturbed_msa_seed-0_sample-0_model.pdb,5.109130859375
af3sample2,mia40_perturbed_result_model_3_pred_81_nodropout_perturbed_msa_seed-0_sample-0_model.pdb,5.110475540161133
af3sample2,mia40_perturbed_result_model_3_pred_82_nodropout_perturbed_msa_seed-0_sample-0_model.pdb,5.121916770935059
af3sample2,mia40_perturbed_result_model_3_pred_83_nodropout_perturbed_msa_seed-0_sample-0_model.pdb,5.120419502258301
af3sample2,mia40_perturbed_result_model_3_pred_84_nodropout_perturbed_msa_seed-0_sample-0_model.pdb,5.189022064208984
af3sample2,mia40_perturbed_result_model_3_pred_85_nodropout_perturbed_msa_seed-0_sample-0_model.pdb,5.12393856048584
af3sample2,mia40_perturbed_result_model_3_pred_86_nodropout_perturbed_msa_seed-0_sample-0_model.pdb,5.0709004402160645
af3sample2,mia40_perturbed_result_model_3_pred_87_nodropout_perturbed_msa_seed-0_sample-0_model.pdb,5.251931667327881
af3sample2,mia40_perturbed_result_model_3_pred_88_nodropout_perturbed_msa_seed-0_sample-0_model.pdb,10.236310958862305
af3sample2,mia40_perturbed_result_model_3_pred_89_nodropout_perturbed_msa_seed-0_sample-0_model.pdb,5.287382125854492
af3sample2,mia40_perturbed_result_model_3_pred_90_nodropout_perturbed_msa_seed-0_sample-0_model.pdb,5.082149505615234
af3sample2,mia40_perturbed_result_model_3_pred_91_nodropout_perturbed_msa_seed-0_sample-0_model.pdb,5.201272964477539
af3sample2,mia40_perturbed_result_model_3_pred_92_nodropout_perturbed_msa_seed-0_sample-0_model.pdb,5.123706817626953
af3sample2,mia40_perturbed_result_model_3_pred_93_nodropout_perturbed_msa_seed-0_sample-0_model.pdb,5.0531439781188965
af3sample2,mia40_perturbed_result_model_3_pred_94_nodropout_perturbed_msa_seed-0_sample-0_model.pdb,5.16592264175415
af3sample2,mia40_perturbed_result_model_3_pred_95_nodropout_perturbed_msa_seed-0_sample-0_model.pdb,5.128849029541016
af3sample2,mia40_perturbed_result_model_3_pred_96_nodropout_perturbed_msa_seed-0_sample-0_model.pdb,5.191364288330078
af3sample2,mia40_perturbed_result_model_3_pred_97_nodropout_perturbed_msa_seed-0_sample-0_model.pdb,5.205793857574463
af3sample2,mia40_perturbed_result_model_3_pred_98_nodropout_perturbed_msa_seed-0_sample-0_model.pdb,5.205127716064453
af3sample2,mia40_perturbed_result_model_3_pred_99_nodropout_perturbed_msa_seed-0_sample-0_model.pdb,5.086692810058594
af3sample2,mia40_perturbed_result_model_3_pred_100_nodropout_perturbed_msa_seed-0_sample-0_model.pdb,5.028990268707275
af3sample2,mia40_perturbed_result_model_4_pred_1_nodropout_perturbed_msa_seed-0_sample-0_model.pdb,5.529176235198975
af3sample2,mia40_perturbed_result_model_4_pred_2_nodropout_perturbed_msa_seed-0_sample-0_model.pdb,5.133971214294434
af3sample2,mia40_perturbed_result_model_4_pred_3_nodropout_perturbed_msa_seed-0_sample-0_model.pdb,5.038571834564209
af3sample2,mia40_perturbed_result_model_4_pred_4_nodropout_perturbed_msa_seed-0_sample-0_model.pdb,5.212546825408936
af3sample2,mia40_perturbed_result_model_4_pred_5_nodropout_perturbed_msa_seed-0_sample-0_model.pdb,5.08347225189209
af3sample2,mia40_perturbed_result_model_4_pred_6_nodropout_perturbed_msa_seed-0_sample-0_model.pdb,5.105602741241455
af3sample2,mia40_perturbed_result_model_4_pred_7_nodropout_perturbed_msa_seed-0_sample-0_model.pdb,5.223372459411621
af3sample2,mia40_perturbed_result_model_4_pred_8_nodropout_perturbed_msa_seed-0_sample-0_model.pdb,5.089926719665527
af3sample2,mia40_perturbed_result_model_4_pred_9_nodropout_perturbed_msa_seed-0_sample-0_model.pdb,5.315902233123779
af3sample2,mia40_perturbed_result_model_4_pred_10_nodropout_perturbed_msa_seed-0_sample-0_model.pdb,5.12938928604126
af3sample2,mia40_perturbed_result_model_4_pred_11_nodropout_perturbed_msa_seed-0_sample-0_model.pdb,5.272954940795898
af3sample2,mia40_perturbed_result_model_4_pred_12_nodropout_perturbed_msa_seed-0_sample-0_model.pdb,5.047558784484863
af3sample2,mia40_perturbed_result_model_4_pred_13_nodropout_perturbed_msa_seed-0_sample-0_model.pdb,5.243506908416748
af3sample2,mia40_perturbed_result_model_4_pred_14_nodropout_perturbed_msa_seed-0_sample-0_model.pdb,5.230562686920166
af3sample2,mia40_perturbed_result_model_4_pred_15_nodropout_perturbed_msa_seed-0_sample-0_model.pdb,5.2401933670043945
af3sample2,mia40_perturbed_result_model_4_pred_16_nodropout_perturbed_msa_seed-0_sample-0_model.pdb,5.2909979820251465
af3sample2,mia40_perturbed_result_model_4_pred_17_nodropout_perturbed_msa_seed-0_sample-0_model.pdb,5.046399116516113
af3sample2,mia40_perturbed_result_model_4_pred_18_nodropout_perturbed_msa_seed-0_sample-0_model.pdb,5.1087846755981445
af3sample2,mia40_perturbed_result_model_4_pred_19_nodropout_perturbed_msa_seed-0_sample-0_model.pdb,5.171992778778076
af3sample2,mia40_perturbed_result_model_4_pred_20_nodropout_perturbed_msa_seed-0_sample-0_model.pdb,5.077432632446289
af3sample2,mia40_perturbed_result_model_4_pred_21_nodropout_perturbed_msa_seed-0_sample-0_model.pdb,5.096936225891113
af3sample2,mia40_perturbed_result_model_4_pred_22_nodropout_perturbed_msa_seed-0_sample-0_model.pdb,5.025134563446045
af3sample2,mia40_perturbed_result_model_4_pred_23_nodropout_perturbed_msa_seed-0_sample-0_model.pdb,5.236633777618408
af3sample2,mia40_perturbed_result_model_4_pred_24_nodropout_perturbed_msa_seed-0_sample-0_model.pdb,5.192833423614502
af3sample2,mia40_perturbed_result_model_4_pred_25_nodropout_perturbed_msa_seed-0_sample-0_model.pdb,5.148706912994385
af3sample2,mia40_perturbed_result_model_4_pred_26_nodropout_perturbed_msa_seed-0_sample-0_model.pdb,5.10317325592041
af3sample2,mia40_perturbed_result_model_4_pred_27_nodropout_perturbed_msa_seed-0_sample-0_model.pdb,5.056666374206543
af3sample2,mia40_perturbed_result_model_4_pred_28_nodropout_perturbed_msa_seed-0_sample-0_model.pdb,5.17146635055542
af3sample2,mia40_perturbed_result_model_4_pred_29_nodropout_perturbed_msa_seed-0_sample-0_model.pdb,5.092916965484619
af3sample2,mia40_perturbed_result_model_4_pred_30_nodropout_perturbed_msa_seed-0_sample-0_model.pdb,5.162030220031738
af3sample2,mia40_perturbed_result_model_4_pred_31_nodropout_perturbed_msa_seed-0_sample-0_model.pdb,5.166745662689209
af3sample2,mia40_perturbed_result_model_4_pred_32_nodropout_perturbed_msa_seed-0_sample-0_model.pdb,5.19726037979126
af3sample2,mia40_perturbed_result_model_4_pred_33_nodropout_perturbed_msa_seed-0_sample-0_model.pdb,5.141933917999268
af3sample2,mia40_perturbed_result_model_4_pred_35_nodropout_perturbed_msa_seed-0_sample-0_model.pdb,5.155368804931641
af3sample2,mia40_perturbed_result_model_4_pred_36_nodropout_perturbed_msa_seed-0_sample-0_model.pdb,5.162214279174805
af3sample2,mia40_perturbed_result_model_4_pred_37_nodropout_perturbed_msa_seed-0_sample-0_model.pdb,5.001791000366211
af3sample2,mia40_perturbed_result_model_4_pred_38_nodropout_perturbed_msa_seed-0_sample-0_model.pdb,5.120010852813721
af3sample2,mia40_perturbed_result_model_4_pred_39_nodropout_perturbed_msa_seed-0_sample-0_model.pdb,5.117152690887451
af3sample2,mia40_perturbed_result_model_4_pred_40_nodropout_perturbed_msa_seed-0_sample-0_model.pdb,5.075377464294434
af3sample2,mia40_perturbed_result_model_4_pred_41_nodropout_perturbed_msa_seed-0_sample-0_model.pdb,5.123771667480469
af3sample2,mia40_perturbed_result_model_4_pred_42_nodropout_perturbed_msa_seed-0_sample-0_model.pdb,5.19952917098999
af3sample2,mia40_perturbed_result_model_4_pred_43_nodropout_perturbed_msa_seed-0_sample-0_model.pdb,5.151363849639893
af3sample2,mia40_perturbed_result_model_4_pred_44_nodropout_perturbed_msa_seed-0_sample-0_model.pdb,5.055633068084717
af3sample2,mia40_perturbed_result_model_4_pred_45_nodropout_perturbed_msa_seed-0_sample-0_model.pdb,4.982227802276611
af3sample2,mia40_perturbed_result_model_4_pred_46_nodropout_perturbed_msa_seed-0_sample-0_model.pdb,5.211284637451172
af3sample2,mia40_perturbed_result_model_4_pred_47_nodropout_perturbed_msa_seed-0_sample-0_model.pdb,5.220513820648193
af3sample2,mia40_perturbed_result_model_4_pred_48_nodropout_perturbed_msa_seed-0_sample-0_model.pdb,5.130865573883057
af3sample2,mia40_perturbed_result_model_4_pred_49_nodropout_perturbed_msa_seed-0_sample-0_model.pdb,5.087782382965088
af3sample2,mia40_perturbed_result_model_4_pred_50_nodropout_perturbed_msa_seed-0_sample-0_model.pdb,5.1326189041137695
af3sample2,mia40_perturbed_result_model_4_pred_51_nodropout_perturbed_msa_seed-0_sample-0_model.pdb,5.062558174133301
af3sample2,mia40_perturbed_result_model_4_pred_52_nodropout_perturbed_msa_seed-0_sample-0_model.pdb,5.3141021728515625
af3sample2,mia40_perturbed_result_model_4_pred_53_nodropout_perturbed_msa_seed-0_sample-0_model.pdb,5.178864479064941
af3sample2,mia40_perturbed_result_model_4_pred_54_nodropout_perturbed_msa_seed-0_sample-0_model.pdb,5.132754802703857
af3sample2,mia40_perturbed_result_model_4_pred_55_nodropout_perturbed_msa_seed-0_sample-0_model.pdb,5.188065052032471
af3sample2,mia40_perturbed_result_model_4_pred_56_nodropout_perturbed_msa_seed-0_sample-0_model.pdb,5.061328887939453
af3sample2,mia40_perturbed_result_model_4_pred_57_nodropout_perturbed_msa_seed-0_sample-0_model.pdb,5.136172771453857
af3sample2,mia40_perturbed_result_model_4_pred_58_nodropout_perturbed_msa_seed-0_sample-0_model.pdb,5.129522323608398
af3sample2,mia40_perturbed_result_model_4_pred_59_nodropout_perturbed_msa_seed-0_sample-0_model.pdb,5.06390380859375
af3sample2,mia40_perturbed_result_model_4_pred_60_nodropout_perturbed_msa_seed-0_sample-0_model.pdb,5.172272205352783
af3sample2,mia40_perturbed_result_model_4_pred_61_nodropout_perturbed_msa_seed-0_sample-0_model.pdb,5.25845193862915
af3sample2,mia40_perturbed_result_model_4_pred_62_nodropout_perturbed_msa_seed-0_sample-0_model.pdb,5.133484363555908
af3sample2,mia40_perturbed_result_model_4_pred_63_nodropout_perturbed_msa_seed-0_sample-0_model.pdb,5.023899078369141
af3sample2,mia40_perturbed_result_model_4_pred_64_nodropout_perturbed_msa_seed-0_sample-0_model.pdb,5.123759746551514
af3sample2,mia40_perturbed_result_model_4_pred_65_nodropout_perturbed_msa_seed-0_sample-0_model.pdb,5.1315999031066895
af3sample2,mia40_perturbed_result_model_4_pred_66_nodropout_perturbed_msa_seed-0_sample-0_model.pdb,5.083522319793701
af3sample2,mia40_perturbed_result_model_4_pred_67_nodropout_perturbed_msa_seed-0_sample-0_model.pdb,5.149567604064941
af3sample2,mia40_perturbed_result_model_4_pred_68_nodropout_perturbed_msa_seed-0_sample-0_model.pdb,5.117669582366943
af3sample2,mia40_perturbed_result_model_4_pred_69_nodropout_perturbed_msa_seed-0_sample-0_model.pdb,5.096187591552734
af3sample2,mia40_perturbed_result_model_4_pred_70_nodropout_perturbed_msa_seed-0_sample-0_model.pdb,5.301516056060791
af3sample2,mia40_perturbed_result_model_4_pred_71_nodropout_perturbed_msa_seed-0_sample-0_model.pdb,5.129000663757324
af3sample2,mia40_perturbed_result_model_4_pred_72_nodropout_perturbed_msa_seed-0_sample-0_model.pdb,5.136231899261475
af3sample2,mia40_perturbed_result_model_4_pred_73_nodropout_perturbed_msa_seed-0_sample-0_model.pdb,5.338057518005371
af3sample2,mia40_perturbed_result_model_4_pred_74_nodropout_perturbed_msa_seed-0_sample-0_model.pdb,5.178066253662109
af3sample2,mia40_perturbed_result_model_4_pred_75_nodropout_perturbed_msa_seed-0_sample-0_model.pdb,5.295787334442139
af3sample2,mia40_perturbed_result_model_4_pred_76_nodropout_perturbed_msa_seed-0_sample-0_model.pdb,5.096778392791748
af3sample2,mia40_perturbed_result_model_4_pred_77_nodropout_perturbed_msa_seed-0_sample-0_model.pdb,5.1564621925354
af3sample2,mia40_perturbed_result_model_4_pred_78_nodropout_perturbed_msa_seed-0_sample-0_model.pdb,5.175142765045166
af3sample2,mia40_perturbed_result_model_4_pred_79_nodropout_perturbed_msa_seed-0_sample-0_model.pdb,4.998517990112305
af3sample2,mia40_perturbed_result_model_4_pred_80_nodropout_perturbed_msa_seed-0_sample-0_model.pdb,4.9134521484375
af3sample2,mia40_perturbed_result_model_4_pred_81_nodropout_perturbed_msa_seed-0_sample-0_model.pdb,5.11070442199707
af3sample2,mia40_perturbed_result_model_4_pred_82_nodropout_perturbed_msa_seed-0_sample-0_model.pdb,5.129260540008545
af3sample2,mia40_perturbed_result_model_4_pred_83_nodropout_perturbed_msa_seed-0_sample-0_model.pdb,5.197692394256592
af3sample2,mia40_perturbed_result_model_4_pred_84_nodropout_perturbed_msa_seed-0_sample-0_model.pdb,5.091782569885254
af3sample2,mia40_perturbed_result_model_4_pred_85_nodropout_perturbed_msa_seed-0_sample-0_model.pdb,5.154509544372559
af3sample2,mia40_perturbed_result_model_4_pred_86_nodropout_perturbed_msa_seed-0_sample-0_model.pdb,5.120294094085693
af3sample2,mia40_perturbed_result_model_4_pred_87_nodropout_perturbed_msa_seed-0_sample-0_model.pdb,5.039673805236816
af3sample2,mia40_perturbed_result_model_4_pred_88_nodropout_perturbed_msa_seed-0_sample-0_model.pdb,5.116400241851807
af3sample2,mia40_perturbed_result_model_4_pred_89_nodropout_perturbed_msa_seed-0_sample-0_model.pdb,5.175290584564209
af3sample2,mia40_perturbed_result_model_4_pred_90_nodropout_perturbed_msa_seed-0_sample-0_model.pdb,5.162212371826172
af3sample2,mia40_perturbed_result_model_4_pred_91_nodropout_perturbed_msa_seed-0_sample-0_model.pdb,5.185936450958252
af3sample2,mia40_perturbed_result_model_4_pred_92_nodropout_perturbed_msa_seed-0_sample-0_model.pdb,5.128967761993408
af3sample2,mia40_perturbed_result_model_4_pred_93_nodropout_perturbed_msa_seed-0_sample-0_model.pdb,5.334047794342041
af3sample2,mia40_perturbed_result_model_4_pred_94_nodropout_perturbed_msa_seed-0_sample-0_model.pdb,5.038808345794678
af3sample2,mia40_perturbed_result_model_4_pred_95_nodropout_perturbed_msa_seed-0_sample-0_model.pdb,5.100443840026856
af3sample2,mia40_perturbed_result_model_4_pred_96_nodropout_perturbed_msa_seed-0_sample-0_model.pdb,5.094859600067139
af3sample2,mia40_perturbed_result_model_4_pred_97_nodropout_perturbed_msa_seed-0_sample-0_model.pdb,5.108516216278076
af3sample2,mia40_perturbed_result_model_4_pred_98_nodropout_perturbed_msa_seed-0_sample-0_model.pdb,5.10648775100708
af3sample2,mia40_perturbed_result_model_4_pred_99_nodropout_perturbed_msa_seed-0_sample-0_model.pdb,5.080979347229004
af3sample2,mia40_perturbed_result_model_4_pred_100_nodropout_perturbed_msa_seed-0_sample-0_model.pdb,5.144180774688721
af3sample2,mia40_perturbed_result_model_5_pred_1_nodropout_perturbed_msa_seed-0_sample-0_model.pdb,5.116727828979492
af3sample2,mia40_perturbed_result_model_5_pred_2_nodropout_perturbed_msa_seed-0_sample-0_model.pdb,5.152848243713379
af3sample2,mia40_perturbed_result_model_5_pred_3_nodropout_perturbed_msa_seed-0_sample-0_model.pdb,5.004930019378662
af3sample2,mia40_perturbed_result_model_5_pred_4_nodropout_perturbed_msa_seed-0_sample-0_model.pdb,5.089652061462402
af3sample2,mia40_perturbed_result_model_5_pred_5_nodropout_perturbed_msa_seed-0_sample-0_model.pdb,5.004544258117676
af3sample2,mia40_perturbed_result_model_5_pred_6_nodropout_perturbed_msa_seed-0_sample-0_model.pdb,5.073547840118408
af3sample2,mia40_perturbed_result_model_5_pred_7_nodropout_perturbed_msa_seed-0_sample-0_model.pdb,5.092351913452148
af3sample2,mia40_perturbed_result_model_5_pred_8_nodropout_perturbed_msa_seed-0_sample-0_model.pdb,5.120829582214356
af3sample2,mia40_perturbed_result_model_5_pred_9_nodropout_perturbed_msa_seed-0_sample-0_model.pdb,5.056840896606445
af3sample2,mia40_perturbed_result_model_5_pred_10_nodropout_perturbed_msa_seed-0_sample-0_model.pdb,5.150966167449951
af3sample2,mia40_perturbed_result_model_5_pred_11_nodropout_perturbed_msa_seed-0_sample-0_model.pdb,5.120807647705078
af3sample2,mia40_perturbed_result_model_5_pred_12_nodropout_perturbed_msa_seed-0_sample-0_model.pdb,5.133162021636963
af3sample2,mia40_perturbed_result_model_5_pred_13_nodropout_perturbed_msa_seed-0_sample-0_model.pdb,5.219851970672607
af3sample2,mia40_perturbed_result_model_5_pred_14_nodropout_perturbed_msa_seed-0_sample-0_model.pdb,5.152469635009766
af3sample2,mia40_perturbed_result_model_5_pred_15_nodropout_perturbed_msa_seed-0_sample-0_model.pdb,5.139682769775391
af3sample2,mia40_perturbed_result_model_5_pred_16_nodropout_perturbed_msa_seed-0_sample-0_model.pdb,5.2163615226745605
af3sample2,mia40_perturbed_result_model_5_pred_17_nodropout_perturbed_msa_seed-0_sample-0_model.pdb,5.09038782119751
af3sample2,mia40_perturbed_result_model_5_pred_18_nodropout_perturbed_msa_seed-0_sample-0_model.pdb,5.159753322601318
af3sample2,mia40_perturbed_result_model_5_pred_19_nodropout_perturbed_msa_seed-0_sample-0_model.pdb,5.159772872924805
af3sample2,mia40_perturbed_result_model_5_pred_20_nodropout_perturbed_msa_seed-0_sample-0_model.pdb,5.051389694213867
af3sample2,mia40_perturbed_result_model_5_pred_21_nodropout_perturbed_msa_seed-0_sample-0_model.pdb,5.107833862304688
af3sample2,mia40_perturbed_result_model_5_pred_22_nodropout_perturbed_msa_seed-0_sample-0_model.pdb,5.107200622558594
af3sample2,mia40_perturbed_result_model_5_pred_23_nodropout_perturbed_msa_seed-0_sample-0_model.pdb,5.052906036376953
af3sample2,mia40_perturbed_result_model_5_pred_24_nodropout_perturbed_msa_seed-0_sample-0_model.pdb,5.212850570678711
af3sample2,mia40_perturbed_result_model_5_pred_25_nodropout_perturbed_msa_seed-0_sample-0_model.pdb,5.098618984222412
af3sample2,mia40_perturbed_result_model_5_pred_26_nodropout_perturbed_msa_seed-0_sample-0_model.pdb,5.110680103302002
af3sample2,mia40_perturbed_result_model_5_pred_27_nodropout_perturbed_msa_seed-0_sample-0_model.pdb,5.090095520019531
af3sample2,mia40_perturbed_result_model_5_pred_28_nodropout_perturbed_msa_seed-0_sample-0_model.pdb,5.121692180633545
af3sample2,mia40_perturbed_result_model_5_pred_29_nodropout_perturbed_msa_seed-0_sample-0_model.pdb,5.099057197570801
af3sample2,mia40_perturbed_result_model_5_pred_30_nodropout_perturbed_msa_seed-0_sample-0_model.pdb,5.149847984313965
af3sample2,mia40_perturbed_result_model_5_pred_31_nodropout_perturbed_msa_seed-0_sample-0_model.pdb,4.966283798217773
af3sample2,mia40_perturbed_result_model_5_pred_32_nodropout_perturbed_msa_seed-0_sample-0_model.pdb,5.023007869720459
af3sample2,mia40_perturbed_result_model_5_pred_33_nodropout_perturbed_msa_seed-0_sample-0_model.pdb,5.101897716522217
af3sample2,mia40_perturbed_result_model_5_pred_34_nodropout_perturbed_msa_seed-0_sample-0_model.pdb,5.246888637542725
af3sample2,mia40_perturbed_result_model_5_pred_35_nodropout_perturbed_msa_seed-0_sample-0_model.pdb,5.186237335205078
af3sample2,mia40_perturbed_result_model_5_pred_36_nodropout_perturbed_msa_seed-0_sample-0_model.pdb,5.107295513153076
af3sample2,mia40_perturbed_result_model_5_pred_37_nodropout_perturbed_msa_seed-0_sample-0_model.pdb,5.219450950622559
af3sample2,mia40_perturbed_result_model_5_pred_38_nodropout_perturbed_msa_seed-0_sample-0_model.pdb,5.191462516784668
af3sample2,mia40_perturbed_result_model_5_pred_39_nodropout_perturbed_msa_seed-0_sample-0_model.pdb,5.164154052734375
af3sample2,mia40_perturbed_result_model_5_pred_40_nodropout_perturbed_msa_seed-0_sample-0_model.pdb,5.124203681945801
af3sample2,mia40_perturbed_result_model_5_pred_41_nodropout_perturbed_msa_seed-0_sample-0_model.pdb,5.32456111907959
af3sample2,mia40_perturbed_result_model_5_pred_42_nodropout_perturbed_msa_seed-0_sample-0_model.pdb,5.10117769241333
af3sample2,mia40_perturbed_result_model_5_pred_43_nodropout_perturbed_msa_seed-0_sample-0_model.pdb,5.118424892425537
af3sample2,mia40_perturbed_result_model_5_pred_44_nodropout_perturbed_msa_seed-0_sample-0_model.pdb,5.080492973327637
af3sample2,mia40_perturbed_result_model_5_pred_45_nodropout_perturbed_msa_seed-0_sample-0_model.pdb,5.218897342681885
af3sample2,mia40_perturbed_result_model_5_pred_46_nodropout_perturbed_msa_seed-0_sample-0_model.pdb,5.11046314239502
af3sample2,mia40_perturbed_result_model_5_pred_47_nodropout_perturbed_msa_seed-0_sample-0_model.pdb,5.139919757843018
af3sample2,mia40_perturbed_result_model_5_pred_48_nodropout_perturbed_msa_seed-0_sample-0_model.pdb,5.075570583343506
af3sample2,mia40_perturbed_result_model_5_pred_49_nodropout_perturbed_msa_seed-0_sample-0_model.pdb,5.112765312194824
af3sample2,mia40_perturbed_result_model_5_pred_50_nodropout_perturbed_msa_seed-0_sample-0_model.pdb,5.129586696624756
af3sample2,mia40_perturbed_result_model_5_pred_51_nodropout_perturbed_msa_seed-0_sample-0_model.pdb,5.063864707946777
af3sample2,mia40_perturbed_result_model_5_pred_52_nodropout_perturbed_msa_seed-0_sample-0_model.pdb,5.2295427322387695
af3sample2,mia40_perturbed_result_model_5_pred_53_nodropout_perturbed_msa_seed-0_sample-0_model.pdb,5.036679744720459
af3sample2,mia40_perturbed_result_model_5_pred_54_nodropout_perturbed_msa_seed-0_sample-0_model.pdb,5.115354537963867
af3sample2,mia40_perturbed_result_model_5_pred_55_nodropout_perturbed_msa_seed-0_sample-0_model.pdb,5.172112941741943
af3sample2,mia40_perturbed_result_model_5_pred_56_nodropout_perturbed_msa_seed-0_sample-0_model.pdb,5.131668567657471
af3sample2,mia40_perturbed_result_model_5_pred_57_nodropout_perturbed_msa_seed-0_sample-0_model.pdb,5.048664569854736
af3sample2,mia40_perturbed_result_model_5_pred_58_nodropout_perturbed_msa_seed-0_sample-0_model.pdb,5.148323059082031
af3sample2,mia40_perturbed_result_model_5_pred_59_nodropout_perturbed_msa_seed-0_sample-0_model.pdb,5.201826095581055
af3sample2,mia40_perturbed_result_model_5_pred_60_nodropout_perturbed_msa_seed-0_sample-0_model.pdb,5.197268962860107
af3sample2,mia40_perturbed_result_model_5_pred_61_nodropout_perturbed_msa_seed-0_sample-0_model.pdb,5.150276184082031
af3sample2,mia40_perturbed_result_model_5_pred_62_nodropout_perturbed_msa_seed-0_sample-0_model.pdb,5.1657233238220215
af3sample2,mia40_perturbed_result_model_5_pred_63_nodropout_perturbed_msa_seed-0_sample-0_model.pdb,5.199868679046631
af3sample2,mia40_perturbed_result_model_5_pred_64_nodropout_perturbed_msa_seed-0_sample-0_model.pdb,5.21929407119751
af3sample2,mia40_perturbed_result_model_5_pred_65_nodropout_perturbed_msa_seed-0_sample-0_model.pdb,5.20311450958252
af3sample2,mia40_perturbed_result_model_5_pred_66_nodropout_perturbed_msa_seed-0_sample-0_model.pdb,5.093055725097656
af3sample2,mia40_perturbed_result_model_5_pred_67_nodropout_perturbed_msa_seed-0_sample-0_model.pdb,5.117774963378906
af3sample2,mia40_perturbed_result_model_5_pred_68_nodropout_perturbed_msa_seed-0_sample-0_model.pdb,5.125919342041016
af3sample2,mia40_perturbed_result_model_5_pred_69_nodropout_perturbed_msa_seed-0_sample-0_model.pdb,5.207845211029053
af3sample2,mia40_perturbed_result_model_5_pred_70_nodropout_perturbed_msa_seed-0_sample-0_model.pdb,5.2019572257995605
af3sample2,mia40_perturbed_result_model_5_pred_71_nodropout_perturbed_msa_seed-0_sample-0_model.pdb,5.09505033493042
af3sample2,mia40_perturbed_result_model_5_pred_72_nodropout_perturbed_msa_seed-0_sample-0_model.pdb,4.958905220031738
af3sample2,mia40_perturbed_result_model_5_pred_73_nodropout_perturbed_msa_seed-0_sample-0_model.pdb,5.132748126983643
af3sample2,mia40_perturbed_result_model_5_pred_74_nodropout_perturbed_msa_seed-0_sample-0_model.pdb,5.120434761047363
af3sample2,mia40_perturbed_result_model_5_pred_75_nodropout_perturbed_msa_seed-0_sample-0_model.pdb,5.130100250244141
af3sample2,mia40_perturbed_result_model_5_pred_76_nodropout_perturbed_msa_seed-0_sample-0_model.pdb,5.038075923919678
af3sample2,mia40_perturbed_result_model_5_pred_77_nodropout_perturbed_msa_seed-0_sample-0_model.pdb,5.035266399383545
af3sample2,mia40_perturbed_result_model_5_pred_78_nodropout_perturbed_msa_seed-0_sample-0_model.pdb,5.106767177581787
af3sample2,mia40_perturbed_result_model_5_pred_79_nodropout_perturbed_msa_seed-0_sample-0_model.pdb,5.1251983642578125
af3sample2,mia40_perturbed_result_model_5_pred_80_nodropout_perturbed_msa_seed-0_sample-0_model.pdb,5.108770370483398
af3sample2,mia40_perturbed_result_model_5_pred_81_nodropout_perturbed_msa_seed-0_sample-0_model.pdb,5.175838947296143
af3sample2,mia40_perturbed_result_model_5_pred_82_nodropout_perturbed_msa_seed-0_sample-0_model.pdb,5.064239501953125
af3sample2,mia40_perturbed_result_model_5_pred_83_nodropout_perturbed_msa_seed-0_sample-0_model.pdb,5.202434539794922
af3sample2,mia40_perturbed_result_model_5_pred_84_nodropout_perturbed_msa_seed-0_sample-0_model.pdb,5.097133636474609
af3sample2,mia40_perturbed_result_model_5_pred_85_nodropout_perturbed_msa_seed-0_sample-0_model.pdb,5.075986862182617
af3sample2,mia40_perturbed_result_model_5_pred_86_nodropout_perturbed_msa_seed-0_sample-0_model.pdb,5.045069217681885
af3sample2,mia40_perturbed_result_model_5_pred_87_nodropout_perturbed_msa_seed-0_sample-0_model.pdb,5.128798961639404
af3sample2,mia40_perturbed_result_model_5_pred_88_nodropout_perturbed_msa_seed-0_sample-0_model.pdb,5.187268733978272
af3sample2,mia40_perturbed_result_model_5_pred_89_nodropout_perturbed_msa_seed-0_sample-0_model.pdb,5.182229518890381
af3sample2,mia40_perturbed_result_model_5_pred_90_nodropout_perturbed_msa_seed-0_sample-0_model.pdb,5.093092918395996
af3sample2,mia40_perturbed_result_model_5_pred_91_nodropout_perturbed_msa_seed-0_sample-0_model.pdb,5.2058820724487305
af3sample2,mia40_perturbed_result_model_5_pred_92_nodropout_perturbed_msa_seed-0_sample-0_model.pdb,5.136070728302002
af3sample2,mia40_perturbed_result_model_5_pred_93_nodropout_perturbed_msa_seed-0_sample-0_model.pdb,5.3894572257995605
af3sample2,mia40_perturbed_result_model_5_pred_94_nodropout_perturbed_msa_seed-0_sample-0_model.pdb,5.0632500648498535
af3sample2,mia40_perturbed_result_model_5_pred_95_nodropout_perturbed_msa_seed-0_sample-0_model.pdb,5.197683811187744
af3sample2,mia40_perturbed_result_model_5_pred_96_nodropout_perturbed_msa_seed-0_sample-0_model.pdb,5.168739318847656
af3sample2,mia40_perturbed_result_model_5_pred_97_nodropout_perturbed_msa_seed-0_sample-0_model.pdb,5.165103912353516
af3sample2,mia40_perturbed_result_model_5_pred_98_nodropout_perturbed_msa_seed-0_sample-0_model.pdb,5.175695419311523
af3sample2,mia40_perturbed_result_model_5_pred_99_nodropout_perturbed_msa_seed-0_sample-0_model.pdb,5.158183097839356
af3sample2,mia40_perturbed_result_model_5_pred_100_nodropout_perturbed_msa_seed-0_sample-0_model.pdb,5.136070728302002
afsample2,unrelaxed_model_1_pred_1_rand0.15_nodropout.pdb,0.0
afsample2,unrelaxed_model_1_pred_2_rand0.15_nodropout.pdb,5.446687698364258
afsample2,unrelaxed_model_1_pred_3_rand0.15_nodropout.pdb,5.557715892791748
afsample2,unrelaxed_model_1_pred_4_rand0.15_nodropout.pdb,5.460997581481934
afsample2,unrelaxed_model_1_pred_5_rand0.15_nodropout.pdb,5.768871784210205
afsample2,unrelaxed_model_1_pred_6_rand0.15_nodropout.pdb,5.583603382110596
afsample2,unrelaxed_model_1_pred_7_rand0.15_nodropout.pdb,5.507504463195801
afsample2,unrelaxed_model_1_pred_8_rand0.15_nodropout.pdb,5.3995890617370605
afsample2,unrelaxed_model_1_pred_9_rand0.15_nodropout.pdb,5.491757392883301
afsample2,unrelaxed_model_1_pred_10_rand0.15_nodropout.pdb,5.750185489654541
afsample2,unrelaxed_model_1_pred_11_rand0.15_nodropout.pdb,6.635875225067139
afsample2,unrelaxed_model_1_pred_12_rand0.15_nodropout.pdb,5.430123805999756
afsample2,unrelaxed_model_1_pred_13_rand0.15_nodropout.pdb,5.678130626678467
afsample2,unrelaxed_model_1_pred_14_rand0.15_nodropout.pdb,5.349769115447998
afsample2,unrelaxed_model_1_pred_15_rand0.15_nodropout.pdb,5.555634021759033
afsample2,unrelaxed_model_1_pred_16_rand0.15_nodropout.pdb,10.403969764709473
afsample2,unrelaxed_model_1_pred_17_rand0.15_nodropout.pdb,5.41274356842041
afsample2,unrelaxed_model_1_pred_18_rand0.15_nodropout.pdb,5.541019439697266
afsample2,unrelaxed_model_1_pred_19_rand0.15_nodropout.pdb,5.244671821594238
afsample2,unrelaxed_model_1_pred_20_rand0.15_nodropout.pdb,5.608715057373047
afsample2,unrelaxed_model_1_pred_21_rand0.15_nodropout.pdb,11.049942016601562
afsample2,unrelaxed_model_1_pred_22_rand0.15_nodropout.pdb,5.338557720184326
afsample2,unrelaxed_model_1_pred_23_rand0.15_nodropout.pdb,5.311983585357666
afsample2,unrelaxed_model_1_pred_24_rand0.15_nodropout.pdb,5.380146503448486
afsample2,unrelaxed_model_1_pred_25_rand0.15_nodropout.pdb,5.588366985321045
afsample2,unrelaxed_model_1_pred_26_rand0.15_nodropout.pdb,5.355567455291748
afsample2,unrelaxed_model_1_pred_27_rand0.15_nodropout.pdb,5.487278938293457
afsample2,unrelaxed_model_1_pred_28_rand0.15_nodropout.pdb,5.449606895446777
afsample2,unrelaxed_model_1_pred_29_rand0.15_nodropout.pdb,5.482257843017578
afsample2,unrelaxed_model_1_pred_30_rand0.15_nodropout.pdb,5.467200756072998
afsample2,unrelaxed_model_1_pred_31_rand0.15_nodropout.pdb,5.4863996505737305
afsample2,unrelaxed_model_1_pred_32_rand0.15_nodropout.pdb,5.475651264190674
afsample2,unrelaxed_model_1_pred_33_rand0.15_nodropout.pdb,5.811601638793945
afsample2,unrelaxed_model_1_pred_34_rand0.15_nodropout.pdb,5.347126007080078
afsample2,unrelaxed_model_1_pred_35_rand0.15_nodropout.pdb,5.338427543640137
afsample2,unrelaxed_model_1_pred_36_rand0.15_nodropout.pdb,5.356469631195068
afsample2,unrelaxed_model_1_pred_37_rand0.15_nodropout.pdb,5.793606281280518
afsample2,unrelaxed_model_1_pred_38_rand0.15_nodropout.pdb,5.867782115936279
afsample2,unrelaxed_model_1_pred_39_rand0.15_nodropout.pdb,5.361669540405273
afsample2,unrelaxed_model_1_pred_40_rand0.15_nodropout.pdb,5.569260120391846
afsample2,unrelaxed_model_1_pred_41_rand0.15_nodropout.pdb,5.783474445343018
afsample2,unrelaxed_model_1_pred_42_rand0.15_nodropout.pdb,5.667657375335693
afsample2,unrelaxed_model_1_pred_43_rand0.15_nodropout.pdb,5.776103496551514
afsample2,unrelaxed_model_1_pred_44_rand0.15_nodropout.pdb,5.644010543823242
afsample2,unrelaxed_model_1_pred_45_rand0.15_nodropout.pdb,5.609577178955078
afsample2,unrelaxed_model_1_pred_46_rand0.15_nodropout.pdb,5.628138542175293
afsample2,unrelaxed_model_1_pred_47_rand0.15_nodropout.pdb,5.580230236053467
afsample2,unrelaxed_model_1_pred_48_rand0.15_nodropout.pdb,5.214592933654785
afsample2,unrelaxed_model_1_pred_49_rand0.15_nodropout.pdb,5.372913837432861
afsample2,unrelaxed_model_1_pred_50_rand0.15_nodropout.pdb,5.630604267120361
afsample2,unrelaxed_model_1_pred_51_rand0.15_nodropout.pdb,6.105603218078613
afsample2,unrelaxed_model_1_pred_52_rand0.15_nodropout.pdb,5.346847534179688
afsample2,unrelaxed_model_1_pred_53_rand0.15_nodropout.pdb,5.365600109100342
afsample2,unrelaxed_model_1_pred_54_rand0.15_nodropout.pdb,5.588742256164551
afsample2,unrelaxed_model_1_pred_55_rand0.15_nodropout.pdb,6.95431661605835
afsample2,unrelaxed_model_1_pred_56_rand0.15_nodropout.pdb,5.32347297668457
afsample2,unrelaxed_model_1_pred_57_rand0.15_nodropout.pdb,5.64958381652832
afsample2,unrelaxed_model_1_pred_58_rand0.15_nodropout.pdb,5.927801132202148
afsample2,unrelaxed_model_1_pred_59_rand0.15_nodropout.pdb,6.164885997772217
afsample2,unrelaxed_model_1_pred_60_rand0.15_nodropout.pdb,5.507415771484375
afsample2,unrelaxed_model_1_pred_61_rand0.15_nodropout.pdb,5.37113094329834
afsample2,unrelaxed_model_1_pred_62_rand0.15_nodropout.pdb,5.341100215911865
afsample2,unrelaxed_model_1_pred_63_rand0.15_nodropout.pdb,5.629691123962402
afsample2,unrelaxed_model_1_pred_64_rand0.15_nodropout.pdb,5.955052852630615
afsample2,unrelaxed_model_1_pred_65_rand0.15_nodropout.pdb,5.610662460327148
afsample2,unrelaxed_model_1_pred_66_rand0.15_nodropout.pdb,5.483840465545654
afsample2,unrelaxed_model_1_pred_67_rand0.15_nodropout.pdb,6.07192325592041
afsample2,unrelaxed_model_1_pred_68_rand0.15_nodropout.pdb,5.804312705993652
afsample2,unrelaxed_model_1_pred_69_rand0.15_nodropout.pdb,5.5097975730896
afsample2,unrelaxed_model_1_pred_70_rand0.15_nodropout.pdb,5.487361431121826
afsample2,unrelaxed_model_1_pred_71_rand0.15_nodropout.pdb,6.7289204597473145
afsample2,unrelaxed_model_1_pred_72_rand0.15_nodropout.pdb,11.01396942138672
afsample2,unrelaxed_model_1_pred_73_rand0.15_nodropout.pdb,5.83103084564209
afsample2,unrelaxed_model_1_pred_74_rand0.15_nodropout.pdb,5.879581451416016
afsample2,unrelaxed_model_1_pred_75_rand0.15_nodropout.pdb,5.362634658813477
afsample2,unrelaxed_model_1_pred_76_rand0.15_nodropout.pdb,6.6030802726745605
afsample2,unrelaxed_model_1_pred_77_rand0.15_nodropout.pdb,5.363109588623047
afsample2,unrelaxed_model_1_pred_78_rand0.15_nodropout.pdb,5.36303186416626
afsample2,unrelaxed_model_1_pred_79_rand0.15_nodropout.pdb,6.631824016571045
afsample2,unrelaxed_model_1_pred_80_rand0.15_nodropout.pdb,7.010834217071533
afsample2,unrelaxed_model_1_pred_81_rand0.15_nodropout.pdb,5.9282002449035645
afsample2,unrelaxed_model_1_pred_82_rand0.15_nodropout.pdb,5.321230888366699
afsample2,unrelaxed_model_1_pred_83_rand0.15_nodropout.pdb,5.988449573516846
afsample2,unrelaxed_model_1_pred_84_rand0.15_nodropout.pdb,5.639777660369873
afsample2,unrelaxed_model_1_pred_85_rand0.15_nodropout.pdb,7.917407512664795
afsample2,unrelaxed_model_1_pred_86_rand0.15_nodropout.pdb,5.461365222930908
afsample2,unrelaxed_model_1_pred_87_rand0.15_nodropout.pdb,5.603910446166992
afsample2,unrelaxed_model_1_pred_88_rand0.15_nodropout.pdb,5.5379180908203125
afsample2,unrelaxed_model_1_pred_89_rand0.15_nodropout.pdb,5.772410392761231
afsample2,unrelaxed_model_1_pred_90_rand0.15_nodropout.pdb,5.566720485687256
afsample2,unrelaxed_model_1_pred_91_rand0.15_nodropout.pdb,5.276217460632324
afsample2,unrelaxed_model_1_pred_92_rand0.15_nodropout.pdb,5.600440502166748
afsample2,unrelaxed_model_1_pred_93_rand0.15_nodropout.pdb,5.562432765960693
afsample2,unrelaxed_model_1_pred_94_rand0.15_nodropout.pdb,5.461997032165527
afsample2,unrelaxed_model_1_pred_95_rand0.15_nodropout.pdb,5.8619537353515625
afsample2,unrelaxed_model_1_pred_96_rand0.15_nodropout.pdb,5.570357799530029
afsample2,unrelaxed_model_1_pred_97_rand0.15_nodropout.pdb,5.584369659423828
afsample2,unrelaxed_model_1_pred_98_rand0.15_nodropout.pdb,5.403411865234375
afsample2,unrelaxed_model_1_pred_99_rand0.15_nodropout.pdb,5.207061767578125
afsample2,unrelaxed_model_1_pred_100_rand0.15_nodropout.pdb,5.543854713439941
afsample2,unrelaxed_model_2_pred_1_rand0.15_nodropout.pdb,5.599447250366211
afsample2,unrelaxed_model_2_pred_2_rand0.15_nodropout.pdb,6.06176233291626
afsample2,unrelaxed_model_2_pred_3_rand0.15_nodropout.pdb,5.398160934448242
afsample2,unrelaxed_model_2_pred_4_rand0.15_nodropout.pdb,6.797966957092285
afsample2,unrelaxed_model_2_pred_5_rand0.15_nodropout.pdb,5.779263019561768
afsample2,unrelaxed_model_2_pred_6_rand0.15_nodropout.pdb,5.400132179260254
afsample2,unrelaxed_model_2_pred_7_rand0.15_nodropout.pdb,5.602341175079346
afsample2,unrelaxed_model_2_pred_8_rand0.15_nodropout.pdb,5.707408905029297
afsample2,unrelaxed_model_2_pred_9_rand0.15_nodropout.pdb,5.447123527526856
afsample2,unrelaxed_model_2_pred_10_rand0.15_nodropout.pdb,5.271750450134277
afsample2,unrelaxed_model_2_pred_11_rand0.15_nodropout.pdb,5.684403896331787
afsample2,unrelaxed_model_2_pred_12_rand0.15_nodropout.pdb,5.465247631072998
afsample2,unrelaxed_model_2_pred_13_rand0.15_nodropout.pdb,10.055845260620115
afsample2,unrelaxed_model_2_pred_14_rand0.15_nodropout.pdb,5.76629114151001
afsample2,unrelaxed_model_2_pred_15_rand0.15_nodropout.pdb,5.33495569229126
afsample2,unrelaxed_model_2_pred_16_rand0.15_nodropout.pdb,6.1536054611206055
afsample2,unrelaxed_model_2_pred_17_rand0.15_nodropout.pdb,6.238363742828369
afsample2,unrelaxed_model_2_pred_18_rand0.15_nodropout.pdb,5.313838481903076
afsample2,unrelaxed_model_2_pred_19_rand0.15_nodropout.pdb,5.539478302001953
afsample2,unrelaxed_model_2_pred_20_rand0.15_nodropout.pdb,5.518074989318848
afsample2,unrelaxed_model_2_pred_21_rand0.15_nodropout.pdb,5.528226852416992
afsample2,unrelaxed_model_2_pred_22_rand0.15_nodropout.pdb,6.554868698120117
afsample2,unrelaxed_model_2_pred_23_rand0.15_nodropout.pdb,6.2310967445373535
afsample2,unrelaxed_model_2_pred_24_rand0.15_nodropout.pdb,10.875584602355955
afsample2,unrelaxed_model_2_pred_25_rand0.15_nodropout.pdb,5.75341272354126
afsample2,unrelaxed_model_2_pred_26_rand0.15_nodropout.pdb,5.518135070800781
afsample2,unrelaxed_model_2_pred_27_rand0.15_nodropout.pdb,7.273987770080566
afsample2,unrelaxed_model_2_pred_28_rand0.15_nodropout.pdb,5.3583807945251465
afsample2,unrelaxed_model_2_pred_29_rand0.15_nodropout.pdb,6.1343607902526855
afsample2,unrelaxed_model_2_pred_30_rand0.15_nodropout.pdb,5.561619281768799
afsample2,unrelaxed_model_2_pred_31_rand0.15_nodropout.pdb,5.335916042327881
afsample2,unrelaxed_model_2_pred_32_rand0.15_nodropout.pdb,5.811234474182129
afsample2,unrelaxed_model_2_pred_33_rand0.15_nodropout.pdb,9.152936935424805
afsample2,unrelaxed_model_2_pred_34_rand0.15_nodropout.pdb,5.473782062530518
afsample2,unrelaxed_model_2_pred_35_rand0.15_nodropout.pdb,5.374757289886475
afsample2,unrelaxed_model_2_pred_36_rand0.15_nodropout.pdb,5.837367057800293
afsample2,unrelaxed_model_2_pred_37_rand0.15_nodropout.pdb,10.355669975280762
afsample2,unrelaxed_model_2_pred_38_rand0.15_nodropout.pdb,5.451152801513672
afsample2,unrelaxed_model_2_pred_39_rand0.15_nodropout.pdb,5.590394973754883
afsample2,unrelaxed_model_2_pred_40_rand0.15_nodropout.pdb,9.865726470947266
afsample2,unrelaxed_model_2_pred_41_rand0.15_nodropout.pdb,6.471746921539307
afsample2,unrelaxed_model_2_pred_42_rand0.15_nodropout.pdb,5.522040843963623
afsample2,unrelaxed_model_2_pred_43_rand0.15_nodropout.pdb,12.227429389953612
afsample2,unrelaxed_model_2_pred_44_rand0.15_nodropout.pdb,6.141461849212647
afsample2,unrelaxed_model_2_pred_45_rand0.15_nodropout.pdb,5.867581367492676
afsample2,unrelaxed_model_2_pred_46_rand0.15_nodropout.pdb,7.822332382202148
afsample2,unrelaxed_model_2_pred_47_rand0.15_nodropout.pdb,5.736287593841553
afsample2,unrelaxed_model_2_pred_48_rand0.15_nodropout.pdb,7.207245826721191
afsample2,unrelaxed_model_2_pred_49_rand0.15_nodropout.pdb,5.492663383483887
afsample2,unrelaxed_model_2_pred_50_rand0.15_nodropout.pdb,5.784856796264648
afsample2,unrelaxed_model_2_pred_51_rand0.15_nodropout.pdb,5.4751715660095215
afsample2,unrelaxed_model_2_pred_52_rand0.15_nodropout.pdb,5.269745349884033
afsample2,unrelaxed_model_2_pred_53_rand0.15_nodropout.pdb,6.1034111976623535
afsample2,unrelaxed_model_2_pred_54_rand0.15_nodropout.pdb,6.49325704574585
afsample2,unrelaxed_model_2_pred_55_rand0.15_nodropout.pdb,6.232484340667725
afsample2,unrelaxed_model_2_pred_56_rand0.15_nodropout.pdb,5.324557781219482
afsample2,unrelaxed_model_2_pred_57_rand0.15_nodropout.pdb,5.662432670593262
afsample2,unrelaxed_model_2_pred_58_rand0.15_nodropout.pdb,5.8183913230896
afsample2,unrelaxed_model_2_pred_59_rand0.15_nodropout.pdb,5.771573543548584
afsample2,unrelaxed_model_2_pred_60_rand0.15_nodropout.pdb,5.952775001525879
afsample2,unrelaxed_model_2_pred_61_rand0.15_nodropout.pdb,5.42674732208252
afsample2,unrelaxed_model_2_pred_62_rand0.15_nodropout.pdb,5.585790157318115
afsample2,unrelaxed_model_2_pred_63_rand0.15_nodropout.pdb,5.41417407989502
afsample2,unrelaxed_model_2_pred_64_rand0.15_nodropout.pdb,6.31953239440918
afsample2,unrelaxed_model_2_pred_65_rand0.15_nodropout.pdb,5.250832557678223
afsample2,unrelaxed_model_2_pred_66_rand0.15_nodropout.pdb,5.587728023529053
afsample2,unrelaxed_model_2_pred_67_rand0.15_nodropout.pdb,5.244696140289307
afsample2,unrelaxed_model_2_pred_68_rand0.15_nodropout.pdb,6.07716703414917
afsample2,unrelaxed_model_2_pred_69_rand0.15_nodropout.pdb,5.973214626312256
afsample2,unrelaxed_model_2_pred_70_rand0.15_nodropout.pdb,5.998537540435791
afsample2,unrelaxed_model_2_pred_71_rand0.15_nodropout.pdb,5.449164390563965
afsample2,unrelaxed_model_2_pred_72_rand0.15_nodropout.pdb,10.796711921691896
afsample2,unrelaxed_model_2_pred_73_rand0.15_nodropout.pdb,5.3080668449401855
afsample2,unrelaxed_model_2_pred_74_rand0.15_nodropout.pdb,5.788825988769531
afsample2,unrelaxed_model_2_pred_75_rand0.15_nodropout.pdb,6.239319324493408
afsample2,unrelaxed_model_2_pred_76_rand0.15_nodropout.pdb,5.51594352722168
afsample2,unrelaxed_model_2_pred_77_rand0.15_nodropout.pdb,5.60017204284668
afsample2,unrelaxed_model_2_pred_78_rand0.15_nodropout.pdb,5.987635135650635
afsample2,unrelaxed_model_2_pred_79_rand0.15_nodropout.pdb,5.70356559753418
afsample2,unrelaxed_model_2_pred_80_rand0.15_nodropout.pdb,5.449602127075195
afsample2,unrelaxed_model_2_pred_81_rand0.15_nodropout.pdb,5.4580841064453125
afsample2,unrelaxed_model_2_pred_82_rand0.15_nodropout.pdb,5.473710536956787
afsample2,unrelaxed_model_2_pred_83_rand0.15_nodropout.pdb,7.178624153137207
afsample2,unrelaxed_model_2_pred_84_rand0.15_nodropout.pdb,5.786892890930176
afsample2,unrelaxed_model_2_pred_85_rand0.15_nodropout.pdb,5.2379679679870605
afsample2,unrelaxed_model_2_pred_86_rand0.15_nodropout.pdb,5.658880233764648
afsample2,unrelaxed_model_2_pred_87_rand0.15_nodropout.pdb,5.523913860321045
afsample2,unrelaxed_model_2_pred_88_rand0.15_nodropout.pdb,5.910948753356934
afsample2,unrelaxed_model_2_pred_89_rand0.15_nodropout.pdb,5.41741943359375
afsample2,unrelaxed_model_2_pred_90_rand0.15_nodropout.pdb,5.504305362701416
afsample2,unrelaxed_model_2_pred_91_rand0.15_nodropout.pdb,5.692479610443115
afsample2,unrelaxed_model_2_pred_92_rand0.15_nodropout.pdb,5.507606029510498
afsample2,unrelaxed_model_2_pred_93_rand0.15_nodropout.pdb,5.670454502105713
afsample2,unrelaxed_model_2_pred_94_rand0.15_nodropout.pdb,5.39193058013916
afsample2,unrelaxed_model_2_pred_95_rand0.15_nodropout.pdb,5.326146125793457
afsample2,unrelaxed_model_2_pred_96_rand0.15_nodropout.pdb,10.58705234527588
afsample2,unrelaxed_model_2_pred_97_rand0.15_nodropout.pdb,6.11830997467041
afsample2,unrelaxed_model_2_pred_98_rand0.15_nodropout.pdb,5.550082683563232
afsample2,unrelaxed_model_2_pred_99_rand0.15_nodropout.pdb,5.653562545776367
afsample2,unrelaxed_model_2_pred_100_rand0.15_nodropout.pdb,5.629155158996582
afsample2,unrelaxed_model_3_pred_1_rand0.15_nodropout.pdb,5.435690879821777
afsample2,unrelaxed_model_3_pred_2_rand0.15_nodropout.pdb,5.710208892822266
afsample2,unrelaxed_model_3_pred_3_rand0.15_nodropout.pdb,5.207286357879639
afsample2,unrelaxed_model_3_pred_4_rand0.15_nodropout.pdb,5.324192047119141
afsample2,unrelaxed_model_3_pred_5_rand0.15_nodropout.pdb,10.071691513061523
afsample2,unrelaxed_model_3_pred_6_rand0.15_nodropout.pdb,5.042153358459473
afsample2,unrelaxed_model_3_pred_7_rand0.15_nodropout.pdb,5.99905252456665
afsample2,unrelaxed_model_3_pred_8_rand0.15_nodropout.pdb,11.66183376312256
afsample2,unrelaxed_model_3_pred_9_rand0.15_nodropout.pdb,11.421871185302734
afsample2,unrelaxed_model_3_pred_10_rand0.15_nodropout.pdb,7.378056049346924
afsample2,unrelaxed_model_3_pred_11_rand0.15_nodropout.pdb,6.2520036697387695
afsample2,unrelaxed_model_3_pred_12_rand0.15_nodropout.pdb,5.312257766723633
afsample2,unrelaxed_model_3_pred_13_rand0.15_nodropout.pdb,5.6883416175842285
afsample2,unrelaxed_model_3_pred_14_rand0.15_nodropout.pdb,5.535667896270752
afsample2,unrelaxed_model_3_pred_15_rand0.15_nodropout.pdb,5.198314189910889
afsample2,unrelaxed_model_3_pred_16_rand0.15_nodropout.pdb,5.173216819763184
afsample2,unrelaxed_model_3_pred_17_rand0.15_nodropout.pdb,5.07830810546875
afsample2,unrelaxed_model_3_pred_18_rand0.15_nodropout.pdb,5.822309970855713
afsample2,unrelaxed_model_3_pred_19_rand0.15_nodropout.pdb,5.693249702453613
afsample2,unrelaxed_model_3_pred_20_rand0.15_nodropout.pdb,5.381234645843506
afsample2,unrelaxed_model_3_pred_21_rand0.15_nodropout.pdb,6.090296268463135
afsample2,unrelaxed_model_3_pred_22_rand0.15_nodropout.pdb,5.187009334564209
afsample2,unrelaxed_model_3_pred_23_rand0.15_nodropout.pdb,5.542648792266846
afsample2,unrelaxed_model_3_pred_24_rand0.15_nodropout.pdb,5.877200126647949
afsample2,unrelaxed_model_3_pred_25_rand0.15_nodropout.pdb,5.377998352050781
afsample2,unrelaxed_model_3_pred_26_rand0.15_nodropout.pdb,5.594740390777588
afsample2,unrelaxed_model_3_pred_27_rand0.15_nodropout.pdb,5.289869785308838
afsample2,unrelaxed_model_3_pred_28_rand0.15_nodropout.pdb,5.119272708892822
afsample2,unrelaxed_model_3_pred_29_rand0.15_nodropout.pdb,5.698217868804932
afsample2,unrelaxed_model_3_pred_30_rand0.15_nodropout.pdb,5.339829444885254
afsample2,unrelaxed_model_3_pred_31_rand0.15_nodropout.pdb,5.334409713745117
afsample2,unrelaxed_model_3_pred_32_rand0.15_nodropout.pdb,9.83572483062744
afsample2,unrelaxed_model_3_pred_33_rand0.15_nodropout.pdb,5.805171966552734
afsample2,unrelaxed_model_3_pred_34_rand0.15_nodropout.pdb,5.249557495117188
afsample2,unrelaxed_model_3_pred_35_rand0.15_nodropout.pdb,5.573758602142334
afsample2,unrelaxed_model_3_pred_36_rand0.15_nodropout.pdb,5.291417121887207
afsample2,unrelaxed_model_3_pred_37_rand0.15_nodropout.pdb,5.635588645935059
afsample2,unrelaxed_model_3_pred_38_rand0.15_nodropout.pdb,5.186956882476807
afsample2,unrelaxed_model_3_pred_39_rand0.15_nodropout.pdb,5.994194984436035
afsample2,unrelaxed_model_3_pred_40_rand0.15_nodropout.pdb,5.382112979888916
afsample2,unrelaxed_model_3_pred_41_rand0.15_nodropout.pdb,10.84174346923828
afsample2,unrelaxed_model_3_pred_42_rand0.15_nodropout.pdb,6.032706260681152
afsample2,unrelaxed_model_3_pred_43_rand0.15_nodropout.pdb,6.170581340789795
afsample2,unrelaxed_model_3_pred_44_rand0.15_nodropout.pdb,5.470211029052734
afsample2,unrelaxed_model_3_pred_45_rand0.15_nodropout.pdb,5.429755210876465
afsample2,unrelaxed_model_3_pred_46_rand0.15_nodropout.pdb,5.856674671173096
afsample2,unrelaxed_model_3_pred_47_rand0.15_nodropout.pdb,5.672133922576904
afsample2,unrelaxed_model_3_pred_48_rand0.15_nodropout.pdb,5.469466686248779
afsample2,unrelaxed_model_3_pred_49_rand0.15_nodropout.pdb,5.003403663635254
afsample2,unrelaxed_model_3_pred_50_rand0.15_nodropout.pdb,6.643193244934082
afsample2,unrelaxed_model_3_pred_51_rand0.15_nodropout.pdb,6.020797729492188
afsample2,unrelaxed_model_3_pred_52_rand0.15_nodropout.pdb,5.315037727355957
afsample2,unrelaxed_model_3_pred_53_rand0.15_nodropout.pdb,5.155029773712158
afsample2,unrelaxed_model_3_pred_54_rand0.15_nodropout.pdb,4.962233543395996
afsample2,unrelaxed_model_3_pred_55_rand0.15_nodropout.pdb,5.794365406036377
afsample2,unrelaxed_model_3_pred_56_rand0.15_nodropout.pdb,9.30556583404541
afsample2,unrelaxed_model_3_pred_57_rand0.15_nodropout.pdb,5.303569316864014
afsample2,unrelaxed_model_3_pred_58_rand0.15_nodropout.pdb,5.477397441864014
afsample2,unrelaxed_model_3_pred_59_rand0.15_nodropout.pdb,10.370162010192873
afsample2,unrelaxed_model_3_pred_60_rand0.15_nodropout.pdb,11.179408073425291
afsample2,unrelaxed_model_3_pred_61_rand0.15_nodropout.pdb,5.490624904632568
afsample2,unrelaxed_model_3_pred_62_rand0.15_nodropout.pdb,5.548873424530029
afsample2,unrelaxed_model_3_pred_63_rand0.15_nodropout.pdb,5.421316146850586
afsample2,unrelaxed_model_3_pred_64_rand0.15_nodropout.pdb,5.6597161293029785
afsample2,unrelaxed_model_3_pred_65_rand0.15_nodropout.pdb,5.916081428527832
afsample2,unrelaxed_model_3_pred_66_rand0.15_nodropout.pdb,5.722355365753174
afsample2,unrelaxed_model_3_pred_67_rand0.15_nodropout.pdb,5.140859603881836
afsample2,unrelaxed_model_3_pred_68_rand0.15_nodropout.pdb,5.36580228805542
afsample2,unrelaxed_model_3_pred_69_rand0.15_nodropout.pdb,5.098655223846436
afsample2,unrelaxed_model_3_pred_70_rand0.15_nodropout.pdb,5.7745795249938965
afsample2,unrelaxed_model_3_pred_71_rand0.15_nodropout.pdb,5.476069450378418
afsample2,unrelaxed_model_3_pred_72_rand0.15_nodropout.pdb,6.6905598640441895
afsample2,unrelaxed_model_3_pred_73_rand0.15_nodropout.pdb,6.158997535705566
afsample2,unrelaxed_model_3_pred_74_rand0.15_nodropout.pdb,9.056828498840332
afsample2,unrelaxed_model_3_pred_75_rand0.15_nodropout.pdb,5.219562530517578
afsample2,unrelaxed_model_3_pred_76_rand0.15_nodropout.pdb,6.0490803718566895
afsample2,unrelaxed_model_3_pred_77_rand0.15_nodropout.pdb,5.576786518096924
afsample2,unrelaxed_model_3_pred_78_rand0.15_nodropout.pdb,6.823883533477783
afsample2,unrelaxed_model_3_pred_79_rand0.15_nodropout.pdb,5.583992004394531
afsample2,unrelaxed_model_3_pred_80_rand0.15_nodropout.pdb,5.328041076660156
afsample2,unrelaxed_model_3_pred_81_rand0.15_nodropout.pdb,5.299683094024658
afsample2,unrelaxed_model_3_pred_82_rand0.15_nodropout.pdb,5.486657619476318
afsample2,unrelaxed_model_3_pred_83_rand0.15_nodropout.pdb,5.38613224029541
afsample2,unrelaxed_model_3_pred_84_rand0.15_nodropout.pdb,5.94052267074585
afsample2,unrelaxed_model_3_pred_85_rand0.15_nodropout.pdb,5.485507965087891
afsample2,unrelaxed_model_3_pred_86_rand0.15_nodropout.pdb,5.891304969787598
afsample2,unrelaxed_model_3_pred_87_rand0.15_nodropout.pdb,5.716034889221191
afsample2,unrelaxed_model_3_pred_88_rand0.15_nodropout.pdb,10.140140533447266
afsample2,unrelaxed_model_3_pred_89_rand0.15_nodropout.pdb,5.599143028259277
afsample2,unrelaxed_model_3_pred_90_rand0.15_nodropout.pdb,5.121208190917969
afsample2,unrelaxed_model_3_pred_91_rand0.15_nodropout.pdb,8.674647331237793
afsample2,unrelaxed_model_3_pred_92_rand0.15_nodropout.pdb,5.317997932434082
afsample2,unrelaxed_model_3_pred_93_rand0.15_nodropout.pdb,5.26238489151001
afsample2,unrelaxed_model_3_pred_94_rand0.15_nodropout.pdb,5.485529899597168
afsample2,unrelaxed_model_3_pred_95_rand0.15_nodropout.pdb,5.110067844390869
afsample2,unrelaxed_model_3_pred_96_rand0.15_nodropout.pdb,6.27105188369751
afsample2,unrelaxed_model_3_pred_97_rand0.15_nodropout.pdb,5.94348669052124
afsample2,unrelaxed_model_3_pred_98_rand0.15_nodropout.pdb,6.257140159606934
afsample2,unrelaxed_model_3_pred_99_rand0.15_nodropout.pdb,5.345589637756348
afsample2,unrelaxed_model_3_pred_100_rand0.15_nodropout.pdb,5.363519191741943
afsample2,unrelaxed_model_4_pred_1_rand0.15_nodropout.pdb,8.995939254760742
afsample2,unrelaxed_model_4_pred_2_rand0.15_nodropout.pdb,5.752462387084961
afsample2,unrelaxed_model_4_pred_3_rand0.15_nodropout.pdb,4.974905967712402
afsample2,unrelaxed_model_4_pred_4_rand0.15_nodropout.pdb,5.505197048187256
afsample2,unrelaxed_model_4_pred_5_rand0.15_nodropout.pdb,5.3115105628967285
afsample2,unrelaxed_model_4_pred_6_rand0.15_nodropout.pdb,5.053207874298096
afsample2,unrelaxed_model_4_pred_7_rand0.15_nodropout.pdb,5.027558326721191
afsample2,unrelaxed_model_4_pred_8_rand0.15_nodropout.pdb,5.362429141998291
afsample2,unrelaxed_model_4_pred_9_rand0.15_nodropout.pdb,7.134293079376221
afsample2,unrelaxed_model_4_pred_10_rand0.15_nodropout.pdb,5.420857906341553
afsample2,unrelaxed_model_4_pred_11_rand0.15_nodropout.pdb,10.128395080566406
afsample2,unrelaxed_model_4_pred_12_rand0.15_nodropout.pdb,5.0457024574279785
afsample2,unrelaxed_model_4_pred_13_rand0.15_nodropout.pdb,6.209616661071777
afsample2,unrelaxed_model_4_pred_14_rand0.15_nodropout.pdb,5.8435893058776855
afsample2,unrelaxed_model_4_pred_15_rand0.15_nodropout.pdb,9.019338607788086
afsample2,unrelaxed_model_4_pred_16_rand0.15_nodropout.pdb,5.097967147827148
afsample2,unrelaxed_model_4_pred_17_rand0.15_nodropout.pdb,5.062639236450195
afsample2,unrelaxed_model_4_pred_18_rand0.15_nodropout.pdb,5.193017482757568
afsample2,unrelaxed_model_4_pred_19_rand0.15_nodropout.pdb,5.20145320892334
afsample2,unrelaxed_model_4_pred_20_rand0.15_nodropout.pdb,5.16134786605835
afsample2,unrelaxed_model_4_pred_21_rand0.15_nodropout.pdb,5.456987857818604
afsample2,unrelaxed_model_4_pred_22_rand0.15_nodropout.pdb,10.333745956420898
afsample2,unrelaxed_model_4_pred_23_rand0.15_nodropout.pdb,10.194823265075684
afsample2,unrelaxed_model_4_pred_24_rand0.15_nodropout.pdb,5.415768146514893
afsample2,unrelaxed_model_4_pred_25_rand0.15_nodropout.pdb,5.260132312774658
afsample2,unrelaxed_model_4_pred_26_rand0.15_nodropout.pdb,5.359968662261963
afsample2,unrelaxed_model_4_pred_27_rand0.15_nodropout.pdb,5.537123203277588
afsample2,unrelaxed_model_4_pred_28_rand0.15_nodropout.pdb,5.233346939086914
afsample2,unrelaxed_model_4_pred_29_rand0.15_nodropout.pdb,4.993043422698975
afsample2,unrelaxed_model_4_pred_30_rand0.15_nodropout.pdb,6.029141426086426
afsample2,unrelaxed_model_4_pred_31_rand0.15_nodropout.pdb,6.264894485473633
afsample2,unrelaxed_model_4_pred_32_rand0.15_nodropout.pdb,5.436737537384033
afsample2,unrelaxed_model_4_pred_33_rand0.15_nodropout.pdb,5.09003496170044
afsample2,unrelaxed_model_4_pred_34_rand0.15_nodropout.pdb,5.23304557800293
afsample2,unrelaxed_model_4_pred_35_rand0.15_nodropout.pdb,5.778346538543701
afsample2,unrelaxed_model_4_pred_36_rand0.15_nodropout.pdb,5.245591640472412
afsample2,unrelaxed_model_4_pred_37_rand0.15_nodropout.pdb,4.973510265350342
afsample2,unrelaxed_model_4_pred_38_rand0.15_nodropout.pdb,5.212803363800049
afsample2,unrelaxed_model_4_pred_39_rand0.15_nodropout.pdb,5.282957077026367
afsample2,unrelaxed_model_4_pred_40_rand0.15_nodropout.pdb,5.962385654449463
afsample2,unrelaxed_model_4_pred_41_rand0.15_nodropout.pdb,5.297591686248779
afsample2,unrelaxed_model_4_pred_42_rand0.15_nodropout.pdb,5.073525905609131
afsample2,unrelaxed_model_4_pred_43_rand0.15_nodropout.pdb,5.179835319519043
afsample2,unrelaxed_model_4_pred_44_rand0.15_nodropout.pdb,5.044410228729248
afsample2,unrelaxed_model_4_pred_45_rand0.15_nodropout.pdb,5.949178218841553
afsample2,unrelaxed_model_4_pred_46_rand0.15_nodropout.pdb,5.176055431365967
afsample2,unrelaxed_model_4_pred_47_rand0.15_nodropout.pdb,5.203627586364746
afsample2,unrelaxed_model_4_pred_48_rand0.15_nodropout.pdb,5.283701419830322
afsample2,unrelaxed_model_4_pred_49_rand0.15_nodropout.pdb,5.087335586547852
afsample2,unrelaxed_model_4_pred_50_rand0.15_nodropout.pdb,5.06765079498291
afsample2,unrelaxed_model_4_pred_51_rand0.15_nodropout.pdb,5.327618598937988
afsample2,unrelaxed_model_4_pred_52_rand0.15_nodropout.pdb,10.409135818481444
afsample2,unrelaxed_model_4_pred_53_rand0.15_nodropout.pdb,5.216118812561035
afsample2,unrelaxed_model_4_pred_54_rand0.15_nodropout.pdb,5.302445888519287
afsample2,unrelaxed_model_4_pred_55_rand0.15_nodropout.pdb,5.270524024963379
afsample2,unrelaxed_model_4_pred_56_rand0.15_nodropout.pdb,5.179194450378418
afsample2,unrelaxed_model_4_pred_57_rand0.15_nodropout.pdb,5.092909812927246
afsample2,unrelaxed_model_4_pred_58_rand0.15_nodropout.pdb,5.345590114593506
afsample2,unrelaxed_model_4_pred_59_rand0.15_nodropout.pdb,5.219383716583252
afsample2,unrelaxed_model_4_pred_60_rand0.15_nodropout.pdb,5.799089431762695
afsample2,unrelaxed_model_4_pred_61_rand0.15_nodropout.pdb,6.558738231658936
afsample2,unrelaxed_model_4_pred_62_rand0.15_nodropout.pdb,5.198563575744629
afsample2,unrelaxed_model_4_pred_63_rand0.15_nodropout.pdb,5.395299911499023
afsample2,unrelaxed_model_4_pred_64_rand0.15_nodropout.pdb,5.448343276977539
afsample2,unrelaxed_model_4_pred_65_rand0.15_nodropout.pdb,9.204957008361816
afsample2,unrelaxed_model_4_pred_66_rand0.15_nodropout.pdb,4.951261043548584
afsample2,unrelaxed_model_4_pred_67_rand0.15_nodropout.pdb,10.163570404052734
afsample2,unrelaxed_model_4_pred_68_rand0.15_nodropout.pdb,5.471179008483887
afsample2,unrelaxed_model_4_pred_69_rand0.15_nodropout.pdb,5.120092868804932
afsample2,unrelaxed_model_4_pred_70_rand0.15_nodropout.pdb,10.64252471923828
afsample2,unrelaxed_model_4_pred_71_rand0.15_nodropout.pdb,5.2074971199035645
afsample2,unrelaxed_model_4_pred_72_rand0.15_nodropout.pdb,9.37519645690918
afsample2,unrelaxed_model_4_pred_73_rand0.15_nodropout.pdb,10.609755516052246
afsample2,unrelaxed_model_4_pred_74_rand0.15_nodropout.pdb,5.422738552093506
afsample2,unrelaxed_model_4_pred_75_rand0.15_nodropout.pdb,5.560772895812988
afsample2,unrelaxed_model_4_pred_76_rand0.15_nodropout.pdb,4.985774993896484
afsample2,unrelaxed_model_4_pred_77_rand0.15_nodropout.pdb,6.270986080169678
afsample2,unrelaxed_model_4_pred_78_rand0.15_nodropout.pdb,5.40941047668457
afsample2,unrelaxed_model_4_pred_79_rand0.15_nodropout.pdb,5.1240997314453125
afsample2,unrelaxed_model_4_pred_80_rand0.15_nodropout.pdb,5.141739368438721
afsample2,unrelaxed_model_4_pred_81_rand0.15_nodropout.pdb,5.560933589935303
afsample2,unrelaxed_model_4_pred_82_rand0.15_nodropout.pdb,5.060800075531006
afsample2,unrelaxed_model_4_pred_83_rand0.15_nodropout.pdb,5.284731864929199
afsample2,unrelaxed_model_4_pred_84_rand0.15_nodropout.pdb,5.353530883789063
afsample2,unrelaxed_model_4_pred_85_rand0.15_nodropout.pdb,5.161252498626709
afsample2,unrelaxed_model_4_pred_86_rand0.15_nodropout.pdb,5.014389991760254
afsample2,unrelaxed_model_4_pred_87_rand0.15_nodropout.pdb,5.207766532897949
afsample2,unrelaxed_model_4_pred_88_rand0.15_nodropout.pdb,5.1567583084106445
afsample2,unrelaxed_model_4_pred_89_rand0.15_nodropout.pdb,5.186331748962402
afsample2,unrelaxed_model_4_pred_90_rand0.15_nodropout.pdb,5.156244277954102
afsample2,unrelaxed_model_4_pred_91_rand0.15_nodropout.pdb,6.836721897125244
afsample2,unrelaxed_model_4_pred_92_rand0.15_nodropout.pdb,5.257471084594727
afsample2,unrelaxed_model_4_pred_93_rand0.15_nodropout.pdb,6.617583274841309
afsample2,unrelaxed_model_4_pred_94_rand0.15_nodropout.pdb,5.3461503982543945
afsample2,unrelaxed_model_4_pred_95_rand0.15_nodropout.pdb,5.432741165161133
afsample2,unrelaxed_model_4_pred_96_rand0.15_nodropout.pdb,5.425674915313721
afsample2,unrelaxed_model_4_pred_97_rand0.15_nodropout.pdb,5.2683868408203125
afsample2,unrelaxed_model_4_pred_98_rand0.15_nodropout.pdb,5.374918460845947
afsample2,unrelaxed_model_4_pred_99_rand0.15_nodropout.pdb,5.343072414398193
afsample2,unrelaxed_model_4_pred_100_rand0.15_nodropout.pdb,7.470644950866699
afsample2,unrelaxed_model_5_pred_1_rand0.15_nodropout.pdb,5.219959259033203
afsample2,unrelaxed_model_5_pred_2_rand0.15_nodropout.pdb,6.550642013549805
afsample2,unrelaxed_model_5_pred_3_rand0.15_nodropout.pdb,5.271296501159668
afsample2,unrelaxed_model_5_pred_4_rand0.15_nodropout.pdb,5.223783016204834
afsample2,unrelaxed_model_5_pred_5_rand0.15_nodropout.pdb,5.338778018951416
afsample2,unrelaxed_model_5_pred_6_rand0.15_nodropout.pdb,5.261454582214356
afsample2,unrelaxed_model_5_pred_7_rand0.15_nodropout.pdb,5.324203968048096
afsample2,unrelaxed_model_5_pred_8_rand0.15_nodropout.pdb,5.101417064666748
afsample2,unrelaxed_model_5_pred_9_rand0.15_nodropout.pdb,5.425063133239746
afsample2,unrelaxed_model_5_pred_10_rand0.15_nodropout.pdb,7.286777496337891
afsample2,unrelaxed_model_5_pred_11_rand0.15_nodropout.pdb,5.114855766296387
afsample2,unrelaxed_model_5_pred_12_rand0.15_nodropout.pdb,5.1546735763549805
afsample2,unrelaxed_model_5_pred_13_rand0.15_nodropout.pdb,5.955388069152832
afsample2,unrelaxed_model_5_pred_14_rand0.15_nodropout.pdb,4.986227035522461
afsample2,unrelaxed_model_5_pred_15_rand0.15_nodropout.pdb,5.102663040161133
afsample2,unrelaxed_model_5_pred_16_rand0.15_nodropout.pdb,10.005824089050291
afsample2,unrelaxed_model_5_pred_17_rand0.15_nodropout.pdb,5.002771377563477
afsample2,unrelaxed_model_5_pred_18_rand0.15_nodropout.pdb,5.185465335845947
afsample2,unrelaxed_model_5_pred_19_rand0.15_nodropout.pdb,7.249178886413574
afsample2,unrelaxed_model_5_pred_20_rand0.15_nodropout.pdb,6.095155715942383
afsample2,unrelaxed_model_5_pred_21_rand0.15_nodropout.pdb,5.6085357666015625
afsample2,unrelaxed_model_5_pred_22_rand0.15_nodropout.pdb,5.186326026916504
afsample2,unrelaxed_model_5_pred_23_rand0.15_nodropout.pdb,5.19740104675293
afsample2,unrelaxed_model_5_pred_24_rand0.15_nodropout.pdb,5.302960395812988
afsample2,unrelaxed_model_5_pred_25_rand0.15_nodropout.pdb,5.007656097412109
afsample2,unrelaxed_model_5_pred_26_rand0.15_nodropout.pdb,5.034895896911621
afsample2,unrelaxed_model_5_pred_27_rand0.15_nodropout.pdb,5.229834079742432
afsample2,unrelaxed_model_5_pred_28_rand0.15_nodropout.pdb,5.297056674957275
afsample2,unrelaxed_model_5_pred_29_rand0.15_nodropout.pdb,5.09520959854126
afsample2,unrelaxed_model_5_pred_30_rand0.15_nodropout.pdb,5.276128768920898
afsample2,unrelaxed_model_5_pred_31_rand0.15_nodropout.pdb,5.094821929931641
afsample2,unrelaxed_model_5_pred_32_rand0.15_nodropout.pdb,5.191684246063232
afsample2,unrelaxed_model_5_pred_33_rand0.15_nodropout.pdb,5.861179351806641
afsample2,unrelaxed_model_5_pred_34_rand0.15_nodropout.pdb,7.647133827209473
afsample2,unrelaxed_model_5_pred_35_rand0.15_nodropout.pdb,5.501843929290772
afsample2,unrelaxed_model_5_pred_36_rand0.15_nodropout.pdb,5.921595096588135
afsample2,unrelaxed_model_5_pred_37_rand0.15_nodropout.pdb,6.854694366455078
afsample2,unrelaxed_model_5_pred_38_rand0.15_nodropout.pdb,9.195133209228516
afsample2,unrelaxed_model_5_pred_39_rand0.15_nodropout.pdb,6.009202480316162
afsample2,unrelaxed_model_5_pred_40_rand0.15_nodropout.pdb,5.020035743713379
afsample2,unrelaxed_model_5_pred_41_rand0.15_nodropout.pdb,8.040452003479004
afsample2,unrelaxed_model_5_pred_42_rand0.15_nodropout.pdb,10.764566421508787
afsample2,unrelaxed_model_5_pred_43_rand0.15_nodropout.pdb,5.4307074546813965
afsample2,unrelaxed_model_5_pred_44_rand0.15_nodropout.pdb,5.018685340881348
afsample2,unrelaxed_model_5_pred_45_rand0.15_nodropout.pdb,6.159881591796875
afsample2,unrelaxed_model_5_pred_46_rand0.15_nodropout.pdb,5.159313678741455
afsample2,unrelaxed_model_5_pred_47_rand0.15_nodropout.pdb,5.421524524688721
afsample2,unrelaxed_model_5_pred_48_rand0.15_nodropout.pdb,5.1127519607543945
afsample2,unrelaxed_model_5_pred_49_rand0.15_nodropout.pdb,5.284445285797119
afsample2,unrelaxed_model_5_pred_50_rand0.15_nodropout.pdb,5.099147319793701
afsample2,unrelaxed_model_5_pred_51_rand0.15_nodropout.pdb,5.062435150146484
afsample2,unrelaxed_model_5_pred_52_rand0.15_nodropout.pdb,5.208367824554443
afsample2,unrelaxed_model_5_pred_53_rand0.15_nodropout.pdb,5.037413120269775
afsample2,unrelaxed_model_5_pred_54_rand0.15_nodropout.pdb,5.073330402374268
afsample2,unrelaxed_model_5_pred_55_rand0.15_nodropout.pdb,5.918484687805176
afsample2,unrelaxed_model_5_pred_56_rand0.15_nodropout.pdb,9.045424461364746
afsample2,unrelaxed_model_5_pred_57_rand0.15_nodropout.pdb,5.099817276000977
afsample2,unrelaxed_model_5_pred_58_rand0.15_nodropout.pdb,5.293711185455322
afsample2,unrelaxed_model_5_pred_59_rand0.15_nodropout.pdb,6.462952136993408
afsample2,unrelaxed_model_5_pred_60_rand0.15_nodropout.pdb,6.104448795318604
afsample2,unrelaxed_model_5_pred_61_rand0.15_nodropout.pdb,5.110710144042969
afsample2,unrelaxed_model_5_pred_62_rand0.15_nodropout.pdb,5.202610969543457
afsample2,unrelaxed_model_5_pred_63_rand0.15_nodropout.pdb,5.931401252746582
afsample2,unrelaxed_model_5_pred_64_rand0.15_nodropout.pdb,5.305026531219482
afsample2,unrelaxed_model_5_pred_65_rand0.15_nodropout.pdb,7.341803073883057
afsample2,unrelaxed_model_5_pred_66_rand0.15_nodropout.pdb,5.243345737457275
afsample2,unrelaxed_model_5_pred_67_rand0.15_nodropout.pdb,5.066743850708008
afsample2,unrelaxed_model_5_pred_68_rand0.15_nodropout.pdb,5.396117687225342
afsample2,unrelaxed_model_5_pred_69_rand0.15_nodropout.pdb,5.499301433563232
afsample2,unrelaxed_model_5_pred_70_rand0.15_nodropout.pdb,5.287818908691406
afsample2,unrelaxed_model_5_pred_71_rand0.15_nodropout.pdb,6.276688098907471
afsample2,unrelaxed_model_5_pred_72_rand0.15_nodropout.pdb,5.0398712158203125
afsample2,unrelaxed_model_5_pred_73_rand0.15_nodropout.pdb,6.40170431137085
afsample2,unrelaxed_model_5_pred_74_rand0.15_nodropout.pdb,6.660888195037842
afsample2,unrelaxed_model_5_pred_75_rand0.15_nodropout.pdb,5.633404731750488
afsample2,unrelaxed_model_5_pred_76_rand0.15_nodropout.pdb,4.998129844665527
afsample2,unrelaxed_model_5_pred_77_rand0.15_nodropout.pdb,5.045219421386719
afsample2,unrelaxed_model_5_pred_78_rand0.15_nodropout.pdb,5.139695167541504
afsample2,unrelaxed_model_5_pred_79_rand0.15_nodropout.pdb,5.027573585510254
afsample2,unrelaxed_model_5_pred_80_rand0.15_nodropout.pdb,5.118552207946777
afsample2,unrelaxed_model_5_pred_81_rand0.15_nodropout.pdb,5.882027626037598
afsample2,unrelaxed_model_5_pred_82_rand0.15_nodropout.pdb,4.968574047088623
afsample2,unrelaxed_model_5_pred_83_rand0.15_nodropout.pdb,5.031097888946533
afsample2,unrelaxed_model_5_pred_84_rand0.15_nodropout.pdb,5.193595886230469
afsample2,unrelaxed_model_5_pred_85_rand0.15_nodropout.pdb,5.084439277648926
afsample2,unrelaxed_model_5_pred_86_rand0.15_nodropout.pdb,5.432539463043213
afsample2,unrelaxed_model_5_pred_87_rand0.15_nodropout.pdb,5.017295837402344
afsample2,unrelaxed_model_5_pred_88_rand0.15_nodropout.pdb,9.372132301330566
afsample2,unrelaxed_model_5_pred_89_rand0.15_nodropout.pdb,5.335622787475586
afsample2,unrelaxed_model_5_pred_90_rand0.15_nodropout.pdb,5.094264030456543
afsample2,unrelaxed_model_5_pred_91_rand0.15_nodropout.pdb,5.319084167480469
afsample2,unrelaxed_model_5_pred_92_rand0.15_nodropout.pdb,5.301727294921875
afsample2,unrelaxed_model_5_pred_93_rand0.15_nodropout.pdb,9.445054054260254
afsample2,unrelaxed_model_5_pred_94_rand0.15_nodropout.pdb,4.924595355987549
afsample2,unrelaxed_model_5_pred_95_rand0.15_nodropout.pdb,10.02037239074707
afsample2,unrelaxed_model_5_pred_96_rand0.15_nodropout.pdb,5.193636894226074
afsample2,unrelaxed_model_5_pred_97_rand0.15_nodropout.pdb,6.29653263092041
afsample2,unrelaxed_model_5_pred_98_rand0.15_nodropout.pdb,5.797727108001709
afsample2,unrelaxed_model_5_pred_99_rand0.15_nodropout.pdb,10.691932678222656
afsample2,unrelaxed_model_5_pred_100_rand0.15_nodropout.pdb,4.978846549987793
bioemu,ensemble_1.pdb,6.103530883789063
bioemu,ensemble_2.pdb,5.917169094085693
bioemu,ensemble_3.pdb,5.816700458526611
bioemu,ensemble_4.pdb,6.019631385803223
bioemu,ensemble_5.pdb,5.915657997131348
bioemu,ensemble_6.pdb,5.665918350219727
bioemu,ensemble_7.pdb,5.74627161026001
bioemu,ensemble_8.pdb,5.666048049926758
bioemu,ensemble_9.pdb,6.007879734039307
bioemu,ensemble_10.pdb,5.87886905670166
bioemu,ensemble_11.pdb,5.53980016708374
bioemu,ensemble_12.pdb,6.142817497253418
bioemu,ensemble_13.pdb,5.708993911743164
bioemu,ensemble_14.pdb,5.806947708129883
bioemu,ensemble_15.pdb,5.700254917144775
bioemu,ensemble_16.pdb,5.640122890472412
bioemu,ensemble_17.pdb,5.60175085067749
bioemu,ensemble_18.pdb,5.701175212860107
bioemu,ensemble_19.pdb,5.710559844970703
bioemu,ensemble_20.pdb,5.980677127838135
bioemu,ensemble_21.pdb,10.630569458007812
bioemu,ensemble_22.pdb,7.157810211181641
bioemu,ensemble_23.pdb,5.702070713043213
bioemu,ensemble_24.pdb,5.965617656707764
bioemu,ensemble_25.pdb,5.949061393737793
bioemu,ensemble_26.pdb,5.842139720916748
bioemu,ensemble_27.pdb,5.648176193237305
bioemu,ensemble_28.pdb,5.715417385101318
bioemu,ensemble_29.pdb,5.589037895202637
bioemu,ensemble_30.pdb,5.871267318725586
bioemu,ensemble_31.pdb,5.592857360839844
bioemu,ensemble_32.pdb,5.359338283538818
bioemu,ensemble_33.pdb,5.947599411010742
bioemu,ensemble_34.pdb,5.718783855438232
bioemu,ensemble_35.pdb,5.492596626281738
bioemu,ensemble_36.pdb,5.302149772644043
bioemu,ensemble_37.pdb,6.008810997009277
bioemu,ensemble_38.pdb,5.691924095153809
bioemu,ensemble_39.pdb,6.044609069824219
bioemu,ensemble_40.pdb,5.719038486480713
bioemu,ensemble_41.pdb,7.486126899719238
bioemu,ensemble_42.pdb,5.323531150817871
bioemu,ensemble_43.pdb,5.721057415008545
bioemu,ensemble_44.pdb,5.383094787597656
bioemu,ensemble_45.pdb,5.759774208068848
bioemu,ensemble_46.pdb,5.668175220489502
bioemu,ensemble_47.pdb,5.511618614196777
bioemu,ensemble_48.pdb,5.668394088745117
bioemu,ensemble_49.pdb,5.769549369812012
bioemu,ensemble_50.pdb,5.646848678588867
bioemu,ensemble_51.pdb,5.948555946350098
bioemu,ensemble_52.pdb,5.928472518920898
bioemu,ensemble_53.pdb,5.758488655090332
bioemu,ensemble_54.pdb,5.386817455291748
bioemu,ensemble_55.pdb,5.6890974044799805
bioemu,ensemble_56.pdb,5.768489837646484
bioemu,ensemble_57.pdb,6.01293420791626
bioemu,ensemble_58.pdb,5.763932228088379
bioemu,ensemble_59.pdb,5.654460430145264
bioemu,ensemble_60.pdb,5.826508045196533
bioemu,ensemble_61.pdb,5.947714328765869
bioemu,ensemble_62.pdb,6.090695381164551
bioemu,ensemble_63.pdb,5.953395366668701
bioemu,ensemble_64.pdb,5.716159820556641
bioemu,ensemble_65.pdb,5.467074871063232
bioemu,ensemble_66.pdb,5.76951265335083
bioemu,ensemble_67.pdb,5.680504322052002
bioemu,ensemble_68.pdb,5.6838860511779785
bioemu,ensemble_69.pdb,11.17777156829834
bioemu,ensemble_70.pdb,5.544055461883545
bioemu,ensemble_71.pdb,5.8878936767578125
bioemu,ensemble_72.pdb,5.72020435333252
bioemu,ensemble_73.pdb,5.377044200897217
bioemu,ensemble_74.pdb,5.691546440124512
bioemu,ensemble_75.pdb,5.577690124511719
bioemu,ensemble_76.pdb,5.911090850830078
bioemu,ensemble_77.pdb,5.612847328186035
bioemu,ensemble_78.pdb,5.849918842315674
bioemu,ensemble_79.pdb,5.593764305114746
bioemu,ensemble_80.pdb,5.824506759643555
bioemu,ensemble_81.pdb,5.876751899719238
bioemu,ensemble_82.pdb,5.8215203285217285
bioemu,ensemble_83.pdb,5.686712741851807
bioemu,ensemble_84.pdb,5.618336200714111
bioemu,ensemble_85.pdb,5.857686519622803
bioemu,ensemble_86.pdb,5.486330509185791
bioemu,ensemble_87.pdb,5.950267791748047
bioemu,ensemble_88.pdb,5.72040319442749
bioemu,ensemble_89.pdb,6.141547679901123
bioemu,ensemble_90.pdb,5.903507709503174
bioemu,ensemble_91.pdb,5.828254699707031
bioemu,ensemble_92.pdb,5.69135332107544
bioemu,ensemble_93.pdb,9.60237979888916
bioemu,ensemble_94.pdb,5.901362419128418
bioemu,ensemble_95.pdb,5.496345520019531
bioemu,ensemble_96.pdb,5.559308052062988
bioemu,ensemble_97.pdb,5.815069675445557
bioemu,ensemble_98.pdb,5.675604343414307
bioemu,ensemble_99.pdb,5.801146030426025
bioemu,ensemble_100.pdb,6.009610176086426
bioemu,ensemble_101.pdb,5.75548791885376
bioemu,ensemble_102.pdb,5.522335529327393
bioemu,ensemble_103.pdb,5.96740198135376
bioemu,ensemble_104.pdb,5.660361289978027
bioemu,ensemble_105.pdb,5.822696685791016
bioemu,ensemble_106.pdb,5.89141845703125
bioemu,ensemble_107.pdb,5.792837619781494
bioemu,ensemble_108.pdb,5.823545455932617
bioemu,ensemble_109.pdb,5.96491289138794
bioemu,ensemble_110.pdb,5.919891357421875
bioemu,ensemble_111.pdb,5.707793235778809
bioemu,ensemble_112.pdb,5.802730083465576
bioemu,ensemble_113.pdb,5.598223209381104
bioemu,ensemble_114.pdb,5.685826301574707
bioemu,ensemble_115.pdb,6.184767246246338
bioemu,ensemble_116.pdb,5.686802864074707
bioemu,ensemble_117.pdb,5.873508930206299
bioemu,ensemble_118.pdb,5.761975765228272
bioemu,ensemble_119.pdb,5.528616428375244
bioemu,ensemble_120.pdb,5.662553787231445
bioemu,ensemble_121.pdb,5.793661117553711
bioemu,ensemble_122.pdb,5.822354316711426
bioemu,ensemble_123.pdb,5.683040618896484
bioemu,ensemble_124.pdb,5.67166805267334
bioemu,ensemble_125.pdb,5.821902275085449
bioemu,ensemble_126.pdb,5.617196559906006
bioemu,ensemble_127.pdb,5.766115665435791
bioemu,ensemble_128.pdb,5.793107509613037
bioemu,ensemble_129.pdb,6.361523151397705
bioemu,ensemble_130.pdb,5.955993175506592
bioemu,ensemble_131.pdb,11.616239547729492
bioemu,ensemble_132.pdb,5.720323085784912
bioemu,ensemble_133.pdb,5.631217956542969
bioemu,ensemble_134.pdb,5.678238868713379
bioemu,ensemble_135.pdb,5.756012439727783
bioemu,ensemble_136.pdb,11.58423900604248
bioemu,ensemble_137.pdb,5.636999130249023
bioemu,ensemble_138.pdb,5.905131816864014
bioemu,ensemble_139.pdb,5.440337657928467
bioemu,ensemble_140.pdb,5.5829033851623535
bioemu,ensemble_141.pdb,6.050263404846191
bioemu,ensemble_142.pdb,5.9161553382873535
bioemu,ensemble_143.pdb,5.701763153076172
bioemu,ensemble_144.pdb,5.899725437164307
bioemu,ensemble_145.pdb,5.62772274017334
bioemu,ensemble_146.pdb,5.750773906707764
bioemu,ensemble_147.pdb,6.09990930557251
bioemu,ensemble_148.pdb,5.80272388458252
bioemu,ensemble_149.pdb,5.911006927490234
bioemu,ensemble_150.pdb,5.495761871337891
bioemu,ensemble_151.pdb,5.423061847686768
bioemu,ensemble_152.pdb,5.499107837677002
bioemu,ensemble_153.pdb,5.65924072265625
bioemu,ensemble_154.pdb,5.763211250305176
bioemu,ensemble_155.pdb,5.857896327972412
bioemu,ensemble_156.pdb,5.927048206329346
bioemu,ensemble_157.pdb,6.019339561462402
bioemu,ensemble_158.pdb,5.768928050994873
bioemu,ensemble_159.pdb,6.184650897979736
bioemu,ensemble_160.pdb,5.456748008728027
bioemu,ensemble_161.pdb,5.971874237060547
bioemu,ensemble_162.pdb,6.37593936920166
bioemu,ensemble_163.pdb,5.883713722229004
bioemu,ensemble_164.pdb,5.779232978820801
bioemu,ensemble_165.pdb,5.692807674407959
bioemu,ensemble_166.pdb,5.9284491539001465
bioemu,ensemble_167.pdb,5.541024208068848
bioemu,ensemble_168.pdb,5.716790676116943
bioemu,ensemble_169.pdb,5.609189033508301
bioemu,ensemble_170.pdb,5.6565046310424805
bioemu,ensemble_171.pdb,5.789247035980225
bioemu,ensemble_172.pdb,5.736323833465576
bioemu,ensemble_173.pdb,5.763582706451416
bioemu,ensemble_174.pdb,5.741262435913086
bioemu,ensemble_175.pdb,5.927859306335449
bioemu,ensemble_176.pdb,5.920422554016113
bioemu,ensemble_177.pdb,5.725547790527344
bioemu,ensemble_178.pdb,5.882669925689697
bioemu,ensemble_179.pdb,5.917372226715088
bioemu,ensemble_180.pdb,5.948108673095703
bioemu,ensemble_181.pdb,5.7342305183410645
bioemu,ensemble_182.pdb,5.768301010131836
bioemu,ensemble_183.pdb,5.904955863952637
bioemu,ensemble_184.pdb,6.1337504386901855
bioemu,ensemble_185.pdb,5.981322288513184
bioemu,ensemble_186.pdb,5.796523094177246
bioemu,ensemble_187.pdb,5.922122001647949
bioemu,ensemble_188.pdb,6.151193618774414
bioemu,ensemble_189.pdb,5.722528457641602
bioemu,ensemble_190.pdb,5.799884796142578
bioemu,ensemble_191.pdb,5.651549339294434
bioemu,ensemble_192.pdb,5.61598539352417
bioemu,ensemble_193.pdb,5.816306114196777
bioemu,ensemble_194.pdb,6.004565715789795
bioemu,ensemble_195.pdb,5.872713565826416
bioemu,ensemble_196.pdb,5.83875036239624
bioemu,ensemble_197.pdb,6.027430534362793
bioemu,ensemble_198.pdb,5.457406997680664
bioemu,ensemble_199.pdb,5.585105419158936
bioemu,ensemble_200.pdb,5.45311975479126
bioemu,ensemble_201.pdb,5.816821575164795
bioemu,ensemble_202.pdb,5.561481952667236
bioemu,ensemble_203.pdb,5.737820625305176
bioemu,ensemble_204.pdb,6.115299224853516
bioemu,ensemble_205.pdb,7.908363342285156
bioemu,ensemble_206.pdb,6.001341342926025
bioemu,ensemble_207.pdb,5.619128704071045
bioemu,ensemble_208.pdb,5.875831604003906
bioemu,ensemble_209.pdb,5.865719318389893
bioemu,ensemble_210.pdb,5.298963069915772
bioemu,ensemble_211.pdb,5.727320671081543
bioemu,ensemble_212.pdb,6.094404220581055
bioemu,ensemble_213.pdb,5.896176338195801
bioemu,ensemble_214.pdb,5.7476091384887695
bioemu,ensemble_215.pdb,6.14793586730957
bioemu,ensemble_216.pdb,11.240471839904783
bioemu,ensemble_217.pdb,5.939841747283936
bioemu,ensemble_218.pdb,5.686842918395996
bioemu,ensemble_219.pdb,5.4750075340271
bioemu,ensemble_220.pdb,5.782005786895752
bioemu,ensemble_221.pdb,5.633934020996094
bioemu,ensemble_222.pdb,9.590816497802734
bioemu,ensemble_223.pdb,6.348772048950195
bioemu,ensemble_224.pdb,5.567745685577393
bioemu,ensemble_225.pdb,5.461472988128662
bioemu,ensemble_226.pdb,5.533867835998535
bioemu,ensemble_227.pdb,5.675544261932373
bioemu,ensemble_228.pdb,5.913688659667969
bioemu,ensemble_229.pdb,5.870858669281006
bioemu,ensemble_230.pdb,6.743410110473633
bioemu,ensemble_231.pdb,5.533218860626221
bioemu,ensemble_232.pdb,6.159355640411377
bioemu,ensemble_233.pdb,6.057896137237549
bioemu,ensemble_234.pdb,5.95571231842041
bioemu,ensemble_235.pdb,5.635839462280273
bioemu,ensemble_236.pdb,5.569685459136963
bioemu,ensemble_237.pdb,5.73003625869751
bioemu,ensemble_238.pdb,5.83843994140625
bioemu,ensemble_239.pdb,5.677075386047363
bioemu,ensemble_240.pdb,5.767884731292725
bioemu,ensemble_241.pdb,5.7213544845581055
bioemu,ensemble_242.pdb,5.52048921585083
bioemu,ensemble_243.pdb,5.6941094398498535
bioemu,ensemble_244.pdb,5.769834518432617
bioemu,ensemble_245.pdb,5.746452808380127
bioemu,ensemble_246.pdb,5.8233819007873535
bioemu,ensemble_247.pdb,5.943171977996826
bioemu,ensemble_248.pdb,5.716589450836182
bioemu,ensemble_249.pdb,5.541777610778809
bioemu,ensemble_250.pdb,5.619910717010498
bioemu,ensemble_251.pdb,5.656294822692871
bioemu,ensemble_252.pdb,5.787689685821533
bioemu,ensemble_253.pdb,5.547810077667236
bioemu,ensemble_254.pdb,5.825349807739258
bioemu,ensemble_255.pdb,5.831002235412598
bioemu,ensemble_256.pdb,5.694429397583008
bioemu,ensemble_257.pdb,5.679668426513672
bioemu,ensemble_258.pdb,5.63536262512207
bioemu,ensemble_259.pdb,5.747074604034424
bioemu,ensemble_260.pdb,5.759006977081299
bioemu,ensemble_261.pdb,5.652655601501465
bioemu,ensemble_262.pdb,5.60697078704834
bioemu,ensemble_263.pdb,6.0638747215271
bioemu,ensemble_264.pdb,5.757542133331299
bioemu,ensemble_265.pdb,5.845574378967285
bioemu,ensemble_266.pdb,5.853315830230713
bioemu,ensemble_267.pdb,5.929291248321533
bioemu,ensemble_268.pdb,5.578087329864502
bioemu,ensemble_269.pdb,5.500453948974609
bioemu,ensemble_270.pdb,5.52654504776001
bioemu,ensemble_271.pdb,5.767338752746582
bioemu,ensemble_272.pdb,5.54410457611084
bioemu,ensemble_273.pdb,5.7202863693237305
bioemu,ensemble_274.pdb,5.574987411499023
bioemu,ensemble_275.pdb,5.647421360015869
bioemu,ensemble_276.pdb,8.46915054321289
bioemu,ensemble_277.pdb,5.729188919067383
bioemu,ensemble_278.pdb,5.458517074584961
bioemu,ensemble_279.pdb,5.734426975250244
bioemu,ensemble_280.pdb,5.643170833587647
bioemu,ensemble_281.pdb,5.809216499328613
bioemu,ensemble_282.pdb,5.89703369140625
bioemu,ensemble_283.pdb,5.872867107391357
bioemu,ensemble_284.pdb,6.078363418579102
bioemu,ensemble_285.pdb,5.6527605056762695
bioemu,ensemble_286.pdb,5.619196891784668
bioemu,ensemble_287.pdb,6.124719619750977
bioemu,ensemble_288.pdb,5.954039573669434
bioemu,ensemble_289.pdb,5.779220581054688
bioemu,ensemble_290.pdb,5.632993221282959
bioemu,ensemble_291.pdb,5.703176975250244
bioemu,ensemble_292.pdb,5.921395778656006
bioemu,ensemble_293.pdb,5.6080827713012695
bioemu,ensemble_294.pdb,5.547908306121826
bioemu,ensemble_295.pdb,5.365452766418457
bioemu,ensemble_296.pdb,5.707704544067383
bioemu,ensemble_297.pdb,5.8671979904174805
bioemu,ensemble_298.pdb,5.936885356903076
bioemu,ensemble_299.pdb,5.804662227630615
bioemu,ensemble_300.pdb,5.85787296295166
bioemu,ensemble_301.pdb,5.8870038986206055
bioemu,ensemble_302.pdb,5.862234592437744
bioemu,ensemble_303.pdb,5.895727157592773
bioemu,ensemble_304.pdb,5.785581111907959
bioemu,ensemble_305.pdb,5.750075340270996
bioemu,ensemble_306.pdb,5.773924350738525
bioemu,ensemble_307.pdb,6.0153632164001465
bioemu,ensemble_308.pdb,6.223425388336182
bioemu,ensemble_309.pdb,5.8456130027771
bioemu,ensemble_310.pdb,5.767894744873047
bioemu,ensemble_311.pdb,5.331471920013428
bioemu,ensemble_312.pdb,5.567864418029785
bioemu,ensemble_313.pdb,5.878139495849609
bioemu,ensemble_314.pdb,5.693838119506836
bioemu,ensemble_315.pdb,5.743979454040527
bioemu,ensemble_316.pdb,5.856841564178467
bioemu,ensemble_317.pdb,6.090392112731934
bioemu,ensemble_318.pdb,5.805149555206299
bioemu,ensemble_319.pdb,5.95122766494751
bioemu,ensemble_320.pdb,5.732100963592529
bioemu,ensemble_321.pdb,6.092340469360352
bioemu,ensemble_322.pdb,5.704859256744385
bioemu,ensemble_323.pdb,5.902379512786865
bioemu,ensemble_324.pdb,5.599982261657715
bioemu,ensemble_325.pdb,5.777127265930176
bioemu,ensemble_326.pdb,5.774855136871338
bioemu,ensemble_327.pdb,6.213516712188721
bioemu,ensemble_328.pdb,5.73943567276001
bioemu,ensemble_329.pdb,5.9339799880981445
bioemu,ensemble_330.pdb,5.589794635772705
bioemu,ensemble_331.pdb,5.79056978225708
bioemu,ensemble_332.pdb,5.926470279693604
bioemu,ensemble_333.pdb,5.993237495422363
bioemu,ensemble_334.pdb,5.762439250946045
bioemu,ensemble_335.pdb,5.7845563888549805
bioemu,ensemble_336.pdb,5.984155178070068
bioemu,ensemble_337.pdb,5.755804538726807
bioemu,ensemble_338.pdb,5.828079700469971
bioemu,ensemble_339.pdb,5.765353202819824
bioemu,ensemble_340.pdb,5.885657787322998
bioemu,ensemble_341.pdb,5.849005699157715
bioemu,ensemble_342.pdb,5.442258358001709
bioemu,ensemble_343.pdb,6.066250801086426
bioemu,ensemble_344.pdb,5.5176262855529785
bioemu,ensemble_345.pdb,5.672863483428955
bioemu,ensemble_346.pdb,5.609403133392334
bioemu,ensemble_347.pdb,5.872818946838379
bioemu,ensemble_348.pdb,5.864229679107666
bioemu,ensemble_349.pdb,6.379240989685059
bioemu,ensemble_350.pdb,6.212785243988037
bioemu,ensemble_351.pdb,6.102999210357666
bioemu,ensemble_352.pdb,5.780286312103272
bioemu,ensemble_353.pdb,6.070798397064209
bioemu,ensemble_354.pdb,6.001450061798096
bioemu,ensemble_355.pdb,6.017084121704102
bioemu,ensemble_356.pdb,5.8461737632751465
bioemu,ensemble_357.pdb,5.5205912590026855
bioemu,ensemble_358.pdb,5.675922870635986
bioemu,ensemble_359.pdb,9.34884548187256
bioemu,ensemble_360.pdb,5.693118572235107
bioemu,ensemble_361.pdb,8.315346717834473
bioemu,ensemble_362.pdb,5.554917335510254
bioemu,ensemble_363.pdb,6.158663749694824
bioemu,ensemble_364.pdb,5.87664794921875
bioemu,ensemble_365.pdb,5.682093143463135
bioemu,ensemble_366.pdb,5.953354358673096
bioemu,ensemble_367.pdb,5.556563854217529
bioemu,ensemble_368.pdb,5.87067461013794
bioemu,ensemble_369.pdb,5.416475296020508
bioemu,ensemble_370.pdb,5.510453224182129
bioemu,ensemble_371.pdb,5.726797580718994
bioemu,ensemble_372.pdb,5.649646759033203
bioemu,ensemble_373.pdb,5.8250579833984375
bioemu,ensemble_374.pdb,5.4864349365234375
bioemu,ensemble_375.pdb,5.3935980796813965
bioemu,ensemble_376.pdb,5.896746635437012
bioemu,ensemble_377.pdb,5.866837501525879
bioemu,ensemble_378.pdb,5.783520221710205
bioemu,ensemble_379.pdb,5.925967216491699
bioemu,ensemble_380.pdb,5.959733009338379
bioemu,ensemble_381.pdb,5.760817527770996
bioemu,ensemble_382.pdb,5.69605827331543
bioemu,ensemble_383.pdb,5.323542594909668
bioemu,ensemble_384.pdb,5.451003551483154
bioemu,ensemble_385.pdb,5.993047714233398
bioemu,ensemble_386.pdb,5.910914897918701
bioemu,ensemble_387.pdb,6.030208587646484
bioemu,ensemble_388.pdb,5.701305389404297
bioemu,ensemble_389.pdb,5.90126371383667
bioemu,ensemble_390.pdb,5.654058456420898
bioemu,ensemble_391.pdb,5.982428550720215
bioemu,ensemble_392.pdb,6.99773645401001
bioemu,ensemble_393.pdb,5.489013195037842
bioemu,ensemble_394.pdb,5.780562400817871
bioemu,ensemble_395.pdb,5.841660022735596
bioemu,ensemble_396.pdb,5.704613208770752
bioemu,ensemble_397.pdb,5.770613193511963
bioemu,ensemble_398.pdb,5.75129508972168
bioemu,ensemble_399.pdb,5.864420413970947
bioemu,ensemble_400.pdb,5.771391868591309
bioemu,ensemble_401.pdb,9.822677612304688
bioemu,ensemble_402.pdb,5.592184543609619
bioemu,ensemble_403.pdb,5.647018909454346
bioemu,ensemble_404.pdb,5.40008544921875
bioemu,ensemble_405.pdb,5.90554141998291
bioemu,ensemble_406.pdb,5.589391708374023
bioemu,ensemble_407.pdb,5.801802635192871
bioemu,ensemble_408.pdb,8.67009162902832
bioemu,ensemble_409.pdb,6.000174522399902
bioemu,ensemble_410.pdb,5.6135993003845215
bioemu,ensemble_411.pdb,5.782708168029785
bioemu,ensemble_412.pdb,6.454666614532471
bioemu,ensemble_413.pdb,6.765504837036133
bioemu,ensemble_414.pdb,5.665412902832031
bioemu,ensemble_415.pdb,5.8550567626953125
bioemu,ensemble_416.pdb,6.248493194580078
bioemu,ensemble_417.pdb,5.808618545532227
bioemu,ensemble_418.pdb,5.71136474609375
bioemu,ensemble_419.pdb,5.676741123199463
bioemu,ensemble_420.pdb,5.587002754211426
bioemu,ensemble_421.pdb,5.927653789520264
bioemu,ensemble_422.pdb,5.775750637054443
bioemu,ensemble_423.pdb,5.670653820037842
bioemu,ensemble_424.pdb,5.800009250640869
bioemu,ensemble_425.pdb,5.631780624389648
bioemu,ensemble_426.pdb,5.54910945892334
bioemu,ensemble_427.pdb,5.705595970153809
bioemu,ensemble_428.pdb,5.893777847290039
bioemu,ensemble_429.pdb,5.341396331787109
bioemu,ensemble_430.pdb,5.695736408233643
bioemu,ensemble_431.pdb,5.689894676208496
bioemu,ensemble_432.pdb,5.857583999633789
bioemu,ensemble_433.pdb,5.604757785797119
bioemu,ensemble_434.pdb,6.005779266357422
bioemu,ensemble_435.pdb,5.881106853485107
bioemu,ensemble_436.pdb,5.881742000579834
bioemu,ensemble_437.pdb,6.04570198059082
bioemu,ensemble_438.pdb,5.659188270568848
bioemu,ensemble_439.pdb,5.678820610046387
bioemu,ensemble_440.pdb,5.640660285949707
bioemu,ensemble_441.pdb,5.53629732131958
bioemu,ensemble_442.pdb,5.8575592041015625
bioemu,ensemble_443.pdb,5.792725563049316
bioemu,ensemble_444.pdb,5.388309001922607
bioemu,ensemble_445.pdb,5.862646102905273
bioemu,ensemble_446.pdb,5.740428924560547
bioemu,ensemble_447.pdb,5.784282684326172
bioemu,ensemble_448.pdb,5.917068958282471
bioemu,ensemble_449.pdb,5.578001022338867
bioemu,ensemble_450.pdb,5.624998092651367
bioemu,ensemble_451.pdb,5.597625255584717
bioemu,ensemble_452.pdb,5.652874946594238
bioemu,ensemble_453.pdb,5.857729434967041
bioemu,ensemble_454.pdb,5.557023048400879
bioemu,ensemble_455.pdb,5.898685932159424
bioemu,ensemble_456.pdb,5.868903160095215
bioemu,ensemble_457.pdb,5.626545429229736
bioemu,ensemble_458.pdb,5.9142746925354
bioemu,ensemble_459.pdb,6.097450733184815
bioemu,ensemble_460.pdb,5.746138095855713
bioemu,ensemble_461.pdb,5.555881023406982
bioemu,ensemble_462.pdb,5.933773994445801
bioemu,ensemble_463.pdb,9.576009750366213
bioemu,ensemble_464.pdb,5.902652740478516
bioemu,ensemble_465.pdb,5.824045181274414
bioemu,ensemble_466.pdb,6.050859451293945
bioemu,ensemble_467.pdb,5.472479820251465
bioemu,ensemble_468.pdb,5.800467014312744
bioemu,ensemble_469.pdb,5.691651821136475
bioemu,ensemble_470.pdb,5.620838642120361
bioemu,ensemble_471.pdb,5.618906021118164
bioemu,ensemble_472.pdb,5.807459831237793
bioemu,ensemble_473.pdb,5.583240509033203
bioemu,ensemble_474.pdb,6.030763149261475
bioemu,ensemble_475.pdb,5.6710309982299805
bioemu,ensemble_476.pdb,5.569649696350098
bioemu,ensemble_477.pdb,5.681212425231934
bioemu,ensemble_478.pdb,5.969128131866455
bioemu,ensemble_479.pdb,5.320206642150879
bioemu,ensemble_480.pdb,5.931178092956543
bioemu,ensemble_481.pdb,5.696541786193848
bioemu,ensemble_482.pdb,6.09157657623291
bioemu,ensemble_483.pdb,9.847542762756348
bioemu,ensemble_484.pdb,5.651291847229004
bioemu,ensemble_485.pdb,5.48767614364624
bioemu,ensemble_486.pdb,5.81282377243042
bioemu,ensemble_487.pdb,5.837310314178467
bioemu,ensemble_488.pdb,5.578699111938477
bioemu,ensemble_489.pdb,5.989039897918701
bioemu,ensemble_490.pdb,6.084274768829346
bioemu,ensemble_491.pdb,5.870522975921631
bioemu,ensemble_492.pdb,5.915609836578369
bioemu,ensemble_493.pdb,5.849795341491699
bioemu,ensemble_494.pdb,5.689944744110107
bioemu,ensemble_495.pdb,5.693652629852295
bioemu,ensemble_496.pdb,5.743406295776367
bioemu,ensemble_497.pdb,5.848119258880615
bioemu,ensemble_498.pdb,5.664748191833496
bioemu,ensemble_499.pdb,5.9208526611328125
bioemu,ensemble_500.pdb,5.749067783355713
boltz-2,seed1_MIA40_model_0.pdb,4.906322479248047
boltz-2,seed1_MIA40_model_1.pdb,5.177551746368408
boltz-2,seed1_MIA40_model_2.pdb,4.779056072235107
boltz-2,seed1_MIA40_model_3.pdb,4.80331563949585
boltz-2,seed1_MIA40_model_4.pdb,8.223051071166992
boltz-2,seed2_MIA40_model_0.pdb,4.952364921569824
boltz-2,seed2_MIA40_model_1.pdb,4.964859008789063
boltz-2,seed2_MIA40_model_2.pdb,4.773558139801025
boltz-2,seed2_MIA40_model_3.pdb,4.977149963378906
boltz-2,seed2_MIA40_model_4.pdb,8.618030548095703
boltz-2,seed3_MIA40_model_0.pdb,4.879868507385254
boltz-2,seed3_MIA40_model_1.pdb,4.876664161682129
boltz-2,seed3_MIA40_model_2.pdb,5.246479511260986
boltz-2,seed3_MIA40_model_3.pdb,7.532648086547852
boltz-2,seed3_MIA40_model_4.pdb,8.997818946838379
boltz-2,seed4_MIA40_model_0.pdb,5.190692901611328
boltz-2,seed4_MIA40_model_1.pdb,4.9700446128845215
boltz-2,seed4_MIA40_model_2.pdb,4.715356349945068
boltz-2,seed4_MIA40_model_3.pdb,9.25603199005127
boltz-2,seed4_MIA40_model_4.pdb,4.688388347625732
boltz-2,seed5_MIA40_model_0.pdb,4.643064498901367
boltz-2,seed5_MIA40_model_1.pdb,5.287846088409424
boltz-2,seed5_MIA40_model_2.pdb,4.892867565155029
boltz-2,seed5_MIA40_model_3.pdb,4.962268829345703
boltz-2,seed5_MIA40_model_4.pdb,8.756561279296875
boltz-2,seed6_MIA40_model_0.pdb,4.788787364959717
boltz-2,seed6_MIA40_model_1.pdb,5.098012447357178
boltz-2,seed6_MIA40_model_2.pdb,4.944692134857178
boltz-2,seed6_MIA40_model_3.pdb,4.57795000076294
boltz-2,seed6_MIA40_model_4.pdb,5.19475793838501
boltz-2,seed7_MIA40_model_0.pdb,5.04721212387085
boltz-2,seed7_MIA40_model_1.pdb,4.6690592765808105
boltz-2,seed7_MIA40_model_2.pdb,5.474384307861328
boltz-2,seed7_MIA40_model_3.pdb,6.5105881690979
boltz-2,seed7_MIA40_model_4.pdb,5.285938739776611
boltz-2,seed8_MIA40_model_0.pdb,4.7565741539001465
boltz-2,seed8_MIA40_model_1.pdb,4.559018135070801
boltz-2,seed8_MIA40_model_2.pdb,4.806865215301514
boltz-2,seed8_MIA40_model_3.pdb,5.148985862731934
boltz-2,seed8_MIA40_model_4.pdb,4.805335998535156
boltz-2,seed9_MIA40_model_0.pdb,11.546637535095217
boltz-2,seed9_MIA40_model_1.pdb,4.9035325050354
boltz-2,seed9_MIA40_model_2.pdb,4.486177444458008
boltz-2,seed9_MIA40_model_3.pdb,8.224002838134766
boltz-2,seed9_MIA40_model_4.pdb,5.481114864349365
boltz-2,seed10_MIA40_model_0.pdb,4.90700626373291
boltz-2,seed10_MIA40_model_1.pdb,5.465069770812988
boltz-2,seed10_MIA40_model_2.pdb,4.873669624328613
boltz-2,seed10_MIA40_model_3.pdb,7.676255226135254
boltz-2,seed10_MIA40_model_4.pdb,4.680749416351318
boltz-2,seed11_MIA40_model_0.pdb,5.13213586807251
boltz-2,seed11_MIA40_model_1.pdb,4.573753833770752
boltz-2,seed11_MIA40_model_2.pdb,5.291918754577637
boltz-2,seed11_MIA40_model_3.pdb,4.907948970794678
boltz-2,seed11_MIA40_model_4.pdb,4.358527183532715
boltz-2,seed12_MIA40_model_0.pdb,4.549730777740479
boltz-2,seed12_MIA40_model_1.pdb,4.594926357269287
boltz-2,seed12_MIA40_model_2.pdb,5.925660133361816
boltz-2,seed12_MIA40_model_3.pdb,4.786070823669434
boltz-2,seed12_MIA40_model_4.pdb,4.586975574493408
boltz-2,seed13_MIA40_model_0.pdb,4.730930328369141
boltz-2,seed13_MIA40_model_1.pdb,4.925906658172607
boltz-2,seed13_MIA40_model_2.pdb,5.368389129638672
boltz-2,seed13_MIA40_model_3.pdb,4.95744514465332
boltz-2,seed13_MIA40_model_4.pdb,6.889195442199707
boltz-2,seed14_MIA40_model_0.pdb,5.670627593994141
boltz-2,seed14_MIA40_model_1.pdb,4.849239826202393
boltz-2,seed14_MIA40_model_2.pdb,4.84820032119751
boltz-2,seed14_MIA40_model_3.pdb,8.439739227294922
boltz-2,seed14_MIA40_model_4.pdb,4.491921901702881
boltz-2,seed15_MIA40_model_0.pdb,4.940982341766357
boltz-2,seed15_MIA40_model_1.pdb,5.187522888183594
boltz-2,seed15_MIA40_model_2.pdb,6.27143144607544
boltz-2,seed15_MIA40_model_3.pdb,5.34766960144043
boltz-2,seed15_MIA40_model_4.pdb,5.281476974487305
boltz-2,seed16_MIA40_model_0.pdb,4.849675178527832
boltz-2,seed16_MIA40_model_1.pdb,4.90837287902832
boltz-2,seed16_MIA40_model_2.pdb,4.973176002502441
boltz-2,seed16_MIA40_model_3.pdb,4.880681037902832
boltz-2,seed16_MIA40_model_4.pdb,5.042590618133545
boltz-2,seed17_MIA40_model_0.pdb,4.651486396789551
boltz-2,seed17_MIA40_model_1.pdb,4.71096658706665
boltz-2,seed17_MIA40_model_2.pdb,4.93181848526001
boltz-2,seed17_MIA40_model_3.pdb,4.932098388671875
boltz-2,seed17_MIA40_model_4.pdb,9.20619010925293
boltz-2,seed18_MIA40_model_0.pdb,5.1221442222595215
boltz-2,seed18_MIA40_model_1.pdb,10.580602645874023
boltz-2,seed18_MIA40_model_2.pdb,6.156769752502441
boltz-2,seed18_MIA40_model_3.pdb,5.618838310241699
boltz-2,seed18_MIA40_model_4.pdb,9.811416625976562
boltz-2,seed19_MIA40_model_0.pdb,4.871423244476318
boltz-2,seed19_MIA40_model_1.pdb,4.86546802520752
boltz-2,seed19_MIA40_model_2.pdb,4.540778160095215
boltz-2,seed19_MIA40_model_3.pdb,11.149662017822266
boltz-2,seed19_MIA40_model_4.pdb,8.096598625183105
boltz-2,seed20_MIA40_model_0.pdb,4.990341663360596
boltz-2,seed20_MIA40_model_1.pdb,4.798508644104004
boltz-2,seed20_MIA40_model_2.pdb,4.862440586090088
boltz-2,seed20_MIA40_model_3.pdb,4.78032112121582
boltz-2,seed20_MIA40_model_4.pdb,4.966347217559815
boltz-2,seed21_MIA40_model_0.pdb,5.67001485824585
boltz-2,seed21_MIA40_model_1.pdb,5.890377044677734
boltz-2,seed21_MIA40_model_2.pdb,4.709554195404053
boltz-2,seed21_MIA40_model_3.pdb,7.336089611053467
boltz-2,seed21_MIA40_model_4.pdb,4.833420276641846
boltz-2,seed22_MIA40_model_0.pdb,5.023139476776123
boltz-2,seed22_MIA40_model_1.pdb,5.314208030700684
boltz-2,seed22_MIA40_model_2.pdb,5.077593326568604
boltz-2,seed22_MIA40_model_3.pdb,4.587888240814209
boltz-2,seed22_MIA40_model_4.pdb,8.452616691589355
boltz-2,seed23_MIA40_model_0.pdb,9.38131332397461
boltz-2,seed23_MIA40_model_1.pdb,5.341121673583984
boltz-2,seed23_MIA40_model_2.pdb,4.764140129089356
boltz-2,seed23_MIA40_model_3.pdb,4.817038536071777
boltz-2,seed23_MIA40_model_4.pdb,5.16934061050415
boltz-2,seed24_MIA40_model_0.pdb,7.460003852844238
boltz-2,seed24_MIA40_model_1.pdb,4.829842567443848
boltz-2,seed24_MIA40_model_2.pdb,4.769577026367188
boltz-2,seed24_MIA40_model_3.pdb,6.442603588104248
boltz-2,seed24_MIA40_model_4.pdb,4.545638084411621
boltz-2,seed25_MIA40_model_0.pdb,4.961563587188721
boltz-2,seed25_MIA40_model_1.pdb,5.749828338623047
boltz-2,seed25_MIA40_model_2.pdb,5.1314568519592285
boltz-2,seed25_MIA40_model_3.pdb,7.358071804046631
boltz-2,seed25_MIA40_model_4.pdb,10.353041648864746
boltz-2,seed26_MIA40_model_0.pdb,5.245661735534668
boltz-2,seed26_MIA40_model_1.pdb,4.822576999664307
boltz-2,seed26_MIA40_model_2.pdb,4.834519386291504
boltz-2,seed26_MIA40_model_3.pdb,5.128594875335693
boltz-2,seed26_MIA40_model_4.pdb,5.085655689239502
boltz-2,seed27_MIA40_model_0.pdb,4.87479305267334
boltz-2,seed27_MIA40_model_1.pdb,5.340078353881836
boltz-2,seed27_MIA40_model_2.pdb,4.956037521362305
boltz-2,seed27_MIA40_model_3.pdb,4.806914806365967
boltz-2,seed27_MIA40_model_4.pdb,9.796076774597168
boltz-2,seed28_MIA40_model_0.pdb,4.848841667175293
boltz-2,seed28_MIA40_model_1.pdb,5.609292030334473
boltz-2,seed28_MIA40_model_2.pdb,8.325593948364258
boltz-2,seed28_MIA40_model_3.pdb,4.74092960357666
boltz-2,seed28_MIA40_model_4.pdb,4.796391010284424
boltz-2,seed29_MIA40_model_0.pdb,4.529969215393066
boltz-2,seed29_MIA40_model_1.pdb,4.773048400878906
boltz-2,seed29_MIA40_model_2.pdb,4.996164798736572
boltz-2,seed29_MIA40_model_3.pdb,4.975922584533691
boltz-2,seed29_MIA40_model_4.pdb,9.516477584838867
boltz-2,seed30_MIA40_model_0.pdb,4.876521110534668
boltz-2,seed30_MIA40_model_1.pdb,5.133145809173584
boltz-2,seed30_MIA40_model_2.pdb,5.400655746459961
boltz-2,seed30_MIA40_model_3.pdb,4.8418731689453125
boltz-2,seed30_MIA40_model_4.pdb,4.697750091552734
boltz-2,seed31_MIA40_model_0.pdb,5.168228149414063
boltz-2,seed31_MIA40_model_1.pdb,4.664601802825928
boltz-2,seed31_MIA40_model_2.pdb,4.88584041595459
boltz-2,seed31_MIA40_model_3.pdb,4.94590425491333
boltz-2,seed31_MIA40_model_4.pdb,5.451566219329834
boltz-2,seed32_MIA40_model_0.pdb,5.240580558776856
boltz-2,seed32_MIA40_model_1.pdb,4.718076705932617
boltz-2,seed32_MIA40_model_2.pdb,4.771604537963867
boltz-2,seed32_MIA40_model_3.pdb,5.0641021728515625
boltz-2,seed32_MIA40_model_4.pdb,4.872087478637695
boltz-2,seed33_MIA40_model_0.pdb,5.396766662597656
boltz-2,seed33_MIA40_model_1.pdb,5.043689727783203
boltz-2,seed33_MIA40_model_2.pdb,6.788997650146484
boltz-2,seed33_MIA40_model_3.pdb,4.638659477233887
boltz-2,seed33_MIA40_model_4.pdb,9.402063369750977
boltz-2,seed34_MIA40_model_0.pdb,5.367066860198975
boltz-2,seed34_MIA40_model_1.pdb,5.160036563873291
boltz-2,seed34_MIA40_model_2.pdb,9.24361515045166
boltz-2,seed34_MIA40_model_3.pdb,4.86898946762085
boltz-2,seed34_MIA40_model_4.pdb,9.913287162780762
boltz-2,seed35_MIA40_model_0.pdb,4.7371344566345215
boltz-2,seed35_MIA40_model_1.pdb,4.542910575866699
boltz-2,seed35_MIA40_model_2.pdb,4.906992435455322
boltz-2,seed35_MIA40_model_3.pdb,5.278624057769775
boltz-2,seed35_MIA40_model_4.pdb,5.221238136291504
boltz-2,seed36_MIA40_model_0.pdb,4.730835914611816
boltz-2,seed36_MIA40_model_1.pdb,5.556850433349609
boltz-2,seed36_MIA40_model_2.pdb,4.878035545349121
boltz-2,seed36_MIA40_model_3.pdb,5.068002223968506
boltz-2,seed36_MIA40_model_4.pdb,5.22205924987793
boltz-2,seed37_MIA40_model_0.pdb,4.635305404663086
boltz-2,seed37_MIA40_model_1.pdb,5.167305946350098
boltz-2,seed37_MIA40_model_2.pdb,4.688814640045166
boltz-2,seed37_MIA40_model_3.pdb,4.74233341217041
boltz-2,seed37_MIA40_model_4.pdb,9.012655258178713
boltz-2,seed38_MIA40_model_0.pdb,5.154800415039063
boltz-2,seed38_MIA40_model_1.pdb,4.988742828369141
boltz-2,seed38_MIA40_model_2.pdb,5.182960033416748
boltz-2,seed38_MIA40_model_3.pdb,4.9224629402160645
boltz-2,seed38_MIA40_model_4.pdb,4.801011085510254
boltz-2,seed39_MIA40_model_0.pdb,5.032462596893311
boltz-2,seed39_MIA40_model_1.pdb,4.955781936645508
boltz-2,seed39_MIA40_model_2.pdb,4.827042102813721
boltz-2,seed39_MIA40_model_3.pdb,5.026388645172119
boltz-2,seed39_MIA40_model_4.pdb,4.790048599243164
boltz-2,seed40_MIA40_model_0.pdb,5.357306480407715
boltz-2,seed40_MIA40_model_1.pdb,5.196264743804932
boltz-2,seed40_MIA40_model_2.pdb,5.478744983673096
boltz-2,seed40_MIA40_model_3.pdb,4.8592143058776855
boltz-2,seed40_MIA40_model_4.pdb,4.867467403411865
boltz-2,seed41_MIA40_model_0.pdb,4.445582866668701
boltz-2,seed41_MIA40_model_1.pdb,4.769428730010986
boltz-2,seed41_MIA40_model_2.pdb,4.936919212341309
boltz-2,seed41_MIA40_model_3.pdb,5.5667924880981445
boltz-2,seed41_MIA40_model_4.pdb,6.87959098815918
boltz-2,seed42_MIA40_model_0.pdb,4.707071304321289
boltz-2,seed42_MIA40_model_1.pdb,5.390164375305176
boltz-2,seed42_MIA40_model_2.pdb,4.765255451202393
boltz-2,seed42_MIA40_model_3.pdb,4.991250038146973
boltz-2,seed42_MIA40_model_4.pdb,10.332315444946287
boltz-2,seed43_MIA40_model_0.pdb,4.628481864929199
boltz-2,seed43_MIA40_model_1.pdb,4.561854362487793
boltz-2,seed43_MIA40_model_2.pdb,4.613454818725586
boltz-2,seed43_MIA40_model_3.pdb,5.432899475097656
boltz-2,seed43_MIA40_model_4.pdb,4.820766448974609
boltz-2,seed44_MIA40_model_0.pdb,4.993244171142578
boltz-2,seed44_MIA40_model_1.pdb,5.051916599273682
boltz-2,seed44_MIA40_model_2.pdb,9.346304893493652
boltz-2,seed44_MIA40_model_3.pdb,5.068704605102539
boltz-2,seed44_MIA40_model_4.pdb,4.836590766906738
boltz-2,seed45_MIA40_model_0.pdb,5.091699600219727
boltz-2,seed45_MIA40_model_1.pdb,4.900324821472168
boltz-2,seed45_MIA40_model_2.pdb,10.729253768920898
boltz-2,seed45_MIA40_model_3.pdb,10.229076385498049
boltz-2,seed45_MIA40_model_4.pdb,5.274060249328613
boltz-2,seed46_MIA40_model_0.pdb,4.913351058959961
boltz-2,seed46_MIA40_model_1.pdb,4.989274024963379
boltz-2,seed46_MIA40_model_2.pdb,7.68314266204834
boltz-2,seed46_MIA40_model_3.pdb,5.115196704864502
boltz-2,seed46_MIA40_model_4.pdb,7.939525604248047
boltz-2,seed47_MIA40_model_0.pdb,4.9106221199035645
boltz-2,seed47_MIA40_model_1.pdb,5.292752265930176
boltz-2,seed47_MIA40_model_2.pdb,4.614156246185303
boltz-2,seed47_MIA40_model_3.pdb,6.786406517028809
boltz-2,seed47_MIA40_model_4.pdb,8.485495567321777
boltz-2,seed48_MIA40_model_0.pdb,5.680534362792969
boltz-2,seed48_MIA40_model_1.pdb,4.847546577453613
boltz-2,seed48_MIA40_model_2.pdb,4.858883857727051
boltz-2,seed48_MIA40_model_3.pdb,5.145993232727051
boltz-2,seed48_MIA40_model_4.pdb,4.688862323760986
boltz-2,seed49_MIA40_model_0.pdb,5.407145023345947
boltz-2,seed49_MIA40_model_1.pdb,5.609973430633545
boltz-2,seed49_MIA40_model_2.pdb,5.360816955566406
boltz-2,seed49_MIA40_model_3.pdb,5.15634298324585
boltz-2,seed49_MIA40_model_4.pdb,9.274230003356934
boltz-2,seed50_MIA40_model_0.pdb,4.219513893127441
boltz-2,seed50_MIA40_model_1.pdb,5.013200759887695
boltz-2,seed50_MIA40_model_2.pdb,5.409984111785889
boltz-2,seed50_MIA40_model_3.pdb,4.752727508544922
boltz-2,seed50_MIA40_model_4.pdb,9.479660034179688
boltz-2,seed51_MIA40_model_0.pdb,8.274837493896484
boltz-2,seed51_MIA40_model_1.pdb,4.74993896484375
boltz-2,seed51_MIA40_model_2.pdb,4.819291114807129
boltz-2,seed51_MIA40_model_3.pdb,4.839966297149658
boltz-2,seed51_MIA40_model_4.pdb,4.960707187652588
boltz-2,seed52_MIA40_model_0.pdb,5.891802787780762
boltz-2,seed52_MIA40_model_1.pdb,5.056020259857178
boltz-2,seed52_MIA40_model_2.pdb,5.136502742767334
boltz-2,seed52_MIA40_model_3.pdb,5.681960582733154
boltz-2,seed52_MIA40_model_4.pdb,4.627188682556152
boltz-2,seed53_MIA40_model_0.pdb,4.967237949371338
boltz-2,seed53_MIA40_model_1.pdb,4.492466449737549
boltz-2,seed53_MIA40_model_2.pdb,5.115420341491699
boltz-2,seed53_MIA40_model_3.pdb,4.935469150543213
boltz-2,seed53_MIA40_model_4.pdb,4.973042964935303
boltz-2,seed54_MIA40_model_0.pdb,5.186723232269287
boltz-2,seed54_MIA40_model_1.pdb,5.079172134399414
boltz-2,seed54_MIA40_model_2.pdb,5.139462947845459
boltz-2,seed54_MIA40_model_3.pdb,4.775793552398682
boltz-2,seed54_MIA40_model_4.pdb,4.869540214538574
boltz-2,seed55_MIA40_model_0.pdb,4.705089569091797
boltz-2,seed55_MIA40_model_1.pdb,4.877301692962647
boltz-2,seed55_MIA40_model_2.pdb,4.440812587738037
boltz-2,seed55_MIA40_model_3.pdb,4.830276966094971
boltz-2,seed55_MIA40_model_4.pdb,9.14336395263672
boltz-2,seed56_MIA40_model_0.pdb,6.722625255584717
boltz-2,seed56_MIA40_model_1.pdb,4.650409698486328
boltz-2,seed56_MIA40_model_2.pdb,7.279253005981445
boltz-2,seed56_MIA40_model_3.pdb,4.978045463562012
boltz-2,seed56_MIA40_model_4.pdb,5.287724018096924
boltz-2,seed57_MIA40_model_0.pdb,4.547891616821289
boltz-2,seed57_MIA40_model_1.pdb,5.047338962554932
boltz-2,seed57_MIA40_model_2.pdb,4.777269840240479
boltz-2,seed57_MIA40_model_3.pdb,3.967874050140381
boltz-2,seed57_MIA40_model_4.pdb,4.930863857269287
boltz-2,seed58_MIA40_model_0.pdb,5.206071376800537
boltz-2,seed58_MIA40_model_1.pdb,4.812939643859863
boltz-2,seed58_MIA40_model_2.pdb,5.267435550689697
boltz-2,seed58_MIA40_model_3.pdb,4.839511871337891
boltz-2,seed58_MIA40_model_4.pdb,4.72797441482544
boltz-2,seed59_MIA40_model_0.pdb,5.048777103424072
boltz-2,seed59_MIA40_model_1.pdb,5.025325775146484
boltz-2,seed59_MIA40_model_2.pdb,5.3316826820373535
boltz-2,seed59_MIA40_model_3.pdb,5.013461589813232
boltz-2,seed59_MIA40_model_4.pdb,5.329240322113037
boltz-2,seed60_MIA40_model_0.pdb,5.191077709197998
boltz-2,seed60_MIA40_model_1.pdb,5.282859802246094
boltz-2,seed60_MIA40_model_2.pdb,4.464302062988281
boltz-2,seed60_MIA40_model_3.pdb,4.561492919921875
boltz-2,seed60_MIA40_model_4.pdb,5.106020450592041
boltz-2,seed61_MIA40_model_0.pdb,9.94202995300293
boltz-2,seed61_MIA40_model_1.pdb,4.853270053863525
boltz-2,seed61_MIA40_model_2.pdb,5.004117488861084
boltz-2,seed61_MIA40_model_3.pdb,4.58779239654541
boltz-2,seed61_MIA40_model_4.pdb,5.185068607330322
boltz-2,seed62_MIA40_model_0.pdb,4.451949596405029
boltz-2,seed62_MIA40_model_1.pdb,4.777256488800049
boltz-2,seed62_MIA40_model_2.pdb,4.561698913574219
boltz-2,seed62_MIA40_model_3.pdb,5.09142541885376
boltz-2,seed62_MIA40_model_4.pdb,7.352691173553467
boltz-2,seed63_MIA40_model_0.pdb,4.668829441070557
boltz-2,seed63_MIA40_model_1.pdb,5.00517463684082
boltz-2,seed63_MIA40_model_2.pdb,5.132905960083008
boltz-2,seed63_MIA40_model_3.pdb,5.406338691711426
boltz-2,seed63_MIA40_model_4.pdb,4.733667373657227
boltz-2,seed64_MIA40_model_0.pdb,4.944271564483643
boltz-2,seed64_MIA40_model_1.pdb,8.238489151000977
boltz-2,seed64_MIA40_model_2.pdb,5.173081398010254
boltz-2,seed64_MIA40_model_3.pdb,4.5551934242248535
boltz-2,seed64_MIA40_model_4.pdb,4.391339302062988
boltz-2,seed65_MIA40_model_0.pdb,5.082467079162598
boltz-2,seed65_MIA40_model_1.pdb,5.2236175537109375
boltz-2,seed65_MIA40_model_2.pdb,4.718095779418945
boltz-2,seed65_MIA40_model_3.pdb,4.554936408996582
boltz-2,seed65_MIA40_model_4.pdb,4.862874031066895
boltz-2,seed66_MIA40_model_0.pdb,4.343210697174072
boltz-2,seed66_MIA40_model_1.pdb,4.843459606170654
boltz-2,seed66_MIA40_model_2.pdb,4.308306217193604
boltz-2,seed66_MIA40_model_3.pdb,4.546487808227539
boltz-2,seed66_MIA40_model_4.pdb,4.844611167907715
boltz-2,seed67_MIA40_model_0.pdb,5.137882709503174
boltz-2,seed67_MIA40_model_1.pdb,4.994255542755127
boltz-2,seed67_MIA40_model_2.pdb,5.2081217765808105
boltz-2,seed67_MIA40_model_3.pdb,4.912825107574463
boltz-2,seed67_MIA40_model_4.pdb,4.731945514678955
boltz-2,seed68_MIA40_model_0.pdb,4.778523921966553
boltz-2,seed68_MIA40_model_1.pdb,4.960843563079834
boltz-2,seed68_MIA40_model_2.pdb,5.168272495269775
boltz-2,seed68_MIA40_model_3.pdb,5.116193771362305
boltz-2,seed68_MIA40_model_4.pdb,4.682657241821289
boltz-2,seed69_MIA40_model_0.pdb,4.496813774108887
boltz-2,seed69_MIA40_model_1.pdb,5.064714431762695
boltz-2,seed69_MIA40_model_2.pdb,4.565171718597412
boltz-2,seed69_MIA40_model_3.pdb,4.729755878448486
boltz-2,seed69_MIA40_model_4.pdb,4.807507991790772
boltz-2,seed70_MIA40_model_0.pdb,4.602685928344727
boltz-2,seed70_MIA40_model_1.pdb,4.752923011779785
boltz-2,seed70_MIA40_model_2.pdb,5.436718940734863
boltz-2,seed70_MIA40_model_3.pdb,5.101233005523682
boltz-2,seed70_MIA40_model_4.pdb,5.554161071777344
boltz-2,seed71_MIA40_model_0.pdb,5.090893745422363
boltz-2,seed71_MIA40_model_1.pdb,4.854723930358887
boltz-2,seed71_MIA40_model_2.pdb,5.18306827545166
boltz-2,seed71_MIA40_model_3.pdb,9.334559440612791
boltz-2,seed71_MIA40_model_4.pdb,5.023929595947266
boltz-2,seed72_MIA40_model_0.pdb,4.702064514160156
boltz-2,seed72_MIA40_model_1.pdb,4.911575794219971
boltz-2,seed72_MIA40_model_2.pdb,5.197049140930176
boltz-2,seed72_MIA40_model_3.pdb,5.142590522766113
boltz-2,seed72_MIA40_model_4.pdb,10.878514289855955
boltz-2,seed73_MIA40_model_0.pdb,4.800013542175293
boltz-2,seed73_MIA40_model_1.pdb,5.156333923339844
boltz-2,seed73_MIA40_model_2.pdb,4.707761764526367
boltz-2,seed73_MIA40_model_3.pdb,5.04979133605957
boltz-2,seed73_MIA40_model_4.pdb,5.669114589691162
boltz-2,seed74_MIA40_model_0.pdb,4.780722141265869
boltz-2,seed74_MIA40_model_1.pdb,5.347233772277832
boltz-2,seed74_MIA40_model_2.pdb,8.54334831237793
boltz-2,seed74_MIA40_model_3.pdb,4.703005790710449
boltz-2,seed74_MIA40_model_4.pdb,9.457587242126465
boltz-2,seed75_MIA40_model_0.pdb,5.44954776763916
boltz-2,seed75_MIA40_model_1.pdb,5.010104179382324
boltz-2,seed75_MIA40_model_2.pdb,5.161689281463623
boltz-2,seed75_MIA40_model_3.pdb,4.891604900360107
boltz-2,seed75_MIA40_model_4.pdb,9.474124908447266
boltz-2,seed76_MIA40_model_0.pdb,5.310629844665527
boltz-2,seed76_MIA40_model_1.pdb,5.1927595138549805
boltz-2,seed76_MIA40_model_2.pdb,4.616935729980469
boltz-2,seed76_MIA40_model_3.pdb,4.494212627410889
boltz-2,seed76_MIA40_model_4.pdb,4.515738010406494
boltz-2,seed77_MIA40_model_0.pdb,4.845202445983887
boltz-2,seed77_MIA40_model_1.pdb,5.023671627044678
boltz-2,seed77_MIA40_model_2.pdb,4.774314403533936
boltz-2,seed77_MIA40_model_3.pdb,5.0431342124938965
boltz-2,seed77_MIA40_model_4.pdb,8.730419158935547
boltz-2,seed78_MIA40_model_0.pdb,5.387450218200684
boltz-2,seed78_MIA40_model_1.pdb,5.133885383605957
boltz-2,seed78_MIA40_model_2.pdb,4.938242435455322
boltz-2,seed78_MIA40_model_3.pdb,4.85279655456543
boltz-2,seed78_MIA40_model_4.pdb,5.27667236328125
boltz-2,seed79_MIA40_model_0.pdb,5.630895614624023
boltz-2,seed79_MIA40_model_1.pdb,4.5555195808410645
boltz-2,seed79_MIA40_model_2.pdb,4.975408554077148
boltz-2,seed79_MIA40_model_3.pdb,4.9288434982299805
boltz-2,seed79_MIA40_model_4.pdb,5.020883560180664
boltz-2,seed80_MIA40_model_0.pdb,5.009232521057129
boltz-2,seed80_MIA40_model_1.pdb,5.120550155639648
boltz-2,seed80_MIA40_model_2.pdb,5.153076171875
boltz-2,seed80_MIA40_model_3.pdb,5.14244556427002
boltz-2,seed80_MIA40_model_4.pdb,5.048205852508545
boltz-2,seed81_MIA40_model_0.pdb,5.361319065093994
boltz-2,seed81_MIA40_model_1.pdb,4.6663432121276855
boltz-2,seed81_MIA40_model_2.pdb,4.800636291503906
boltz-2,seed81_MIA40_model_3.pdb,5.220047473907471
boltz-2,seed81_MIA40_model_4.pdb,4.950171947479248
boltz-2,seed82_MIA40_model_0.pdb,5.197265148162842
boltz-2,seed82_MIA40_model_1.pdb,4.856526851654053
boltz-2,seed82_MIA40_model_2.pdb,5.705384731292725
boltz-2,seed82_MIA40_model_3.pdb,4.243178367614746
boltz-2,seed82_MIA40_model_4.pdb,4.940482139587402
boltz-2,seed83_MIA40_model_0.pdb,5.287436008453369
boltz-2,seed83_MIA40_model_1.pdb,4.821792602539063
boltz-2,seed83_MIA40_model_2.pdb,5.074686050415039
boltz-2,seed83_MIA40_model_3.pdb,5.341869354248047
boltz-2,seed83_MIA40_model_4.pdb,9.04099941253662
boltz-2,seed84_MIA40_model_0.pdb,4.888038635253906
boltz-2,seed84_MIA40_model_1.pdb,4.77631425857544
boltz-2,seed84_MIA40_model_2.pdb,4.933718681335449
boltz-2,seed84_MIA40_model_3.pdb,8.249068260192871
boltz-2,seed84_MIA40_model_4.pdb,4.861472129821777
boltz-2,seed85_MIA40_model_0.pdb,6.463502883911133
boltz-2,seed85_MIA40_model_1.pdb,4.516205310821533
boltz-2,seed85_MIA40_model_2.pdb,4.780986309051514
boltz-2,seed85_MIA40_model_3.pdb,5.081461429595947
boltz-2,seed85_MIA40_model_4.pdb,7.086784839630127
boltz-2,seed86_MIA40_model_0.pdb,4.883975982666016
boltz-2,seed86_MIA40_model_1.pdb,4.7379469871521
boltz-2,seed86_MIA40_model_2.pdb,4.775173664093018
boltz-2,seed86_MIA40_model_3.pdb,5.060110569000244
boltz-2,seed86_MIA40_model_4.pdb,4.860274791717529
boltz-2,seed87_MIA40_model_0.pdb,4.895936965942383
boltz-2,seed87_MIA40_model_1.pdb,4.796880722045898
boltz-2,seed87_MIA40_model_2.pdb,7.570108890533447
boltz-2,seed87_MIA40_model_3.pdb,4.697558879852295
boltz-2,seed87_MIA40_model_4.pdb,4.739019870758057
boltz-2,seed88_MIA40_model_0.pdb,4.904867649078369
boltz-2,seed88_MIA40_model_1.pdb,4.651620388031006
boltz-2,seed88_MIA40_model_2.pdb,4.858243942260742
boltz-2,seed88_MIA40_model_3.pdb,5.361820697784424
boltz-2,seed88_MIA40_model_4.pdb,4.592484951019287
boltz-2,seed89_MIA40_model_0.pdb,5.055606365203857
boltz-2,seed89_MIA40_model_1.pdb,4.900199890136719
boltz-2,seed89_MIA40_model_2.pdb,4.968307018280029
boltz-2,seed89_MIA40_model_3.pdb,5.019105434417725
boltz-2,seed89_MIA40_model_4.pdb,5.526371002197266
boltz-2,seed90_MIA40_model_0.pdb,5.382522106170654
boltz-2,seed90_MIA40_model_1.pdb,5.137879371643066
boltz-2,seed90_MIA40_model_2.pdb,5.197803020477295
boltz-2,seed90_MIA40_model_3.pdb,5.343061923980713
boltz-2,seed90_MIA40_model_4.pdb,8.991724967956543
boltz-2,seed91_MIA40_model_0.pdb,5.100499629974365
boltz-2,seed91_MIA40_model_1.pdb,5.164771556854248
boltz-2,seed91_MIA40_model_2.pdb,4.779435157775879
boltz-2,seed91_MIA40_model_3.pdb,8.092544555664062
boltz-2,seed91_MIA40_model_4.pdb,4.954540252685547
boltz-2,seed92_MIA40_model_0.pdb,5.146205902099609
boltz-2,seed92_MIA40_model_1.pdb,5.23787784576416
boltz-2,seed92_MIA40_model_2.pdb,5.080718517303467
boltz-2,seed92_MIA40_model_3.pdb,5.36023473739624
boltz-2,seed92_MIA40_model_4.pdb,8.053964614868164
boltz-2,seed93_MIA40_model_0.pdb,4.760418891906738
boltz-2,seed93_MIA40_model_1.pdb,5.256965637207031
boltz-2,seed93_MIA40_model_2.pdb,4.723313331604004
boltz-2,seed93_MIA40_model_3.pdb,5.710982799530029
boltz-2,seed93_MIA40_model_4.pdb,4.707657814025879
boltz-2,seed94_MIA40_model_0.pdb,4.930837631225586
boltz-2,seed94_MIA40_model_1.pdb,4.738649845123291
boltz-2,seed94_MIA40_model_2.pdb,5.062614440917969
boltz-2,seed94_MIA40_model_3.pdb,5.004992961883545
boltz-2,seed94_MIA40_model_4.pdb,4.10113525390625
boltz-2,seed95_MIA40_model_0.pdb,4.948379993438721
boltz-2,seed95_MIA40_model_1.pdb,4.550969123840332
boltz-2,seed95_MIA40_model_2.pdb,5.116785526275635
boltz-2,seed95_MIA40_model_3.pdb,4.840180397033691
boltz-2,seed95_MIA40_model_4.pdb,7.991893768310547
boltz-2,seed96_MIA40_model_0.pdb,5.221248626708984
boltz-2,seed96_MIA40_model_1.pdb,5.194351673126221
boltz-2,seed96_MIA40_model_2.pdb,5.018630027770996
boltz-2,seed96_MIA40_model_3.pdb,4.82648229598999
boltz-2,seed96_MIA40_model_4.pdb,4.800534248352051
boltz-2,seed97_MIA40_model_0.pdb,5.820772171020508
boltz-2,seed97_MIA40_model_1.pdb,5.328320026397705
boltz-2,seed97_MIA40_model_2.pdb,4.38129472732544
boltz-2,seed97_MIA40_model_3.pdb,5.351940155029297
boltz-2,seed97_MIA40_model_4.pdb,4.884490966796875
boltz-2,seed98_MIA40_model_0.pdb,4.923096656799316
boltz-2,seed98_MIA40_model_1.pdb,4.811456203460693
boltz-2,seed98_MIA40_model_2.pdb,4.921148777008057
boltz-2,seed98_MIA40_model_3.pdb,4.820211887359619
boltz-2,seed98_MIA40_model_4.pdb,4.250354766845703
boltz-2,seed99_MIA40_model_0.pdb,5.482168197631836
boltz-2,seed99_MIA40_model_1.pdb,7.635753154754639
boltz-2,seed99_MIA40_model_2.pdb,5.137887001037598
boltz-2,seed99_MIA40_model_3.pdb,4.259459495544434
boltz-2,seed99_MIA40_model_4.pdb,4.244348049163818
boltz-2,seed100_MIA40_model_0.pdb,4.804063320159912
boltz-2,seed100_MIA40_model_1.pdb,5.679800510406494
boltz-2,seed100_MIA40_model_2.pdb,8.875203132629395
boltz-2,seed100_MIA40_model_3.pdb,4.849634647369385
boltz-2,seed100_MIA40_model_4.pdb,5.506472110748291
chai-1,pred.model_idx_0-seed_0.pdb,4.889337062835693
chai-1,pred.model_idx_0-seed_1.pdb,5.144790172576904
chai-1,pred.model_idx_0-seed_2.pdb,4.738377094268799
chai-1,pred.model_idx_0-seed_3.pdb,5.041407108306885
chai-1,pred.model_idx_0-seed_4.pdb,4.707775115966797
chai-1,pred.model_idx_0-seed_5.pdb,4.900691509246826
chai-1,pred.model_idx_0-seed_6.pdb,4.86796236038208
chai-1,pred.model_idx_0-seed_7.pdb,4.961405754089356
chai-1,pred.model_idx_0-seed_8.pdb,4.987764358520508
chai-1,pred.model_idx_0-seed_9.pdb,5.260842323303223
chai-1,pred.model_idx_0-seed_10.pdb,4.875602722167969
chai-1,pred.model_idx_0-seed_11.pdb,4.994449615478516
chai-1,pred.model_idx_0-seed_12.pdb,4.955739498138428
chai-1,pred.model_idx_0-seed_13.pdb,4.9553704261779785
chai-1,pred.model_idx_0-seed_14.pdb,4.984403610229492
chai-1,pred.model_idx_0-seed_15.pdb,4.8585076332092285
chai-1,pred.model_idx_0-seed_16.pdb,5.023216247558594
chai-1,pred.model_idx_0-seed_17.pdb,4.794143199920654
chai-1,pred.model_idx_0-seed_18.pdb,5.066415786743164
chai-1,pred.model_idx_0-seed_19.pdb,5.035558223724365
chai-1,pred.model_idx_0-seed_20.pdb,5.213592052459717
chai-1,pred.model_idx_0-seed_21.pdb,4.840366363525391
chai-1,pred.model_idx_0-seed_22.pdb,4.749885559082031
chai-1,pred.model_idx_0-seed_23.pdb,4.744953155517578
chai-1,pred.model_idx_0-seed_24.pdb,4.86910343170166
chai-1,pred.model_idx_0-seed_25.pdb,4.8965163230896
chai-1,pred.model_idx_0-seed_26.pdb,4.957391262054443
chai-1,pred.model_idx_0-seed_27.pdb,4.99989128112793
chai-1,pred.model_idx_0-seed_28.pdb,4.915794849395752
chai-1,pred.model_idx_0-seed_29.pdb,4.942159175872803
chai-1,pred.model_idx_0-seed_30.pdb,5.127809047698975
chai-1,pred.model_idx_0-seed_31.pdb,4.998830795288086
chai-1,pred.model_idx_0-seed_32.pdb,4.873867511749268
chai-1,pred.model_idx_0-seed_33.pdb,5.09450101852417
chai-1,pred.model_idx_0-seed_34.pdb,4.505706310272217
chai-1,pred.model_idx_0-seed_35.pdb,4.826469421386719
chai-1,pred.model_idx_0-seed_36.pdb,5.061348915100098
chai-1,pred.model_idx_0-seed_37.pdb,5.052975177764893
chai-1,pred.model_idx_0-seed_38.pdb,4.85801887512207
chai-1,pred.model_idx_0-seed_39.pdb,4.946367740631104
chai-1,pred.model_idx_0-seed_40.pdb,4.751811027526856
chai-1,pred.model_idx_0-seed_41.pdb,5.1173248291015625
chai-1,pred.model_idx_0-seed_42.pdb,4.889983654022217
chai-1,pred.model_idx_0-seed_43.pdb,4.900428295135498
chai-1,pred.model_idx_0-seed_44.pdb,4.904551982879639
chai-1,pred.model_idx_0-seed_45.pdb,4.9143171310424805
chai-1,pred.model_idx_0-seed_46.pdb,4.936692714691162
chai-1,pred.model_idx_0-seed_47.pdb,4.887495517730713
chai-1,pred.model_idx_0-seed_48.pdb,4.849935054779053
chai-1,pred.model_idx_0-seed_49.pdb,4.931089878082275
chai-1,pred.model_idx_0-seed_50.pdb,4.801571369171143
chai-1,pred.model_idx_0-seed_51.pdb,5.2937445640563965
chai-1,pred.model_idx_0-seed_52.pdb,4.958230018615723
chai-1,pred.model_idx_0-seed_53.pdb,4.65488862991333
chai-1,pred.model_idx_0-seed_54.pdb,4.868865966796875
chai-1,pred.model_idx_0-seed_55.pdb,4.866090774536133
chai-1,pred.model_idx_0-seed_56.pdb,4.893001079559326
chai-1,pred.model_idx_0-seed_57.pdb,5.003676414489746
chai-1,pred.model_idx_0-seed_58.pdb,5.031944274902344
chai-1,pred.model_idx_0-seed_59.pdb,4.424030303955078
chai-1,pred.model_idx_0-seed_60.pdb,4.94302225112915
chai-1,pred.model_idx_0-seed_61.pdb,5.0560455322265625
chai-1,pred.model_idx_0-seed_62.pdb,4.954038619995117
chai-1,pred.model_idx_0-seed_63.pdb,4.981508255004883
chai-1,pred.model_idx_0-seed_64.pdb,5.0281243324279785
chai-1,pred.model_idx_0-seed_65.pdb,4.973267555236816
chai-1,pred.model_idx_0-seed_66.pdb,4.807037353515625
chai-1,pred.model_idx_0-seed_67.pdb,4.493095397949219
chai-1,pred.model_idx_0-seed_68.pdb,5.0951104164123535
chai-1,pred.model_idx_0-seed_69.pdb,4.950067520141602
chai-1,pred.model_idx_0-seed_70.pdb,4.831847190856934
chai-1,pred.model_idx_0-seed_71.pdb,5.247656345367432
chai-1,pred.model_idx_0-seed_72.pdb,5.280032634735107
chai-1,pred.model_idx_0-seed_73.pdb,4.764288902282715
chai-1,pred.model_idx_0-seed_74.pdb,4.667977809906006
chai-1,pred.model_idx_0-seed_75.pdb,5.326258659362793
chai-1,pred.model_idx_0-seed_76.pdb,5.053259372711182
chai-1,pred.model_idx_0-seed_77.pdb,5.014275074005127
chai-1,pred.model_idx_0-seed_78.pdb,4.921979904174805
chai-1,pred.model_idx_0-seed_79.pdb,5.159724712371826
chai-1,pred.model_idx_0-seed_80.pdb,4.780734062194824
chai-1,pred.model_idx_0-seed_81.pdb,5.155336856842041
chai-1,pred.model_idx_0-seed_82.pdb,4.932651519775391
chai-1,pred.model_idx_0-seed_83.pdb,4.888749122619629
chai-1,pred.model_idx_0-seed_84.pdb,4.8759636878967285
chai-1,pred.model_idx_0-seed_85.pdb,4.980111122131348
chai-1,pred.model_idx_0-seed_86.pdb,4.898848056793213
chai-1,pred.model_idx_0-seed_87.pdb,5.063248157501221
chai-1,pred.model_idx_0-seed_88.pdb,5.019166469573975
chai-1,pred.model_idx_0-seed_89.pdb,4.760762691497803
chai-1,pred.model_idx_0-seed_90.pdb,5.021631717681885
chai-1,pred.model_idx_0-seed_91.pdb,5.131611347198486
chai-1,pred.model_idx_0-seed_92.pdb,4.903361797332764
chai-1,pred.model_idx_0-seed_93.pdb,5.214016437530518
chai-1,pred.model_idx_0-seed_94.pdb,5.077362537384033
chai-1,pred.model_idx_0-seed_95.pdb,4.978574275970459
chai-1,pred.model_idx_0-seed_96.pdb,4.995383739471436
chai-1,pred.model_idx_0-seed_97.pdb,5.007356643676758
chai-1,pred.model_idx_0-seed_98.pdb,4.867933750152588
chai-1,pred.model_idx_0-seed_99.pdb,5.039108753204346
chai-1,pred.model_idx_1-seed_0.pdb,5.303863048553467
chai-1,pred.model_idx_1-seed_1.pdb,5.027243137359619
chai-1,pred.model_idx_1-seed_2.pdb,5.181564331054688
chai-1,pred.model_idx_1-seed_3.pdb,4.958241939544678
chai-1,pred.model_idx_1-seed_4.pdb,4.982433795928955
chai-1,pred.model_idx_1-seed_5.pdb,4.735459327697754
chai-1,pred.model_idx_1-seed_6.pdb,4.966504096984863
chai-1,pred.model_idx_1-seed_7.pdb,5.341110229492188
chai-1,pred.model_idx_1-seed_8.pdb,5.04452657699585
chai-1,pred.model_idx_1-seed_9.pdb,5.203135013580322
chai-1,pred.model_idx_1-seed_10.pdb,4.742409706115723
chai-1,pred.model_idx_1-seed_11.pdb,5.091105937957764
chai-1,pred.model_idx_1-seed_12.pdb,5.03070592880249
chai-1,pred.model_idx_1-seed_13.pdb,5.014267921447754
chai-1,pred.model_idx_1-seed_14.pdb,5.04107141494751
chai-1,pred.model_idx_1-seed_15.pdb,4.8386054039001465
chai-1,pred.model_idx_1-seed_16.pdb,4.805721282958984
chai-1,pred.model_idx_1-seed_17.pdb,4.934552192687988
chai-1,pred.model_idx_1-seed_18.pdb,4.877605438232422
chai-1,pred.model_idx_1-seed_19.pdb,4.781507968902588
chai-1,pred.model_idx_1-seed_20.pdb,4.969700336456299
chai-1,pred.model_idx_1-seed_21.pdb,4.902414321899414
chai-1,pred.model_idx_1-seed_22.pdb,4.934255599975586
chai-1,pred.model_idx_1-seed_23.pdb,5.106823921203613
chai-1,pred.model_idx_1-seed_24.pdb,5.4340434074401855
chai-1,pred.model_idx_1-seed_25.pdb,4.725419998168945
chai-1,pred.model_idx_1-seed_26.pdb,4.711635589599609
chai-1,pred.model_idx_1-seed_27.pdb,5.09826135635376
chai-1,pred.model_idx_1-seed_28.pdb,5.26963472366333
chai-1,pred.model_idx_1-seed_29.pdb,4.815102577209473
chai-1,pred.model_idx_1-seed_30.pdb,5.017944812774658
chai-1,pred.model_idx_1-seed_31.pdb,5.128267288208008
chai-1,pred.model_idx_1-seed_32.pdb,4.963204860687256
chai-1,pred.model_idx_1-seed_33.pdb,4.644895076751709
chai-1,pred.model_idx_1-seed_34.pdb,4.864376068115234
chai-1,pred.model_idx_1-seed_35.pdb,5.041251182556152
chai-1,pred.model_idx_1-seed_36.pdb,4.990694046020508
chai-1,pred.model_idx_1-seed_37.pdb,5.084736347198486
chai-1,pred.model_idx_1-seed_38.pdb,5.117072105407715
chai-1,pred.model_idx_1-seed_39.pdb,4.9295759201049805
chai-1,pred.model_idx_1-seed_40.pdb,4.885649681091309
chai-1,pred.model_idx_1-seed_41.pdb,5.030600547790527
chai-1,pred.model_idx_1-seed_42.pdb,4.793568134307861
chai-1,pred.model_idx_1-seed_43.pdb,5.101441383361816
chai-1,pred.model_idx_1-seed_44.pdb,5.131089210510254
chai-1,pred.model_idx_1-seed_45.pdb,4.89223575592041
chai-1,pred.model_idx_1-seed_46.pdb,4.84178638458252
chai-1,pred.model_idx_1-seed_47.pdb,5.346011638641357
chai-1,pred.model_idx_1-seed_48.pdb,4.908450126647949
chai-1,pred.model_idx_1-seed_49.pdb,4.681662082672119
chai-1,pred.model_idx_1-seed_50.pdb,5.14438533782959
chai-1,pred.model_idx_1-seed_51.pdb,5.269480705261231
chai-1,pred.model_idx_1-seed_52.pdb,5.001137733459473
chai-1,pred.model_idx_1-seed_53.pdb,4.811702728271484
chai-1,pred.model_idx_1-seed_54.pdb,4.885023593902588
chai-1,pred.model_idx_1-seed_55.pdb,4.743307113647461
chai-1,pred.model_idx_1-seed_56.pdb,5.095860958099365
chai-1,pred.model_idx_1-seed_57.pdb,5.141574859619141
chai-1,pred.model_idx_1-seed_58.pdb,4.969220161437988
chai-1,pred.model_idx_1-seed_59.pdb,5.203510761260986
chai-1,pred.model_idx_1-seed_60.pdb,4.953385353088379
chai-1,pred.model_idx_1-seed_61.pdb,5.20720100402832
chai-1,pred.model_idx_1-seed_62.pdb,5.077724933624268
chai-1,pred.model_idx_1-seed_63.pdb,4.764165878295898
chai-1,pred.model_idx_1-seed_64.pdb,5.31282901763916
chai-1,pred.model_idx_1-seed_65.pdb,5.083507061004639
chai-1,pred.model_idx_1-seed_66.pdb,4.9023118019104
chai-1,pred.model_idx_1-seed_67.pdb,4.81120491027832
chai-1,pred.model_idx_1-seed_68.pdb,4.951032161712647
chai-1,pred.model_idx_1-seed_69.pdb,5.363925457000732
chai-1,pred.model_idx_1-seed_70.pdb,5.049550533294678
chai-1,pred.model_idx_1-seed_71.pdb,5.108425140380859
chai-1,pred.model_idx_1-seed_72.pdb,4.754157543182373
chai-1,pred.model_idx_1-seed_73.pdb,5.414704322814941
chai-1,pred.model_idx_1-seed_74.pdb,5.220665454864502
chai-1,pred.model_idx_1-seed_75.pdb,4.969967842102051
chai-1,pred.model_idx_1-seed_76.pdb,4.959872245788574
chai-1,pred.model_idx_1-seed_77.pdb,4.897515773773193
chai-1,pred.model_idx_1-seed_78.pdb,5.014548301696777
chai-1,pred.model_idx_1-seed_79.pdb,4.707770824432373
chai-1,pred.model_idx_1-seed_80.pdb,4.891578674316406
chai-1,pred.model_idx_1-seed_81.pdb,4.81636381149292
chai-1,pred.model_idx_1-seed_82.pdb,4.427170753479004
chai-1,pred.model_idx_1-seed_83.pdb,5.044830322265625
chai-1,pred.model_idx_1-seed_84.pdb,4.832277297973633
chai-1,pred.model_idx_1-seed_85.pdb,5.052950859069824
chai-1,pred.model_idx_1-seed_86.pdb,4.758094310760498
chai-1,pred.model_idx_1-seed_87.pdb,5.232814788818359
chai-1,pred.model_idx_1-seed_88.pdb,5.035932540893555
chai-1,pred.model_idx_1-seed_89.pdb,5.011101245880127
chai-1,pred.model_idx_1-seed_90.pdb,4.936973571777344
chai-1,pred.model_idx_1-seed_91.pdb,4.845300197601318
chai-1,pred.model_idx_1-seed_92.pdb,4.94401216506958
chai-1,pred.model_idx_1-seed_93.pdb,5.034533977508545
chai-1,pred.model_idx_1-seed_94.pdb,4.664706230163574
chai-1,pred.model_idx_1-seed_95.pdb,5.304002285003662
chai-1,pred.model_idx_1-seed_96.pdb,4.95684814453125
chai-1,pred.model_idx_1-seed_97.pdb,4.946404933929443
chai-1,pred.model_idx_1-seed_98.pdb,4.919991970062256
chai-1,pred.model_idx_1-seed_99.pdb,5.064290523529053
chai-1,pred.model_idx_2-seed_0.pdb,5.28934383392334
chai-1,pred.model_idx_2-seed_1.pdb,5.284152984619141
chai-1,pred.model_idx_2-seed_2.pdb,4.657970428466797
chai-1,pred.model_idx_2-seed_3.pdb,4.740718364715576
chai-1,pred.model_idx_2-seed_4.pdb,4.89331579208374
chai-1,pred.model_idx_2-seed_5.pdb,5.162556171417236
chai-1,pred.model_idx_2-seed_6.pdb,5.050826549530029
chai-1,pred.model_idx_2-seed_7.pdb,4.88508415222168
chai-1,pred.model_idx_2-seed_8.pdb,5.005544185638428
chai-1,pred.model_idx_2-seed_9.pdb,4.990740776062012
chai-1,pred.model_idx_2-seed_10.pdb,5.227237224578857
chai-1,pred.model_idx_2-seed_11.pdb,4.869071006774902
chai-1,pred.model_idx_2-seed_12.pdb,4.827771186828613
chai-1,pred.model_idx_2-seed_13.pdb,5.356849670410156
chai-1,pred.model_idx_2-seed_14.pdb,5.28026008605957
chai-1,pred.model_idx_2-seed_15.pdb,5.209797859191895
chai-1,pred.model_idx_2-seed_16.pdb,5.036733150482178
chai-1,pred.model_idx_2-seed_17.pdb,4.90276575088501
chai-1,pred.model_idx_2-seed_18.pdb,5.00776481628418
chai-1,pred.model_idx_2-seed_19.pdb,4.7021331787109375
chai-1,pred.model_idx_2-seed_20.pdb,4.971068382263184
chai-1,pred.model_idx_2-seed_21.pdb,5.269424915313721
chai-1,pred.model_idx_2-seed_22.pdb,5.345858573913574
chai-1,pred.model_idx_2-seed_23.pdb,4.787065982818604
chai-1,pred.model_idx_2-seed_24.pdb,4.896299362182617
chai-1,pred.model_idx_2-seed_25.pdb,4.477482318878174
chai-1,pred.model_idx_2-seed_26.pdb,5.029997825622559
chai-1,pred.model_idx_2-seed_27.pdb,4.7389302253723145
chai-1,pred.model_idx_2-seed_28.pdb,4.931125164031982
chai-1,pred.model_idx_2-seed_29.pdb,4.947203636169434
chai-1,pred.model_idx_2-seed_30.pdb,4.817315101623535
chai-1,pred.model_idx_2-seed_31.pdb,4.932164192199707
chai-1,pred.model_idx_2-seed_32.pdb,4.889736652374268
chai-1,pred.model_idx_2-seed_33.pdb,5.053575038909912
chai-1,pred.model_idx_2-seed_34.pdb,5.114262104034424
chai-1,pred.model_idx_2-seed_35.pdb,5.0569376945495605
chai-1,pred.model_idx_2-seed_36.pdb,4.762510299682617
chai-1,pred.model_idx_2-seed_37.pdb,4.791787624359131
chai-1,pred.model_idx_2-seed_38.pdb,4.860796451568604
chai-1,pred.model_idx_2-seed_39.pdb,4.962049961090088
chai-1,pred.model_idx_2-seed_40.pdb,4.759909152984619
chai-1,pred.model_idx_2-seed_41.pdb,4.923201084136963
chai-1,pred.model_idx_2-seed_42.pdb,4.636960983276367
chai-1,pred.model_idx_2-seed_43.pdb,4.851795673370361
chai-1,pred.model_idx_2-seed_44.pdb,4.933415412902832
chai-1,pred.model_idx_2-seed_45.pdb,5.0068039894104
chai-1,pred.model_idx_2-seed_46.pdb,5.112194061279297
chai-1,pred.model_idx_2-seed_47.pdb,5.036097049713135
chai-1,pred.model_idx_2-seed_48.pdb,5.11484432220459
chai-1,pred.model_idx_2-seed_49.pdb,4.868246555328369
chai-1,pred.model_idx_2-seed_50.pdb,4.830829620361328
chai-1,pred.model_idx_2-seed_51.pdb,5.20258378982544
chai-1,pred.model_idx_2-seed_52.pdb,4.832532405853272
chai-1,pred.model_idx_2-seed_53.pdb,5.284675121307373
chai-1,pred.model_idx_2-seed_54.pdb,4.845134258270264
chai-1,pred.model_idx_2-seed_55.pdb,4.874444961547852
chai-1,pred.model_idx_2-seed_56.pdb,4.966176986694336
chai-1,pred.model_idx_2-seed_57.pdb,5.061450004577637
chai-1,pred.model_idx_2-seed_58.pdb,5.326756954193115
chai-1,pred.model_idx_2-seed_59.pdb,4.935133934020996
chai-1,pred.model_idx_2-seed_60.pdb,4.846686840057373
chai-1,pred.model_idx_2-seed_61.pdb,4.802525520324707
chai-1,pred.model_idx_2-seed_62.pdb,4.986995697021484
chai-1,pred.model_idx_2-seed_63.pdb,5.240453243255615
chai-1,pred.model_idx_2-seed_64.pdb,5.024538516998291
chai-1,pred.model_idx_2-seed_65.pdb,5.303203105926514
chai-1,pred.model_idx_2-seed_66.pdb,4.961618423461914
chai-1,pred.model_idx_2-seed_67.pdb,4.90334415435791
chai-1,pred.model_idx_2-seed_68.pdb,5.028263092041016
chai-1,pred.model_idx_2-seed_69.pdb,4.930898189544678
chai-1,pred.model_idx_2-seed_70.pdb,5.024550437927246
chai-1,pred.model_idx_2-seed_71.pdb,4.981011390686035
chai-1,pred.model_idx_2-seed_72.pdb,5.284633159637451
chai-1,pred.model_idx_2-seed_73.pdb,5.170527935028076
chai-1,pred.model_idx_2-seed_74.pdb,4.8541789054870605
chai-1,pred.model_idx_2-seed_75.pdb,4.803979396820068
chai-1,pred.model_idx_2-seed_76.pdb,5.091989517211914
chai-1,pred.model_idx_2-seed_77.pdb,4.991779804229736
chai-1,pred.model_idx_2-seed_78.pdb,4.968885898590088
chai-1,pred.model_idx_2-seed_79.pdb,5.0493340492248535
chai-1,pred.model_idx_2-seed_80.pdb,4.790524482727051
chai-1,pred.model_idx_2-seed_81.pdb,5.230284690856934
chai-1,pred.model_idx_2-seed_82.pdb,4.7800116539001465
chai-1,pred.model_idx_2-seed_83.pdb,5.049463272094727
chai-1,pred.model_idx_2-seed_84.pdb,5.023984432220459
chai-1,pred.model_idx_2-seed_85.pdb,4.583726406097412
chai-1,pred.model_idx_2-seed_86.pdb,4.979348659515381
chai-1,pred.model_idx_2-seed_87.pdb,5.019730567932129
chai-1,pred.model_idx_2-seed_88.pdb,5.117475509643555
chai-1,pred.model_idx_2-seed_89.pdb,5.251510143280029
chai-1,pred.model_idx_2-seed_90.pdb,5.106754779815674
chai-1,pred.model_idx_2-seed_91.pdb,5.083200454711914
chai-1,pred.model_idx_2-seed_92.pdb,4.833225727081299
chai-1,pred.model_idx_2-seed_93.pdb,4.699426651000977
chai-1,pred.model_idx_2-seed_94.pdb,4.923854827880859
chai-1,pred.model_idx_2-seed_95.pdb,4.954943656921387
chai-1,pred.model_idx_2-seed_96.pdb,5.16329288482666
chai-1,pred.model_idx_2-seed_97.pdb,4.965639114379883
chai-1,pred.model_idx_2-seed_98.pdb,4.951289653778076
chai-1,pred.model_idx_2-seed_99.pdb,4.76143217086792
chai-1,pred.model_idx_3-seed_0.pdb,4.809783935546875
chai-1,pred.model_idx_3-seed_1.pdb,4.952141761779785
chai-1,pred.model_idx_3-seed_2.pdb,4.791651248931885
chai-1,pred.model_idx_3-seed_3.pdb,4.971868515014648
chai-1,pred.model_idx_3-seed_4.pdb,4.887799263000488
chai-1,pred.model_idx_3-seed_5.pdb,5.170180320739746
chai-1,pred.model_idx_3-seed_6.pdb,4.94636344909668
chai-1,pred.model_idx_3-seed_7.pdb,5.289170265197754
chai-1,pred.model_idx_3-seed_8.pdb,4.922343254089356
chai-1,pred.model_idx_3-seed_9.pdb,4.9626312255859375
chai-1,pred.model_idx_3-seed_10.pdb,5.078936576843262
chai-1,pred.model_idx_3-seed_11.pdb,5.187877178192139
chai-1,pred.model_idx_3-seed_12.pdb,4.86937952041626
chai-1,pred.model_idx_3-seed_13.pdb,5.068402290344238
chai-1,pred.model_idx_3-seed_14.pdb,4.688727378845215
chai-1,pred.model_idx_3-seed_15.pdb,4.921969890594482
chai-1,pred.model_idx_3-seed_16.pdb,5.14682674407959
chai-1,pred.model_idx_3-seed_17.pdb,5.135334491729736
chai-1,pred.model_idx_3-seed_18.pdb,4.959204196929932
chai-1,pred.model_idx_3-seed_19.pdb,5.051182270050049
chai-1,pred.model_idx_3-seed_20.pdb,5.046420574188232
chai-1,pred.model_idx_3-seed_21.pdb,4.849428653717041
chai-1,pred.model_idx_3-seed_22.pdb,5.033449172973633
chai-1,pred.model_idx_3-seed_23.pdb,4.786898136138916
chai-1,pred.model_idx_3-seed_24.pdb,5.013638496398926
chai-1,pred.model_idx_3-seed_25.pdb,4.745147228240967
chai-1,pred.model_idx_3-seed_26.pdb,4.848021984100342
chai-1,pred.model_idx_3-seed_27.pdb,4.979416847229004
chai-1,pred.model_idx_3-seed_28.pdb,5.418028831481934
chai-1,pred.model_idx_3-seed_29.pdb,5.259677886962891
chai-1,pred.model_idx_3-seed_30.pdb,4.984328269958496
chai-1,pred.model_idx_3-seed_31.pdb,5.097836971282959
chai-1,pred.model_idx_3-seed_32.pdb,5.086438179016113
chai-1,pred.model_idx_3-seed_33.pdb,5.214935302734375
chai-1,pred.model_idx_3-seed_34.pdb,4.792335510253906
chai-1,pred.model_idx_3-seed_35.pdb,4.869638919830322
chai-1,pred.model_idx_3-seed_36.pdb,4.9944281578063965
chai-1,pred.model_idx_3-seed_37.pdb,4.928480625152588
chai-1,pred.model_idx_3-seed_38.pdb,4.968112468719482
chai-1,pred.model_idx_3-seed_39.pdb,4.801270484924316
chai-1,pred.model_idx_3-seed_40.pdb,5.111222267150879
chai-1,pred.model_idx_3-seed_41.pdb,5.1510210037231445
chai-1,pred.model_idx_3-seed_42.pdb,4.820017814636231
chai-1,pred.model_idx_3-seed_43.pdb,5.160257339477539
chai-1,pred.model_idx_3-seed_44.pdb,5.325003147125244
chai-1,pred.model_idx_3-seed_45.pdb,5.251192092895508
chai-1,pred.model_idx_3-seed_46.pdb,5.290269374847412
chai-1,pred.model_idx_3-seed_47.pdb,5.042343616485596
chai-1,pred.model_idx_3-seed_48.pdb,4.917718887329102
chai-1,pred.model_idx_3-seed_49.pdb,4.690253257751465
chai-1,pred.model_idx_3-seed_50.pdb,5.146854400634766
chai-1,pred.model_idx_3-seed_51.pdb,5.165672302246094
chai-1,pred.model_idx_3-seed_52.pdb,4.67464017868042
chai-1,pred.model_idx_3-seed_53.pdb,5.00226640701294
chai-1,pred.model_idx_3-seed_54.pdb,4.920836448669434
chai-1,pred.model_idx_3-seed_55.pdb,5.2338151931762695
chai-1,pred.model_idx_3-seed_56.pdb,4.7459235191345215
chai-1,pred.model_idx_3-seed_57.pdb,4.995412349700928
chai-1,pred.model_idx_3-seed_58.pdb,4.8212080001831055
chai-1,pred.model_idx_3-seed_59.pdb,5.031391620635986
chai-1,pred.model_idx_3-seed_60.pdb,5.225253582000732
chai-1,pred.model_idx_3-seed_61.pdb,4.659649848937988
chai-1,pred.model_idx_3-seed_62.pdb,5.00240421295166
chai-1,pred.model_idx_3-seed_63.pdb,5.045859336853027
chai-1,pred.model_idx_3-seed_64.pdb,4.94582462310791
chai-1,pred.model_idx_3-seed_65.pdb,5.038031578063965
chai-1,pred.model_idx_3-seed_66.pdb,5.173664093017578
chai-1,pred.model_idx_3-seed_67.pdb,4.929958820343018
chai-1,pred.model_idx_3-seed_68.pdb,4.733798503875732
chai-1,pred.model_idx_3-seed_69.pdb,5.066351413726807
chai-1,pred.model_idx_3-seed_70.pdb,4.729089736938477
chai-1,pred.model_idx_3-seed_71.pdb,4.740647315979004
chai-1,pred.model_idx_3-seed_72.pdb,5.169368743896484
chai-1,pred.model_idx_3-seed_73.pdb,5.003493309020996
chai-1,pred.model_idx_3-seed_74.pdb,4.945494651794434
chai-1,pred.model_idx_3-seed_75.pdb,5.226716995239258
chai-1,pred.model_idx_3-seed_76.pdb,4.844455242156982
chai-1,pred.model_idx_3-seed_77.pdb,5.2231526374816895
chai-1,pred.model_idx_3-seed_78.pdb,5.0578932762146
chai-1,pred.model_idx_3-seed_79.pdb,4.729662418365479
chai-1,pred.model_idx_3-seed_80.pdb,4.686920642852783
chai-1,pred.model_idx_3-seed_81.pdb,5.135094165802002
chai-1,pred.model_idx_3-seed_82.pdb,5.073110580444336
chai-1,pred.model_idx_3-seed_83.pdb,5.1981520652771
chai-1,pred.model_idx_3-seed_84.pdb,5.21622371673584
chai-1,pred.model_idx_3-seed_85.pdb,4.8498945236206055
chai-1,pred.model_idx_3-seed_86.pdb,5.031064510345459
chai-1,pred.model_idx_3-seed_87.pdb,4.75808048248291
chai-1,pred.model_idx_3-seed_88.pdb,5.028512001037598
chai-1,pred.model_idx_3-seed_89.pdb,5.1238274574279785
chai-1,pred.model_idx_3-seed_90.pdb,4.865310192108154
chai-1,pred.model_idx_3-seed_91.pdb,5.248217105865479
chai-1,pred.model_idx_3-seed_92.pdb,5.010901927947998
chai-1,pred.model_idx_3-seed_93.pdb,4.935011386871338
chai-1,pred.model_idx_3-seed_94.pdb,4.970297336578369
chai-1,pred.model_idx_3-seed_95.pdb,5.1383256912231445
chai-1,pred.model_idx_3-seed_96.pdb,4.772802829742432
chai-1,pred.model_idx_3-seed_97.pdb,4.8957624435424805
chai-1,pred.model_idx_3-seed_98.pdb,4.971692562103272
chai-1,pred.model_idx_3-seed_99.pdb,4.954883098602295
chai-1,pred.model_idx_4-seed_0.pdb,5.102995872497559
chai-1,pred.model_idx_4-seed_1.pdb,5.090008735656738
chai-1,pred.model_idx_4-seed_2.pdb,4.913302421569824
chai-1,pred.model_idx_4-seed_3.pdb,4.990987777709961
chai-1,pred.model_idx_4-seed_4.pdb,5.017562389373779
chai-1,pred.model_idx_4-seed_5.pdb,4.845748424530029
chai-1,pred.model_idx_4-seed_6.pdb,4.857393741607666
chai-1,pred.model_idx_4-seed_7.pdb,5.0857462882995605
chai-1,pred.model_idx_4-seed_8.pdb,4.944585800170898
chai-1,pred.model_idx_4-seed_9.pdb,4.84886646270752
chai-1,pred.model_idx_4-seed_10.pdb,5.0294694900512695
chai-1,pred.model_idx_4-seed_11.pdb,5.089074611663818
chai-1,pred.model_idx_4-seed_12.pdb,4.958448886871338
chai-1,pred.model_idx_4-seed_13.pdb,4.914782524108887
chai-1,pred.model_idx_4-seed_14.pdb,4.759237766265869
chai-1,pred.model_idx_4-seed_15.pdb,4.732595443725586
chai-1,pred.model_idx_4-seed_16.pdb,5.1162428855896
chai-1,pred.model_idx_4-seed_17.pdb,5.105612277984619
chai-1,pred.model_idx_4-seed_18.pdb,4.542603015899658
chai-1,pred.model_idx_4-seed_19.pdb,4.778358459472656
chai-1,pred.model_idx_4-seed_20.pdb,5.117861270904541
chai-1,pred.model_idx_4-seed_21.pdb,5.210268020629883
chai-1,pred.model_idx_4-seed_22.pdb,5.176169872283936
chai-1,pred.model_idx_4-seed_23.pdb,4.9504241943359375
chai-1,pred.model_idx_4-seed_24.pdb,4.769564628601074
chai-1,pred.model_idx_4-seed_25.pdb,5.390598297119141
chai-1,pred.model_idx_4-seed_26.pdb,4.9773268699646
chai-1,pred.model_idx_4-seed_27.pdb,5.0881829261779785
chai-1,pred.model_idx_4-seed_28.pdb,4.892354965209961
chai-1,pred.model_idx_4-seed_29.pdb,4.9625325202941895
chai-1,pred.model_idx_4-seed_30.pdb,5.141111850738525
chai-1,pred.model_idx_4-seed_31.pdb,5.079168319702148
chai-1,pred.model_idx_4-seed_32.pdb,5.109097003936768
chai-1,pred.model_idx_4-seed_33.pdb,5.000859260559082
chai-1,pred.model_idx_4-seed_34.pdb,4.973953723907471
chai-1,pred.model_idx_4-seed_35.pdb,4.936351776123047
chai-1,pred.model_idx_4-seed_36.pdb,4.82698392868042
chai-1,pred.model_idx_4-seed_37.pdb,5.13156795501709
chai-1,pred.model_idx_4-seed_38.pdb,5.455543518066406
chai-1,pred.model_idx_4-seed_39.pdb,5.119734764099121
chai-1,pred.model_idx_4-seed_40.pdb,5.345000267028809
chai-1,pred.model_idx_4-seed_41.pdb,5.096873760223389
chai-1,pred.model_idx_4-seed_42.pdb,4.8819780349731445
chai-1,pred.model_idx_4-seed_43.pdb,4.874126434326172
chai-1,pred.model_idx_4-seed_44.pdb,5.122674465179443
chai-1,pred.model_idx_4-seed_45.pdb,4.728292942047119
chai-1,pred.model_idx_4-seed_46.pdb,5.086181163787842
chai-1,pred.model_idx_4-seed_47.pdb,4.883347034454346
chai-1,pred.model_idx_4-seed_48.pdb,4.878037452697754
chai-1,pred.model_idx_4-seed_49.pdb,4.822845458984375
chai-1,pred.model_idx_4-seed_50.pdb,11.276723861694336
chai-1,pred.model_idx_4-seed_51.pdb,4.781032562255859
chai-1,pred.model_idx_4-seed_52.pdb,4.941983699798584
chai-1,pred.model_idx_4-seed_53.pdb,5.437009811401367
chai-1,pred.model_idx_4-seed_54.pdb,4.962053298950195
chai-1,pred.model_idx_4-seed_55.pdb,4.977293968200684
chai-1,pred.model_idx_4-seed_56.pdb,5.240597724914551
chai-1,pred.model_idx_4-seed_57.pdb,4.936724662780762
chai-1,pred.model_idx_4-seed_58.pdb,4.672870635986328
chai-1,pred.model_idx_4-seed_59.pdb,5.07105827331543
chai-1,pred.model_idx_4-seed_60.pdb,4.968357563018799
chai-1,pred.model_idx_4-seed_61.pdb,4.882862567901611
chai-1,pred.model_idx_4-seed_62.pdb,4.892341136932373
chai-1,pred.model_idx_4-seed_63.pdb,5.037990093231201
chai-1,pred.model_idx_4-seed_64.pdb,5.084908962249756
chai-1,pred.model_idx_4-seed_65.pdb,4.706062316894531
chai-1,pred.model_idx_4-seed_66.pdb,4.74455451965332
chai-1,pred.model_idx_4-seed_67.pdb,4.9061479568481445
chai-1,pred.model_idx_4-seed_68.pdb,4.888097286224365
chai-1,pred.model_idx_4-seed_69.pdb,5.203228950500488
chai-1,pred.model_idx_4-seed_70.pdb,5.090329647064209
chai-1,pred.model_idx_4-seed_71.pdb,5.151033878326416
chai-1,pred.model_idx_4-seed_72.pdb,5.016088485717773
chai-1,pred.model_idx_4-seed_73.pdb,4.9189653396606445
chai-1,pred.model_idx_4-seed_74.pdb,4.965964794158936
chai-1,pred.model_idx_4-seed_75.pdb,4.816285133361816
chai-1,pred.model_idx_4-seed_76.pdb,5.213581085205078
chai-1,pred.model_idx_4-seed_77.pdb,4.967351913452148
chai-1,pred.model_idx_4-seed_78.pdb,5.368003845214844
chai-1,pred.model_idx_4-seed_79.pdb,4.686758041381836
chai-1,pred.model_idx_4-seed_80.pdb,5.109152793884277
chai-1,pred.model_idx_4-seed_81.pdb,4.875016212463379
chai-1,pred.model_idx_4-seed_82.pdb,4.941257953643799
chai-1,pred.model_idx_4-seed_83.pdb,4.906370162963867
chai-1,pred.model_idx_4-seed_84.pdb,4.991994380950928
chai-1,pred.model_idx_4-seed_85.pdb,5.004061698913574
chai-1,pred.model_idx_4-seed_86.pdb,4.577434062957764
chai-1,pred.model_idx_4-seed_87.pdb,4.886744499206543
chai-1,pred.model_idx_4-seed_88.pdb,4.796378612518311
chai-1,pred.model_idx_4-seed_89.pdb,4.915500164031982
chai-1,pred.model_idx_4-seed_90.pdb,5.062926769256592
chai-1,pred.model_idx_4-seed_91.pdb,4.927388668060303
chai-1,pred.model_idx_4-seed_92.pdb,4.999215126037598
chai-1,pred.model_idx_4-seed_93.pdb,5.052809238433838
chai-1,pred.model_idx_4-seed_94.pdb,4.907092094421387
chai-1,pred.model_idx_4-seed_95.pdb,4.990468502044678
chai-1,pred.model_idx_4-seed_96.pdb,4.915410041809082
chai-1,pred.model_idx_4-seed_97.pdb,5.028891563415527
chai-1,pred.model_idx_4-seed_98.pdb,4.899919509887695
chai-1,pred.model_idx_4-seed_99.pdb,4.721045017242432
minniefold,mia40-scenario1_0_unrelaxed_rank_001_alphafold2_multimer_v1_model_4_seed_001.pdb,7.355905055999756
minniefold,mia40-scenario1_0_unrelaxed_rank_002_alphafold2_multimer_v1_model_4_seed_000.pdb,6.275202751159668
minniefold,mia40-scenario1_0_unrelaxed_rank_003_alphafold2_multimer_v1_model_1_seed_000.pdb,6.264614582061768
minniefold,mia40-scenario1_0_unrelaxed_rank_004_alphafold2_multimer_v1_model_2_seed_000.pdb,6.414798736572266
minniefold,mia40-scenario1_0_unrelaxed_rank_005_alphafold2_multimer_v1_model_4_seed_002.pdb,9.499701499938965
minniefold,mia40-scenario1_0_unrelaxed_rank_006_alphafold2_multimer_v1_model_1_seed_001.pdb,7.377269268035889
minniefold,mia40-scenario1_0_unrelaxed_rank_007_alphafold2_multimer_v1_model_3_seed_002.pdb,9.271373748779297
minniefold,mia40-scenario1_0_unrelaxed_rank_008_alphafold2_multimer_v1_model_3_seed_000.pdb,6.103391170501709
minniefold,mia40-scenario1_0_unrelaxed_rank_009_alphafold2_multimer_v1_model_2_seed_002.pdb,11.336151123046877
minniefold,mia40-scenario1_0_unrelaxed_rank_010_alphafold2_multimer_v1_model_2_seed_001.pdb,7.498820304870605
minniefold,mia40-scenario1_0_unrelaxed_rank_011_alphafold2_multimer_v1_model_4_seed_003.pdb,8.876138687133789
minniefold,mia40-scenario1_0_unrelaxed_rank_012_alphafold2_multimer_v1_model_3_seed_001.pdb,6.870726585388184
minniefold,mia40-scenario1_0_unrelaxed_rank_013_alphafold2_multimer_v1_model_1_seed_002.pdb,10.485296249389648
minniefold,mia40-scenario1_0_unrelaxed_rank_014_alphafold2_multimer_v1_model_1_seed_003.pdb,8.248701095581055
minniefold,mia40-scenario1_0_unrelaxed_rank_015_alphafold2_multimer_v1_model_3_seed_003.pdb,7.13911771774292
minniefold,mia40-scenario1_0_unrelaxed_rank_016_alphafold2_multimer_v1_model_2_seed_003.pdb,8.122909545898438
minniefold,mia40-scenario1_0_unrelaxed_rank_017_alphafold2_multimer_v1_model_5_seed_000.pdb,6.444336891174316
minniefold,mia40-scenario1_0_unrelaxed_rank_018_alphafold2_multimer_v1_model_5_seed_001.pdb,6.995625972747803
minniefold,mia40-scenario1_0_unrelaxed_rank_019_alphafold2_multimer_v1_model_5_seed_002.pdb,8.061400413513184
minniefold,mia40-scenario1_0_unrelaxed_rank_020_alphafold2_multimer_v1_model_5_seed_003.pdb,7.697482109069824
minniefold,mia40-scenario2_0_unrelaxed_rank_001_alphafold2_multimer_v2_model_3_seed_001.pdb,5.224323272705078
minniefold,mia40-scenario2_0_unrelaxed_rank_002_alphafold2_multimer_v2_model_1_seed_001.pdb,5.224223613739014
minniefold,mia40-scenario2_0_unrelaxed_rank_003_alphafold2_multimer_v2_model_1_seed_000.pdb,5.042172431945801
minniefold,mia40-scenario2_0_unrelaxed_rank_004_alphafold2_multimer_v2_model_3_seed_002.pdb,5.277721405029297
minniefold,mia40-scenario2_0_unrelaxed_rank_005_alphafold2_multimer_v2_model_3_seed_003.pdb,5.202316284179688
minniefold,mia40-scenario2_0_unrelaxed_rank_006_alphafold2_multimer_v2_model_5_seed_001.pdb,5.200969696044922
minniefold,mia40-scenario2_0_unrelaxed_rank_007_alphafold2_multimer_v2_model_1_seed_003.pdb,5.127511978149414
minniefold,mia40-scenario2_0_unrelaxed_rank_008_alphafold2_multimer_v2_model_3_seed_000.pdb,5.020140171051025
minniefold,mia40-scenario2_0_unrelaxed_rank_009_alphafold2_multimer_v2_model_4_seed_001.pdb,5.0964789390563965
minniefold,mia40-scenario2_0_unrelaxed_rank_010_alphafold2_multimer_v2_model_2_seed_001.pdb,5.093762874603272
minniefold,mia40-scenario2_0_unrelaxed_rank_011_alphafold2_multimer_v2_model_1_seed_002.pdb,5.128078460693359
minniefold,mia40-scenario2_0_unrelaxed_rank_012_alphafold2_multimer_v2_model_2_seed_003.pdb,5.075984954833984
minniefold,mia40-scenario2_0_unrelaxed_rank_013_alphafold2_multimer_v2_model_4_seed_000.pdb,4.938597202301025
minniefold,mia40-scenario2_0_unrelaxed_rank_014_alphafold2_multimer_v2_model_5_seed_003.pdb,5.1785149574279785
minniefold,mia40-scenario2_0_unrelaxed_rank_015_alphafold2_multimer_v2_model_2_seed_000.pdb,4.968177318572998
minniefold,mia40-scenario2_0_unrelaxed_rank_016_alphafold2_multimer_v2_model_2_seed_002.pdb,5.161891937255859
minniefold,mia40-scenario2_0_unrelaxed_rank_017_alphafold2_multimer_v2_model_4_seed_003.pdb,5.104538917541504
minniefold,mia40-scenario2_0_unrelaxed_rank_018_alphafold2_multimer_v2_model_5_seed_000.pdb,5.060552597045898
minniefold,mia40-scenario2_0_unrelaxed_rank_019_alphafold2_multimer_v2_model_5_seed_002.pdb,5.3784499168396
minniefold,mia40-scenario2_0_unrelaxed_rank_020_alphafold2_multimer_v2_model_4_seed_002.pdb,5.2148284912109375
minniefold,mia40-scenario3_0_unrelaxed_rank_001_alphafold2_multimer_v3_model_1_seed_002.pdb,4.918312072753906
minniefold,mia40-scenario3_0_unrelaxed_rank_002_alphafold2_multimer_v3_model_1_seed_001.pdb,4.904747486114502
minniefold,mia40-scenario3_0_unrelaxed_rank_003_alphafold2_multimer_v3_model_1_seed_000.pdb,4.7922444343566895
minniefold,mia40-scenario3_0_unrelaxed_rank_004_alphafold2_multimer_v3_model_5_seed_001.pdb,5.041838645935059
minniefold,mia40-scenario3_0_unrelaxed_rank_005_alphafold2_multimer_v3_model_1_seed_003.pdb,4.833624839782715
minniefold,mia40-scenario3_0_unrelaxed_rank_006_alphafold2_multimer_v3_model_3_seed_001.pdb,4.911650657653809
minniefold,mia40-scenario3_0_unrelaxed_rank_007_alphafold2_multimer_v3_model_4_seed_000.pdb,4.913382530212402
minniefold,mia40-scenario3_0_unrelaxed_rank_008_alphafold2_multimer_v3_model_4_seed_002.pdb,5.064358234405518
minniefold,mia40-scenario3_0_unrelaxed_rank_009_alphafold2_multimer_v3_model_4_seed_001.pdb,5.002125263214111
minniefold,mia40-scenario3_0_unrelaxed_rank_010_alphafold2_multimer_v3_model_5_seed_000.pdb,4.869792461395264
minniefold,mia40-scenario3_0_unrelaxed_rank_011_alphafold2_multimer_v3_model_4_seed_003.pdb,4.962538719177246
minniefold,mia40-scenario3_0_unrelaxed_rank_012_alphafold2_multimer_v3_model_5_seed_003.pdb,4.893777370452881
minniefold,mia40-scenario3_0_unrelaxed_rank_013_alphafold2_multimer_v3_model_2_seed_001.pdb,5.162412643432617
minniefold,mia40-scenario3_0_unrelaxed_rank_014_alphafold2_multimer_v3_model_3_seed_000.pdb,4.705664157867432
minniefold,mia40-scenario3_0_unrelaxed_rank_015_alphafold2_multimer_v3_model_2_seed_002.pdb,5.18390417098999
minniefold,mia40-scenario3_0_unrelaxed_rank_016_alphafold2_multimer_v3_model_3_seed_003.pdb,4.875213146209717
minniefold,mia40-scenario3_0_unrelaxed_rank_017_alphafold2_multimer_v3_model_2_seed_000.pdb,4.8928704261779785
minniefold,mia40-scenario3_0_unrelaxed_rank_018_alphafold2_multimer_v3_model_2_seed_003.pdb,5.1301679611206055
minniefold,mia40-scenario3_0_unrelaxed_rank_019_alphafold2_multimer_v3_model_5_seed_002.pdb,5.25234317779541
minniefold,mia40-scenario3_0_unrelaxed_rank_020_alphafold2_multimer_v3_model_3_seed_002.pdb,5.101215839385986
minniefold,mia40-scenario4_0_unrelaxed_rank_001_alphafold2_multimer_v1_model_4_seed_001.pdb,7.9564924240112305
minniefold,mia40-scenario4_0_unrelaxed_rank_002_alphafold2_multimer_v1_model_1_seed_001.pdb,7.640416145324707
minniefold,mia40-scenario4_0_unrelaxed_rank_003_alphafold2_multimer_v1_model_2_seed_000.pdb,6.859248161315918
minniefold,mia40-scenario4_0_unrelaxed_rank_004_alphafold2_multimer_v1_model_3_seed_001.pdb,7.344208717346191
minniefold,mia40-scenario4_0_unrelaxed_rank_005_alphafold2_multimer_v1_model_4_seed_000.pdb,6.683184623718262
minniefold,mia40-scenario4_0_unrelaxed_rank_006_alphafold2_multimer_v1_model_1_seed_000.pdb,6.362602710723877
minniefold,mia40-scenario4_0_unrelaxed_rank_007_alphafold2_multimer_v1_model_3_seed_000.pdb,6.370133876800537
minniefold,mia40-scenario4_0_unrelaxed_rank_008_alphafold2_multimer_v1_model_2_seed_001.pdb,7.7834391593933105
minniefold,mia40-scenario4_0_unrelaxed_rank_009_alphafold2_multimer_v1_model_3_seed_002.pdb,9.751517295837402
minniefold,mia40-scenario4_0_unrelaxed_rank_010_alphafold2_multimer_v1_model_4_seed_002.pdb,9.899767875671388
minniefold,mia40-scenario4_0_unrelaxed_rank_011_alphafold2_multimer_v1_model_4_seed_003.pdb,9.341985702514648
minniefold,mia40-scenario4_0_unrelaxed_rank_012_alphafold2_multimer_v1_model_2_seed_003.pdb,8.989888191223145
minniefold,mia40-scenario4_0_unrelaxed_rank_013_alphafold2_multimer_v1_model_2_seed_002.pdb,11.641722679138184
minniefold,mia40-scenario4_0_unrelaxed_rank_014_alphafold2_multimer_v1_model_1_seed_002.pdb,10.83935832977295
minniefold,mia40-scenario4_0_unrelaxed_rank_015_alphafold2_multimer_v1_model_1_seed_003.pdb,8.456539154052734
minniefold,mia40-scenario4_0_unrelaxed_rank_016_alphafold2_multimer_v1_model_3_seed_003.pdb,7.86680793762207
minniefold,mia40-scenario4_0_unrelaxed_rank_017_alphafold2_multimer_v1_model_5_seed_001.pdb,7.265719890594482
minniefold,mia40-scenario4_0_unrelaxed_rank_018_alphafold2_multimer_v1_model_5_seed_000.pdb,6.622811794281006
minniefold,mia40-scenario4_0_unrelaxed_rank_019_alphafold2_multimer_v1_model_5_seed_003.pdb,7.878703594207764
minniefold,mia40-scenario4_0_unrelaxed_rank_020_alphafold2_multimer_v1_model_5_seed_002.pdb,8.437529563903809
minniefold,mia40-scenario5_0_unrelaxed_rank_001_alphafold2_multimer_v2_model_3_seed_001.pdb,5.255661964416504
minniefold,mia40-scenario5_0_unrelaxed_rank_002_alphafold2_multimer_v2_model_1_seed_000.pdb,5.043635845184326
minniefold,mia40-scenario5_0_unrelaxed_rank_003_alphafold2_multimer_v2_model_1_seed_001.pdb,5.240879535675049
minniefold,mia40-scenario5_0_unrelaxed_rank_004_alphafold2_multimer_v2_model_3_seed_002.pdb,5.310050010681152
minniefold,mia40-scenario5_0_unrelaxed_rank_005_alphafold2_multimer_v2_model_3_seed_003.pdb,5.22298526763916
minniefold,mia40-scenario5_0_unrelaxed_rank_006_alphafold2_multimer_v2_model_5_seed_001.pdb,5.212479591369629
minniefold,mia40-scenario5_0_unrelaxed_rank_007_alphafold2_multimer_v2_model_1_seed_003.pdb,5.151905536651611
minniefold,mia40-scenario5_0_unrelaxed_rank_008_alphafold2_multimer_v2_model_2_seed_001.pdb,5.109758377075195
minniefold,mia40-scenario5_0_unrelaxed_rank_009_alphafold2_multimer_v2_model_4_seed_001.pdb,5.118009567260742
minniefold,mia40-scenario5_0_unrelaxed_rank_010_alphafold2_multimer_v2_model_4_seed_000.pdb,4.938648700714111
minniefold,mia40-scenario5_0_unrelaxed_rank_011_alphafold2_multimer_v2_model_2_seed_000.pdb,4.973533153533936
minniefold,mia40-scenario5_0_unrelaxed_rank_012_alphafold2_multimer_v2_model_2_seed_003.pdb,5.087649822235107
minniefold,mia40-scenario5_0_unrelaxed_rank_013_alphafold2_multimer_v2_model_5_seed_003.pdb,5.178484916687012
minniefold,mia40-scenario5_0_unrelaxed_rank_014_alphafold2_multimer_v2_model_2_seed_002.pdb,5.206377029418945
minniefold,mia40-scenario5_0_unrelaxed_rank_015_alphafold2_multimer_v2_model_5_seed_002.pdb,5.349499702453613
minniefold,mia40-scenario5_0_unrelaxed_rank_016_alphafold2_multimer_v2_model_1_seed_002.pdb,5.101880073547363
minniefold,mia40-scenario5_0_unrelaxed_rank_017_alphafold2_multimer_v2_model_4_seed_003.pdb,5.112936973571777
minniefold,mia40-scenario5_0_unrelaxed_rank_018_alphafold2_multimer_v2_model_3_seed_000.pdb,5.03958797454834
minniefold,mia40-scenario5_0_unrelaxed_rank_019_alphafold2_multimer_v2_model_5_seed_000.pdb,5.042472839355469
minniefold,mia40-scenario5_0_unrelaxed_rank_020_alphafold2_multimer_v2_model_4_seed_002.pdb,5.271815776824951
minniefold,mia40-scenario6_0_unrelaxed_rank_001_alphafold2_multimer_v3_model_1_seed_001.pdb,4.916203022003174
minniefold,mia40-scenario6_0_unrelaxed_rank_002_alphafold2_multimer_v3_model_1_seed_002.pdb,4.913876056671143
minniefold,mia40-scenario6_0_unrelaxed_rank_003_alphafold2_multimer_v3_model_5_seed_001.pdb,5.033479690551758
minniefold,mia40-scenario6_0_unrelaxed_rank_004_alphafold2_multimer_v3_model_1_seed_003.pdb,4.853271484375
minniefold,mia40-scenario6_0_unrelaxed_rank_005_alphafold2_multimer_v3_model_1_seed_000.pdb,4.806147575378418
minniefold,mia40-scenario6_0_unrelaxed_rank_006_alphafold2_multimer_v3_model_3_seed_001.pdb,4.881426811218262
minniefold,mia40-scenario6_0_unrelaxed_rank_007_alphafold2_multimer_v3_model_4_seed_001.pdb,4.959196090698242
minniefold,mia40-scenario6_0_unrelaxed_rank_008_alphafold2_multimer_v3_model_5_seed_000.pdb,4.900537490844727
minniefold,mia40-scenario6_0_unrelaxed_rank_009_alphafold2_multimer_v3_model_2_seed_001.pdb,5.107009410858154
minniefold,mia40-scenario6_0_unrelaxed_rank_010_alphafold2_multimer_v3_model_4_seed_003.pdb,4.986364841461182
minniefold,mia40-scenario6_0_unrelaxed_rank_011_alphafold2_multimer_v3_model_4_seed_002.pdb,5.073885440826416
minniefold,mia40-scenario6_0_unrelaxed_rank_012_alphafold2_multimer_v3_model_4_seed_000.pdb,4.95543384552002
minniefold,mia40-scenario6_0_unrelaxed_rank_013_alphafold2_multimer_v3_model_5_seed_003.pdb,4.884961128234863
minniefold,mia40-scenario6_0_unrelaxed_rank_014_alphafold2_multimer_v3_model_3_seed_000.pdb,4.718305587768555
minniefold,mia40-scenario6_0_unrelaxed_rank_015_alphafold2_multimer_v3_model_2_seed_002.pdb,5.154230117797852
minniefold,mia40-scenario6_0_unrelaxed_rank_016_alphafold2_multimer_v3_model_2_seed_000.pdb,4.922801494598389
minniefold,mia40-scenario6_0_unrelaxed_rank_017_alphafold2_multimer_v3_model_2_seed_003.pdb,5.066932678222656
minniefold,mia40-scenario6_0_unrelaxed_rank_018_alphafold2_multimer_v3_model_5_seed_002.pdb,5.246416568756104
minniefold,mia40-scenario6_0_unrelaxed_rank_019_alphafold2_multimer_v3_model_3_seed_003.pdb,4.948020458221436
minniefold,mia40-scenario6_0_unrelaxed_rank_020_alphafold2_multimer_v3_model_3_seed_002.pdb,5.193539142608643
minniefold,mia40-scenario7_0_unrelaxed_rank_001_alphafold2_multimer_v1_model_4_seed_000.pdb,7.668583869934082
minniefold,mia40-scenario7_0_unrelaxed_rank_002_alphafold2_multimer_v1_model_1_seed_000.pdb,6.588287830352783
minniefold,mia40-scenario7_0_unrelaxed_rank_003_alphafold2_multimer_v1_model_4_seed_001.pdb,8.293987274169922
minniefold,mia40-scenario7_0_unrelaxed_rank_004_alphafold2_multimer_v1_model_3_seed_000.pdb,6.86246919631958
minniefold,mia40-scenario7_0_unrelaxed_rank_005_alphafold2_multimer_v1_model_2_seed_000.pdb,7.094671249389648
minniefold,mia40-scenario7_0_unrelaxed_rank_006_alphafold2_multimer_v1_model_3_seed_001.pdb,7.034573078155518
minniefold,mia40-scenario7_0_unrelaxed_rank_007_alphafold2_multimer_v1_model_1_seed_001.pdb,7.422416687011719
minniefold,mia40-scenario7_0_unrelaxed_rank_008_alphafold2_multimer_v1_model_4_seed_002.pdb,8.220499992370605
minniefold,mia40-scenario7_0_unrelaxed_rank_009_alphafold2_multimer_v1_model_2_seed_002.pdb,8.12087631225586
minniefold,mia40-scenario7_0_unrelaxed_rank_010_alphafold2_multimer_v1_model_2_seed_001.pdb,7.952835559844971
minniefold,mia40-scenario7_0_unrelaxed_rank_011_alphafold2_multimer_v1_model_3_seed_002.pdb,7.084267139434815
minniefold,mia40-scenario7_0_unrelaxed_rank_012_alphafold2_multimer_v1_model_3_seed_003.pdb,8.414445877075195
minniefold,mia40-scenario7_0_unrelaxed_rank_013_alphafold2_multimer_v1_model_1_seed_002.pdb,7.628685474395752
minniefold,mia40-scenario7_0_unrelaxed_rank_014_alphafold2_multimer_v1_model_1_seed_003.pdb,7.357115745544434
minniefold,mia40-scenario7_0_unrelaxed_rank_015_alphafold2_multimer_v1_model_4_seed_003.pdb,8.14879322052002
minniefold,mia40-scenario7_0_unrelaxed_rank_016_alphafold2_multimer_v1_model_2_seed_003.pdb,8.244758605957031
minniefold,mia40-scenario7_0_unrelaxed_rank_017_alphafold2_multimer_v1_model_5_seed_001.pdb,7.53082275390625
minniefold,mia40-scenario7_0_unrelaxed_rank_018_alphafold2_multimer_v1_model_5_seed_002.pdb,7.36430549621582
minniefold,mia40-scenario7_0_unrelaxed_rank_019_alphafold2_multimer_v1_model_5_seed_000.pdb,7.059879302978516
minniefold,mia40-scenario7_0_unrelaxed_rank_020_alphafold2_multimer_v1_model_5_seed_003.pdb,7.556086540222168
minniefold,mia40-scenario8_0_unrelaxed_rank_001_alphafold2_multimer_v1_model_4_seed_000.pdb,8.18868350982666
minniefold,mia40-scenario8_0_unrelaxed_rank_002_alphafold2_multimer_v1_model_1_seed_000.pdb,7.908598899841309
minniefold,mia40-scenario8_0_unrelaxed_rank_003_alphafold2_multimer_v1_model_3_seed_000.pdb,6.725702285766602
minniefold,mia40-scenario8_0_unrelaxed_rank_004_alphafold2_multimer_v1_model_3_seed_002.pdb,7.117362976074219
minniefold,mia40-scenario8_0_unrelaxed_rank_005_alphafold2_multimer_v1_model_1_seed_002.pdb,7.305405139923096
minniefold,mia40-scenario8_0_unrelaxed_rank_006_alphafold2_multimer_v1_model_1_seed_003.pdb,7.52271842956543
minniefold,mia40-scenario8_0_unrelaxed_rank_007_alphafold2_multimer_v1_model_4_seed_003.pdb,7.805787563323975
minniefold,mia40-scenario8_0_unrelaxed_rank_008_alphafold2_multimer_v1_model_2_seed_000.pdb,7.945725917816162
minniefold,mia40-scenario8_0_unrelaxed_rank_009_alphafold2_multimer_v1_model_3_seed_003.pdb,6.928289890289307
minniefold,mia40-scenario8_0_unrelaxed_rank_010_alphafold2_multimer_v1_model_2_seed_003.pdb,7.602553367614746
minniefold,mia40-scenario8_0_unrelaxed_rank_011_alphafold2_multimer_v1_model_4_seed_002.pdb,7.653073310852051
minniefold,mia40-scenario8_0_unrelaxed_rank_012_alphafold2_multimer_v1_model_2_seed_002.pdb,7.4947638511657715
minniefold,mia40-scenario8_0_unrelaxed_rank_013_alphafold2_multimer_v1_model_4_seed_001.pdb,7.5152268409729
minniefold,mia40-scenario8_0_unrelaxed_rank_014_alphafold2_multimer_v1_model_1_seed_001.pdb,6.955535888671875
minniefold,mia40-scenario8_0_unrelaxed_rank_015_alphafold2_multimer_v1_model_3_seed_001.pdb,6.561703681945801
minniefold,mia40-scenario8_0_unrelaxed_rank_016_alphafold2_multimer_v1_model_2_seed_001.pdb,6.957705497741699
minniefold,mia40-scenario8_0_unrelaxed_rank_017_alphafold2_multimer_v1_model_5_seed_000.pdb,7.403219699859619
minniefold,mia40-scenario8_0_unrelaxed_rank_018_alphafold2_multimer_v1_model_5_seed_002.pdb,7.460870742797852
minniefold,mia40-scenario8_0_unrelaxed_rank_019_alphafold2_multimer_v1_model_5_seed_003.pdb,7.372190952301025
minniefold,mia40-scenario8_0_unrelaxed_rank_020_alphafold2_multimer_v1_model_5_seed_001.pdb,7.135403156280518
minniefold,mia40-scenario9_0_unrelaxed_rank_001_alphafold2_multimer_v2_model_1_seed_000.pdb,5.270880222320557
minniefold,mia40-scenario9_0_unrelaxed_rank_002_alphafold2_multimer_v2_model_3_seed_002.pdb,5.166348457336426
minniefold,mia40-scenario9_0_unrelaxed_rank_003_alphafold2_multimer_v2_model_3_seed_000.pdb,5.35147762298584
minniefold,mia40-scenario9_0_unrelaxed_rank_004_alphafold2_multimer_v2_model_3_seed_001.pdb,5.068757057189941
minniefold,mia40-scenario9_0_unrelaxed_rank_005_alphafold2_multimer_v2_model_5_seed_000.pdb,5.273195743560791
minniefold,mia40-scenario9_0_unrelaxed_rank_006_alphafold2_multimer_v2_model_2_seed_000.pdb,5.169607639312744
minniefold,mia40-scenario9_0_unrelaxed_rank_007_alphafold2_multimer_v2_model_1_seed_002.pdb,5.19309663772583
minniefold,mia40-scenario9_0_unrelaxed_rank_008_alphafold2_multimer_v2_model_5_seed_002.pdb,5.302469253540039
minniefold,mia40-scenario9_0_unrelaxed_rank_009_alphafold2_multimer_v2_model_1_seed_001.pdb,5.010369777679443
minniefold,mia40-scenario9_0_unrelaxed_rank_010_alphafold2_multimer_v2_model_2_seed_002.pdb,5.134334564208984
minniefold,mia40-scenario9_0_unrelaxed_rank_011_alphafold2_multimer_v2_model_5_seed_001.pdb,5.181725978851318
minniefold,mia40-scenario9_0_unrelaxed_rank_012_alphafold2_multimer_v2_model_4_seed_002.pdb,5.1657538414001465
minniefold,mia40-scenario9_0_unrelaxed_rank_013_alphafold2_multimer_v2_model_3_seed_003.pdb,5.343314170837402
minniefold,mia40-scenario9_0_unrelaxed_rank_014_alphafold2_multimer_v2_model_4_seed_000.pdb,5.281391143798828
minniefold,mia40-scenario9_0_unrelaxed_rank_015_alphafold2_multimer_v2_model_4_seed_001.pdb,4.953050136566162
minniefold,mia40-scenario9_0_unrelaxed_rank_016_alphafold2_multimer_v2_model_2_seed_001.pdb,4.975368976593018
minniefold,mia40-scenario9_0_unrelaxed_rank_017_alphafold2_multimer_v2_model_1_seed_003.pdb,5.250041961669922
minniefold,mia40-scenario9_0_unrelaxed_rank_018_alphafold2_multimer_v2_model_5_seed_003.pdb,5.382304191589356
minniefold,mia40-scenario9_0_unrelaxed_rank_019_alphafold2_multimer_v2_model_2_seed_003.pdb,5.179612159729004
minniefold,mia40-scenario9_0_unrelaxed_rank_020_alphafold2_multimer_v2_model_4_seed_003.pdb,5.259817123413086
minniefold,mia40-scenario10_0_unrelaxed_rank_001_alphafold2_multimer_v2_model_1_seed_003.pdb,5.1708083152771
minniefold,mia40-scenario10_0_unrelaxed_rank_002_alphafold2_multimer_v2_model_3_seed_003.pdb,5.299376487731934
minniefold,mia40-scenario10_0_unrelaxed_rank_003_alphafold2_multimer_v2_model_3_seed_000.pdb,5.166892051696777
minniefold,mia40-scenario10_0_unrelaxed_rank_004_alphafold2_multimer_v2_model_3_seed_001.pdb,5.228456497192383
minniefold,mia40-scenario10_0_unrelaxed_rank_005_alphafold2_multimer_v2_model_5_seed_003.pdb,5.236950397491455
minniefold,mia40-scenario10_0_unrelaxed_rank_006_alphafold2_multimer_v2_model_1_seed_000.pdb,5.095431327819824
minniefold,mia40-scenario10_0_unrelaxed_rank_007_alphafold2_multimer_v2_model_3_seed_002.pdb,5.23858118057251
minniefold,mia40-scenario10_0_unrelaxed_rank_008_alphafold2_multimer_v2_model_1_seed_001.pdb,5.0997467041015625
minniefold,mia40-scenario10_0_unrelaxed_rank_009_alphafold2_multimer_v2_model_4_seed_003.pdb,5.162317752838135
minniefold,mia40-scenario10_0_unrelaxed_rank_010_alphafold2_multimer_v2_model_5_seed_000.pdb,5.202254295349121
minniefold,mia40-scenario10_0_unrelaxed_rank_011_alphafold2_multimer_v2_model_5_seed_001.pdb,5.208589553833008
minniefold,mia40-scenario10_0_unrelaxed_rank_012_alphafold2_multimer_v2_model_2_seed_001.pdb,5.042730331420898
minniefold,mia40-scenario10_0_unrelaxed_rank_013_alphafold2_multimer_v2_model_2_seed_000.pdb,5.123269081115723
minniefold,mia40-scenario10_0_unrelaxed_rank_014_alphafold2_multimer_v2_model_2_seed_003.pdb,5.12774133682251
minniefold,mia40-scenario10_0_unrelaxed_rank_015_alphafold2_multimer_v2_model_4_seed_000.pdb,5.108099460601807
minniefold,mia40-scenario10_0_unrelaxed_rank_016_alphafold2_multimer_v2_model_4_seed_001.pdb,5.081635475158691
minniefold,mia40-scenario10_0_unrelaxed_rank_017_alphafold2_multimer_v2_model_4_seed_002.pdb,5.165176868438721
minniefold,mia40-scenario10_0_unrelaxed_rank_018_alphafold2_multimer_v2_model_1_seed_002.pdb,5.220440864562988
minniefold,mia40-scenario10_0_unrelaxed_rank_019_alphafold2_multimer_v2_model_5_seed_002.pdb,5.336420059204102
minniefold,mia40-scenario10_0_unrelaxed_rank_020_alphafold2_multimer_v2_model_2_seed_002.pdb,5.182073593139648
minniefold,mia40-scenario11_0_unrelaxed_rank_001_alphafold2_multimer_v3_model_1_seed_000.pdb,5.095190048217773
minniefold,mia40-scenario11_0_unrelaxed_rank_002_alphafold2_multimer_v3_model_1_seed_001.pdb,4.892413139343262
minniefold,mia40-scenario11_0_unrelaxed_rank_003_alphafold2_multimer_v3_model_1_seed_002.pdb,4.882767677307129
minniefold,mia40-scenario11_0_unrelaxed_rank_004_alphafold2_multimer_v3_model_2_seed_000.pdb,5.22470235824585
minniefold,mia40-scenario11_0_unrelaxed_rank_005_alphafold2_multimer_v3_model_5_seed_002.pdb,5.021424770355225
minniefold,mia40-scenario11_0_unrelaxed_rank_006_alphafold2_multimer_v3_model_5_seed_000.pdb,5.068160057067871
minniefold,mia40-scenario11_0_unrelaxed_rank_007_alphafold2_multimer_v3_model_3_seed_000.pdb,5.016654968261719
minniefold,mia40-scenario11_0_unrelaxed_rank_008_alphafold2_multimer_v3_model_1_seed_003.pdb,5.122929096221924
minniefold,mia40-scenario11_0_unrelaxed_rank_009_alphafold2_multimer_v3_model_2_seed_002.pdb,5.002478122711182
minniefold,mia40-scenario11_0_unrelaxed_rank_010_alphafold2_multimer_v3_model_4_seed_002.pdb,5.021623611450195
minniefold,mia40-scenario11_0_unrelaxed_rank_011_alphafold2_multimer_v3_model_4_seed_001.pdb,4.923495292663574
minniefold,mia40-scenario11_0_unrelaxed_rank_012_alphafold2_multimer_v3_model_4_seed_000.pdb,5.195844650268555
minniefold,mia40-scenario11_0_unrelaxed_rank_013_alphafold2_multimer_v3_model_2_seed_001.pdb,5.039143562316895
minniefold,mia40-scenario11_0_unrelaxed_rank_014_alphafold2_multimer_v3_model_3_seed_002.pdb,4.911267280578613
minniefold,mia40-scenario11_0_unrelaxed_rank_015_alphafold2_multimer_v3_model_3_seed_001.pdb,4.896223545074463
minniefold,mia40-scenario11_0_unrelaxed_rank_016_alphafold2_multimer_v3_model_5_seed_001.pdb,4.964498043060303
minniefold,mia40-scenario11_0_unrelaxed_rank_017_alphafold2_multimer_v3_model_2_seed_003.pdb,5.399884223937988
minniefold,mia40-scenario11_0_unrelaxed_rank_018_alphafold2_multimer_v3_model_5_seed_003.pdb,5.270328998565674
minniefold,mia40-scenario11_0_unrelaxed_rank_019_alphafold2_multimer_v3_model_4_seed_003.pdb,5.451833248138428
minniefold,mia40-scenario11_0_unrelaxed_rank_020_alphafold2_multimer_v3_model_3_seed_003.pdb,5.511477470397949
minniefold,mia40-scenario12_0_unrelaxed_rank_001_alphafold2_multimer_v3_model_1_seed_003.pdb,5.104198932647705
minniefold,mia40-scenario12_0_unrelaxed_rank_002_alphafold2_multimer_v3_model_4_seed_001.pdb,4.91756010055542
minniefold,mia40-scenario12_0_unrelaxed_rank_003_alphafold2_multimer_v3_model_1_seed_000.pdb,4.904956340789795
minniefold,mia40-scenario12_0_unrelaxed_rank_004_alphafold2_multimer_v3_model_1_seed_001.pdb,4.843961715698242
minniefold,mia40-scenario12_0_unrelaxed_rank_005_alphafold2_multimer_v3_model_5_seed_001.pdb,5.050635814666748
minniefold,mia40-scenario12_0_unrelaxed_rank_006_alphafold2_multimer_v3_model_5_seed_003.pdb,5.0833516120910645
minniefold,mia40-scenario12_0_unrelaxed_rank_007_alphafold2_multimer_v3_model_4_seed_002.pdb,5.142791748046875
minniefold,mia40-scenario12_0_unrelaxed_rank_008_alphafold2_multimer_v3_model_3_seed_001.pdb,4.9222612380981445
minniefold,mia40-scenario12_0_unrelaxed_rank_009_alphafold2_multimer_v3_model_1_seed_002.pdb,5.085543632507324
minniefold,mia40-scenario12_0_unrelaxed_rank_010_alphafold2_multimer_v3_model_4_seed_003.pdb,5.194236755371094
minniefold,mia40-scenario12_0_unrelaxed_rank_011_alphafold2_multimer_v3_model_2_seed_001.pdb,4.925127029418945
minniefold,mia40-scenario12_0_unrelaxed_rank_012_alphafold2_multimer_v3_model_5_seed_002.pdb,5.0278191566467285
minniefold,mia40-scenario12_0_unrelaxed_rank_013_alphafold2_multimer_v3_model_2_seed_003.pdb,5.208762645721436
minniefold,mia40-scenario12_0_unrelaxed_rank_014_alphafold2_multimer_v3_model_4_seed_000.pdb,5.055806636810303
minniefold,mia40-scenario12_0_unrelaxed_rank_015_alphafold2_multimer_v3_model_3_seed_002.pdb,5.138082981109619
minniefold,mia40-scenario12_0_unrelaxed_rank_016_alphafold2_multimer_v3_model_3_seed_003.pdb,5.134541034698486
minniefold,mia40-scenario12_0_unrelaxed_rank_017_alphafold2_multimer_v3_model_5_seed_000.pdb,5.17530632019043
minniefold,mia40-scenario12_0_unrelaxed_rank_018_alphafold2_multimer_v3_model_2_seed_000.pdb,5.342508316040039
minniefold,mia40-scenario12_0_unrelaxed_rank_019_alphafold2_multimer_v3_model_2_seed_002.pdb,5.457303524017334
minniefold,mia40-scenario12_0_unrelaxed_rank_020_alphafold2_multimer_v3_model_3_seed_000.pdb,5.20300817489624
minniefold,mia40-scenario13_0_unrelaxed_rank_001_alphafold2_multimer_v1_model_4_seed_000.pdb,7.486835479736328
minniefold,mia40-scenario13_0_unrelaxed_rank_002_alphafold2_multimer_v1_model_4_seed_001.pdb,8.167442321777344
minniefold,mia40-scenario13_0_unrelaxed_rank_003_alphafold2_multimer_v1_model_1_seed_000.pdb,6.396160125732422
minniefold,mia40-scenario13_0_unrelaxed_rank_004_alphafold2_multimer_v1_model_1_seed_001.pdb,7.269331932067871
minniefold,mia40-scenario13_0_unrelaxed_rank_005_alphafold2_multimer_v1_model_4_seed_002.pdb,8.075889587402344
minniefold,mia40-scenario13_0_unrelaxed_rank_006_alphafold2_multimer_v1_model_3_seed_000.pdb,6.447763442993164
minniefold,mia40-scenario13_0_unrelaxed_rank_007_alphafold2_multimer_v1_model_2_seed_000.pdb,6.759866237640381
minniefold,mia40-scenario13_0_unrelaxed_rank_008_alphafold2_multimer_v1_model_3_seed_001.pdb,6.681569576263428
minniefold,mia40-scenario13_0_unrelaxed_rank_009_alphafold2_multimer_v1_model_3_seed_002.pdb,6.539228439331055
minniefold,mia40-scenario13_0_unrelaxed_rank_010_alphafold2_multimer_v1_model_4_seed_003.pdb,8.061410903930664
minniefold,mia40-scenario13_0_unrelaxed_rank_011_alphafold2_multimer_v1_model_1_seed_002.pdb,7.176074981689453
minniefold,mia40-scenario13_0_unrelaxed_rank_012_alphafold2_multimer_v1_model_2_seed_001.pdb,7.385113716125488
minniefold,mia40-scenario13_0_unrelaxed_rank_013_alphafold2_multimer_v1_model_2_seed_002.pdb,6.906369209289551
minniefold,mia40-scenario13_0_unrelaxed_rank_014_alphafold2_multimer_v1_model_1_seed_003.pdb,7.032748699188232
minniefold,mia40-scenario13_0_unrelaxed_rank_015_alphafold2_multimer_v1_model_3_seed_003.pdb,7.662277698516846
minniefold,mia40-scenario13_0_unrelaxed_rank_016_alphafold2_multimer_v1_model_2_seed_003.pdb,7.340847492218018
minniefold,mia40-scenario13_0_unrelaxed_rank_017_alphafold2_multimer_v1_model_5_seed_001.pdb,7.150692462921143
minniefold,mia40-scenario13_0_unrelaxed_rank_018_alphafold2_multimer_v1_model_5_seed_002.pdb,6.97064208984375
minniefold,mia40-scenario13_0_unrelaxed_rank_019_alphafold2_multimer_v1_model_5_seed_000.pdb,6.810144424438477
minniefold,mia40-scenario13_0_unrelaxed_rank_020_alphafold2_multimer_v1_model_5_seed_003.pdb,7.243258953094482
minniefold,mia40-scenario14_0_unrelaxed_rank_001_alphafold2_multimer_v1_model_4_seed_000.pdb,8.096447944641113
minniefold,mia40-scenario14_0_unrelaxed_rank_002_alphafold2_multimer_v1_model_4_seed_003.pdb,7.65654706954956
minniefold,mia40-scenario14_0_unrelaxed_rank_003_alphafold2_multimer_v1_model_1_seed_000.pdb,7.45364236831665
minniefold,mia40-scenario14_0_unrelaxed_rank_004_alphafold2_multimer_v1_model_3_seed_000.pdb,6.448660373687744
minniefold,mia40-scenario14_0_unrelaxed_rank_005_alphafold2_multimer_v1_model_1_seed_003.pdb,7.222387313842773
minniefold,mia40-scenario14_0_unrelaxed_rank_006_alphafold2_multimer_v1_model_4_seed_002.pdb,7.637803554534912
minniefold,mia40-scenario14_0_unrelaxed_rank_007_alphafold2_multimer_v1_model_3_seed_002.pdb,6.805022239685059
minniefold,mia40-scenario14_0_unrelaxed_rank_008_alphafold2_multimer_v1_model_1_seed_002.pdb,7.113335132598877
minniefold,mia40-scenario14_0_unrelaxed_rank_009_alphafold2_multimer_v1_model_4_seed_001.pdb,7.396060943603516
minniefold,mia40-scenario14_0_unrelaxed_rank_010_alphafold2_multimer_v1_model_2_seed_000.pdb,7.402729034423828
minniefold,mia40-scenario14_0_unrelaxed_rank_011_alphafold2_multimer_v1_model_3_seed_003.pdb,6.5661702156066895
minniefold,mia40-scenario14_0_unrelaxed_rank_012_alphafold2_multimer_v1_model_2_seed_003.pdb,7.046538352966309
minniefold,mia40-scenario14_0_unrelaxed_rank_013_alphafold2_multimer_v1_model_2_seed_002.pdb,7.084826946258545
minniefold,mia40-scenario14_0_unrelaxed_rank_014_alphafold2_multimer_v1_model_1_seed_001.pdb,6.877066612243652
minniefold,mia40-scenario14_0_unrelaxed_rank_015_alphafold2_multimer_v1_model_2_seed_001.pdb,6.719359874725342
minniefold,mia40-scenario14_0_unrelaxed_rank_016_alphafold2_multimer_v1_model_3_seed_001.pdb,6.208312034606934
minniefold,mia40-scenario14_0_unrelaxed_rank_017_alphafold2_multimer_v1_model_5_seed_000.pdb,7.089836597442627
minniefold,mia40-scenario14_0_unrelaxed_rank_018_alphafold2_multimer_v1_model_5_seed_002.pdb,7.230084419250488
minniefold,mia40-scenario14_0_unrelaxed_rank_019_alphafold2_multimer_v1_model_5_seed_003.pdb,6.935454845428467
minniefold,mia40-scenario14_0_unrelaxed_rank_020_alphafold2_multimer_v1_model_5_seed_001.pdb,6.91519021987915
minniefold,mia40-scenario15_0_unrelaxed_rank_001_alphafold2_multimer_v2_model_3_seed_002.pdb,5.156210899353027
minniefold,mia40-scenario15_0_unrelaxed_rank_002_alphafold2_multimer_v2_model_1_seed_000.pdb,5.246155261993408
minniefold,mia40-scenario15_0_unrelaxed_rank_003_alphafold2_multimer_v2_model_3_seed_001.pdb,5.086010932922363
minniefold,mia40-scenario15_0_unrelaxed_rank_004_alphafold2_multimer_v2_model_3_seed_000.pdb,5.331186771392822
minniefold,mia40-scenario15_0_unrelaxed_rank_005_alphafold2_multimer_v2_model_1_seed_002.pdb,5.154414176940918
minniefold,mia40-scenario15_0_unrelaxed_rank_006_alphafold2_multimer_v2_model_5_seed_000.pdb,5.260763168334961
minniefold,mia40-scenario15_0_unrelaxed_rank_007_alphafold2_multimer_v2_model_2_seed_000.pdb,5.162079811096191
minniefold,mia40-scenario15_0_unrelaxed_rank_008_alphafold2_multimer_v2_model_1_seed_001.pdb,4.999880313873291
minniefold,mia40-scenario15_0_unrelaxed_rank_009_alphafold2_multimer_v2_model_4_seed_002.pdb,5.155996322631836
minniefold,mia40-scenario15_0_unrelaxed_rank_010_alphafold2_multimer_v2_model_5_seed_002.pdb,5.304843425750732
minniefold,mia40-scenario15_0_unrelaxed_rank_011_alphafold2_multimer_v2_model_3_seed_003.pdb,5.316340923309326
minniefold,mia40-scenario15_0_unrelaxed_rank_012_alphafold2_multimer_v2_model_5_seed_001.pdb,5.149399757385254
minniefold,mia40-scenario15_0_unrelaxed_rank_013_alphafold2_multimer_v2_model_4_seed_001.pdb,4.958150386810303
minniefold,mia40-scenario15_0_unrelaxed_rank_014_alphafold2_multimer_v2_model_4_seed_000.pdb,5.268674850463867
minniefold,mia40-scenario15_0_unrelaxed_rank_015_alphafold2_multimer_v2_model_2_seed_002.pdb,5.113530158996582
minniefold,mia40-scenario15_0_unrelaxed_rank_016_alphafold2_multimer_v2_model_1_seed_003.pdb,5.218851566314697
minniefold,mia40-scenario15_0_unrelaxed_rank_017_alphafold2_multimer_v2_model_5_seed_003.pdb,5.382678985595703
minniefold,mia40-scenario15_0_unrelaxed_rank_018_alphafold2_multimer_v2_model_2_seed_003.pdb,5.179532051086426
minniefold,mia40-scenario15_0_unrelaxed_rank_019_alphafold2_multimer_v2_model_2_seed_001.pdb,4.965523719787598
minniefold,mia40-scenario15_0_unrelaxed_rank_020_alphafold2_multimer_v2_model_4_seed_003.pdb,5.244621276855469
minniefold,mia40-scenario16_0_unrelaxed_rank_001_alphafold2_multimer_v2_model_3_seed_001.pdb,5.200979232788086
minniefold,mia40-scenario16_0_unrelaxed_rank_002_alphafold2_multimer_v2_model_3_seed_000.pdb,5.117877960205078
minniefold,mia40-scenario16_0_unrelaxed_rank_003_alphafold2_multimer_v2_model_1_seed_003.pdb,5.171981334686279
minniefold,mia40-scenario16_0_unrelaxed_rank_004_alphafold2_multimer_v2_model_3_seed_003.pdb,5.258821964263916
minniefold,mia40-scenario16_0_unrelaxed_rank_005_alphafold2_multimer_v2_model_1_seed_000.pdb,5.077360153198242
minniefold,mia40-scenario16_0_unrelaxed_rank_006_alphafold2_multimer_v2_model_5_seed_003.pdb,5.263888835906982
minniefold,mia40-scenario16_0_unrelaxed_rank_007_alphafold2_multimer_v2_model_3_seed_002.pdb,5.2160491943359375
minniefold,mia40-scenario16_0_unrelaxed_rank_008_alphafold2_multimer_v2_model_1_seed_001.pdb,5.11093282699585
minniefold,mia40-scenario16_0_unrelaxed_rank_009_alphafold2_multimer_v2_model_4_seed_003.pdb,5.151236534118652
minniefold,mia40-scenario16_0_unrelaxed_rank_010_alphafold2_multimer_v2_model_5_seed_000.pdb,5.164292335510254
minniefold,mia40-scenario16_0_unrelaxed_rank_011_alphafold2_multimer_v2_model_5_seed_001.pdb,5.206488132476807
minniefold,mia40-scenario16_0_unrelaxed_rank_012_alphafold2_multimer_v2_model_2_seed_001.pdb,5.059590816497803
minniefold,mia40-scenario16_0_unrelaxed_rank_013_alphafold2_multimer_v2_model_4_seed_000.pdb,5.092652797698975
minniefold,mia40-scenario16_0_unrelaxed_rank_014_alphafold2_multimer_v2_model_2_seed_003.pdb,5.1254072189331055
minniefold,mia40-scenario16_0_unrelaxed_rank_015_alphafold2_multimer_v2_model_2_seed_000.pdb,5.104516983032227
minniefold,mia40-scenario16_0_unrelaxed_rank_016_alphafold2_multimer_v2_model_4_seed_001.pdb,5.052019119262695
minniefold,mia40-scenario16_0_unrelaxed_rank_017_alphafold2_multimer_v2_model_1_seed_002.pdb,5.221415042877197
minniefold,mia40-scenario16_0_unrelaxed_rank_018_alphafold2_multimer_v2_model_4_seed_002.pdb,5.18156623840332
minniefold,mia40-scenario16_0_unrelaxed_rank_019_alphafold2_multimer_v2_model_5_seed_002.pdb,5.307041168212891
minniefold,mia40-scenario16_0_unrelaxed_rank_020_alphafold2_multimer_v2_model_2_seed_002.pdb,5.226130485534668
minniefold,mia40-scenario17_0_unrelaxed_rank_001_alphafold2_multimer_v3_model_1_seed_000.pdb,5.065351486206055
minniefold,mia40-scenario17_0_unrelaxed_rank_002_alphafold2_multimer_v3_model_1_seed_001.pdb,4.888131141662598
minniefold,mia40-scenario17_0_unrelaxed_rank_003_alphafold2_multimer_v3_model_1_seed_002.pdb,4.889876365661621
minniefold,mia40-scenario17_0_unrelaxed_rank_004_alphafold2_multimer_v3_model_3_seed_000.pdb,4.97719144821167
minniefold,mia40-scenario17_0_unrelaxed_rank_005_alphafold2_multimer_v3_model_5_seed_002.pdb,4.99894905090332
minniefold,mia40-scenario17_0_unrelaxed_rank_006_alphafold2_multimer_v3_model_2_seed_000.pdb,5.236382961273193
minniefold,mia40-scenario17_0_unrelaxed_rank_007_alphafold2_multimer_v3_model_5_seed_000.pdb,5.079864978790283
minniefold,mia40-scenario17_0_unrelaxed_rank_008_alphafold2_multimer_v3_model_4_seed_001.pdb,4.947036743164063
minniefold,mia40-scenario17_0_unrelaxed_rank_009_alphafold2_multimer_v3_model_4_seed_000.pdb,5.169559955596924
minniefold,mia40-scenario17_0_unrelaxed_rank_010_alphafold2_multimer_v3_model_4_seed_002.pdb,4.998620986938477
minniefold,mia40-scenario17_0_unrelaxed_rank_011_alphafold2_multimer_v3_model_2_seed_002.pdb,4.990342617034912
minniefold,mia40-scenario17_0_unrelaxed_rank_012_alphafold2_multimer_v3_model_3_seed_002.pdb,4.853389739990234
minniefold,mia40-scenario17_0_unrelaxed_rank_013_alphafold2_multimer_v3_model_1_seed_003.pdb,5.152613162994385
minniefold,mia40-scenario17_0_unrelaxed_rank_014_alphafold2_multimer_v3_model_2_seed_001.pdb,5.037347316741943
minniefold,mia40-scenario17_0_unrelaxed_rank_015_alphafold2_multimer_v3_model_5_seed_001.pdb,4.955992221832275
minniefold,mia40-scenario17_0_unrelaxed_rank_016_alphafold2_multimer_v3_model_5_seed_003.pdb,5.205721378326416
minniefold,mia40-scenario17_0_unrelaxed_rank_017_alphafold2_multimer_v3_model_3_seed_001.pdb,4.882170677185059
minniefold,mia40-scenario17_0_unrelaxed_rank_018_alphafold2_multimer_v3_model_2_seed_003.pdb,5.480154991149902
minniefold,mia40-scenario17_0_unrelaxed_rank_019_alphafold2_multimer_v3_model_3_seed_003.pdb,5.234221935272217
minniefold,mia40-scenario17_0_unrelaxed_rank_020_alphafold2_multimer_v3_model_4_seed_003.pdb,5.420592308044434
minniefold,mia40-scenario18_0_unrelaxed_rank_001_alphafold2_multimer_v3_model_1_seed_003.pdb,5.092720985412598
minniefold,mia40-scenario18_0_unrelaxed_rank_002_alphafold2_multimer_v3_model_1_seed_000.pdb,4.9278411865234375
minniefold,mia40-scenario18_0_unrelaxed_rank_003_alphafold2_multimer_v3_model_1_seed_001.pdb,4.843740940093994
minniefold,mia40-scenario18_0_unrelaxed_rank_004_alphafold2_multimer_v3_model_5_seed_003.pdb,5.056915283203125
minniefold,mia40-scenario18_0_unrelaxed_rank_005_alphafold2_multimer_v3_model_4_seed_001.pdb,4.9059576988220215
minniefold,mia40-scenario18_0_unrelaxed_rank_006_alphafold2_multimer_v3_model_5_seed_001.pdb,5.055171012878418
minniefold,mia40-scenario18_0_unrelaxed_rank_007_alphafold2_multimer_v3_model_4_seed_002.pdb,5.138473510742188
minniefold,mia40-scenario18_0_unrelaxed_rank_008_alphafold2_multimer_v3_model_4_seed_003.pdb,5.184427261352539
minniefold,mia40-scenario18_0_unrelaxed_rank_009_alphafold2_multimer_v3_model_3_seed_001.pdb,4.862547397613525
minniefold,mia40-scenario18_0_unrelaxed_rank_010_alphafold2_multimer_v3_model_2_seed_001.pdb,4.907756328582764
minniefold,mia40-scenario18_0_unrelaxed_rank_011_alphafold2_multimer_v3_model_5_seed_002.pdb,4.983715534210205
minniefold,mia40-scenario18_0_unrelaxed_rank_012_alphafold2_multimer_v3_model_1_seed_002.pdb,5.0988945960998535
minniefold,mia40-scenario18_0_unrelaxed_rank_013_alphafold2_multimer_v3_model_4_seed_000.pdb,5.025060653686523
minniefold,mia40-scenario18_0_unrelaxed_rank_014_alphafold2_multimer_v3_model_5_seed_000.pdb,5.005401134490967
minniefold,mia40-scenario18_0_unrelaxed_rank_015_alphafold2_multimer_v3_model_3_seed_003.pdb,5.082576751708984
minniefold,mia40-scenario18_0_unrelaxed_rank_016_alphafold2_multimer_v3_model_3_seed_002.pdb,5.115865230560303
minniefold,mia40-scenario18_0_unrelaxed_rank_017_alphafold2_multimer_v3_model_2_seed_003.pdb,5.294375419616699
minniefold,mia40-scenario18_0_unrelaxed_rank_018_alphafold2_multimer_v3_model_2_seed_002.pdb,5.4249701499938965
minniefold,mia40-scenario18_0_unrelaxed_rank_019_alphafold2_multimer_v3_model_2_seed_000.pdb,5.529297351837158
minniefold,mia40-scenario18_0_unrelaxed_rank_020_alphafold2_multimer_v3_model_3_seed_000.pdb,5.321211814880371
minniefold,mia40-scenario19_0_unrelaxed_rank_001_alphafold2_ptm_model_1_seed_003.pdb,5.5553131103515625
minniefold,mia40-scenario19_0_unrelaxed_rank_002_alphafold2_ptm_model_1_seed_000.pdb,5.428911685943604
minniefold,mia40-scenario19_0_unrelaxed_rank_003_alphafold2_ptm_model_2_seed_003.pdb,5.351360321044922
minniefold,mia40-scenario19_0_unrelaxed_rank_004_alphafold2_ptm_model_4_seed_003.pdb,5.313802719116211
minniefold,mia40-scenario19_0_unrelaxed_rank_005_alphafold2_ptm_model_1_seed_002.pdb,5.603945255279541
minniefold,mia40-scenario19_0_unrelaxed_rank_006_alphafold2_ptm_model_1_seed_001.pdb,5.504134654998779
minniefold,mia40-scenario19_0_unrelaxed_rank_007_alphafold2_ptm_model_2_seed_000.pdb,5.178534030914307
minniefold,mia40-scenario19_0_unrelaxed_rank_008_alphafold2_ptm_model_4_seed_002.pdb,5.305046558380127
minniefold,mia40-scenario19_0_unrelaxed_rank_009_alphafold2_ptm_model_4_seed_001.pdb,5.3119282722473145
minniefold,mia40-scenario19_0_unrelaxed_rank_010_alphafold2_ptm_model_2_seed_001.pdb,5.289984226226807
minniefold,mia40-scenario19_0_unrelaxed_rank_011_alphafold2_ptm_model_2_seed_002.pdb,5.3614935874938965
minniefold,mia40-scenario19_0_unrelaxed_rank_012_alphafold2_ptm_model_3_seed_003.pdb,5.208192825317383
minniefold,mia40-scenario19_0_unrelaxed_rank_013_alphafold2_ptm_model_4_seed_000.pdb,5.152034282684326
minniefold,mia40-scenario19_0_unrelaxed_rank_014_alphafold2_ptm_model_3_seed_001.pdb,5.128418445587158
minniefold,mia40-scenario19_0_unrelaxed_rank_015_alphafold2_ptm_model_3_seed_000.pdb,5.084278583526611
minniefold,mia40-scenario19_0_unrelaxed_rank_016_alphafold2_ptm_model_3_seed_002.pdb,5.03803300857544
minniefold,mia40-scenario19_0_unrelaxed_rank_017_alphafold2_ptm_model_5_seed_000.pdb,4.89427375793457
minniefold,mia40-scenario19_0_unrelaxed_rank_018_alphafold2_ptm_model_5_seed_002.pdb,5.116874694824219
minniefold,mia40-scenario19_0_unrelaxed_rank_019_alphafold2_ptm_model_5_seed_001.pdb,4.951242446899414
minniefold,mia40-scenario19_0_unrelaxed_rank_020_alphafold2_ptm_model_5_seed_003.pdb,5.121309280395508
minniefold,mia40-scenario20_0_unrelaxed_rank_001_alphafold2_ptm_model_1_seed_000.pdb,5.387629985809326
minniefold,mia40-scenario20_0_unrelaxed_rank_002_alphafold2_ptm_model_1_seed_003.pdb,5.570526123046875
minniefold,mia40-scenario20_0_unrelaxed_rank_003_alphafold2_ptm_model_2_seed_003.pdb,5.3901896476745605
minniefold,mia40-scenario20_0_unrelaxed_rank_004_alphafold2_ptm_model_2_seed_000.pdb,5.119441032409668
minniefold,mia40-scenario20_0_unrelaxed_rank_005_alphafold2_ptm_model_1_seed_002.pdb,5.479581832885742
minniefold,mia40-scenario20_0_unrelaxed_rank_006_alphafold2_ptm_model_2_seed_001.pdb,5.275533676147461
minniefold,mia40-scenario20_0_unrelaxed_rank_007_alphafold2_ptm_model_1_seed_001.pdb,5.393970489501953
minniefold,mia40-scenario20_0_unrelaxed_rank_008_alphafold2_ptm_model_2_seed_002.pdb,5.278052806854248
minniefold,mia40-scenario20_0_unrelaxed_rank_009_alphafold2_ptm_model_4_seed_003.pdb,5.324680328369141
minniefold,mia40-scenario20_0_unrelaxed_rank_010_alphafold2_ptm_model_4_seed_002.pdb,5.143745422363281
minniefold,mia40-scenario20_0_unrelaxed_rank_011_alphafold2_ptm_model_4_seed_001.pdb,5.272247791290283
minniefold,mia40-scenario20_0_unrelaxed_rank_012_alphafold2_ptm_model_4_seed_000.pdb,5.134281635284424
minniefold,mia40-scenario20_0_unrelaxed_rank_013_alphafold2_ptm_model_3_seed_000.pdb,5.100528240203857
minniefold,mia40-scenario20_0_unrelaxed_rank_014_alphafold2_ptm_model_3_seed_003.pdb,5.250479698181152
minniefold,mia40-scenario20_0_unrelaxed_rank_015_alphafold2_ptm_model_3_seed_002.pdb,4.992905616760254
minniefold,mia40-scenario20_0_unrelaxed_rank_016_alphafold2_ptm_model_3_seed_001.pdb,5.039356708526611
minniefold,mia40-scenario20_0_unrelaxed_rank_017_alphafold2_ptm_model_5_seed_002.pdb,4.94060754776001
minniefold,mia40-scenario20_0_unrelaxed_rank_018_alphafold2_ptm_model_5_seed_000.pdb,4.786536693572998
minniefold,mia40-scenario20_0_unrelaxed_rank_019_alphafold2_ptm_model_5_seed_001.pdb,4.877492904663086
minniefold,mia40-scenario20_0_unrelaxed_rank_020_alphafold2_ptm_model_5_seed_003.pdb,5.190402030944824
minniefold,mia40-scenario21_0_unrelaxed_rank_001_alphafold2_ptm_model_2_seed_002.pdb,5.27564811706543
minniefold,mia40-scenario21_0_unrelaxed_rank_002_alphafold2_ptm_model_1_seed_002.pdb,5.415245056152344
minniefold,mia40-scenario21_0_unrelaxed_rank_003_alphafold2_ptm_model_1_seed_001.pdb,5.459853649139404
minniefold,mia40-scenario21_0_unrelaxed_rank_004_alphafold2_ptm_model_2_seed_003.pdb,5.134117126464844
minniefold,mia40-scenario21_0_unrelaxed_rank_005_alphafold2_ptm_model_1_seed_000.pdb,5.471896171569824
minniefold,mia40-scenario21_0_unrelaxed_rank_006_alphafold2_ptm_model_4_seed_001.pdb,5.243849754333496
minniefold,mia40-scenario21_0_unrelaxed_rank_007_alphafold2_ptm_model_1_seed_003.pdb,5.453051090240479
minniefold,mia40-scenario21_0_unrelaxed_rank_008_alphafold2_ptm_model_2_seed_001.pdb,5.26744270324707
minniefold,mia40-scenario21_0_unrelaxed_rank_009_alphafold2_ptm_model_4_seed_000.pdb,5.203653335571289
minniefold,mia40-scenario21_0_unrelaxed_rank_010_alphafold2_ptm_model_4_seed_002.pdb,5.167967319488525
minniefold,mia40-scenario21_0_unrelaxed_rank_011_alphafold2_ptm_model_4_seed_003.pdb,5.060340881347656
minniefold,mia40-scenario21_0_unrelaxed_rank_012_alphafold2_ptm_model_2_seed_000.pdb,5.2691969871521
minniefold,mia40-scenario21_0_unrelaxed_rank_013_alphafold2_ptm_model_3_seed_000.pdb,5.100088119506836
minniefold,mia40-scenario21_0_unrelaxed_rank_014_alphafold2_ptm_model_3_seed_001.pdb,4.930767059326172
minniefold,mia40-scenario21_0_unrelaxed_rank_015_alphafold2_ptm_model_3_seed_002.pdb,5.011343002319336
minniefold,mia40-scenario21_0_unrelaxed_rank_016_alphafold2_ptm_model_5_seed_000.pdb,4.960026264190674
minniefold,mia40-scenario21_0_unrelaxed_rank_017_alphafold2_ptm_model_5_seed_001.pdb,4.932602882385254
minniefold,mia40-scenario21_0_unrelaxed_rank_018_alphafold2_ptm_model_3_seed_003.pdb,5.036449432373047
minniefold,mia40-scenario21_0_unrelaxed_rank_019_alphafold2_ptm_model_5_seed_002.pdb,5.000348567962647
minniefold,mia40-scenario21_0_unrelaxed_rank_020_alphafold2_ptm_model_5_seed_003.pdb,4.958270072937012
minniefold,mia40-scenario22_0_unrelaxed_rank_001_alphafold2_ptm_model_2_seed_003.pdb,5.1270294189453125
minniefold,mia40-scenario22_0_unrelaxed_rank_002_alphafold2_ptm_model_1_seed_002.pdb,5.410472393035889
minniefold,mia40-scenario22_0_unrelaxed_rank_003_alphafold2_ptm_model_4_seed_003.pdb,5.070247173309326
minniefold,mia40-scenario22_0_unrelaxed_rank_004_alphafold2_ptm_model_2_seed_002.pdb,5.207474708557129
minniefold,mia40-scenario22_0_unrelaxed_rank_005_alphafold2_ptm_model_1_seed_003.pdb,5.468011856079102
minniefold,mia40-scenario22_0_unrelaxed_rank_006_alphafold2_ptm_model_1_seed_000.pdb,5.484982967376709
minniefold,mia40-scenario22_0_unrelaxed_rank_007_alphafold2_ptm_model_1_seed_001.pdb,5.60368013381958
minniefold,mia40-scenario22_0_unrelaxed_rank_008_alphafold2_ptm_model_2_seed_001.pdb,5.236594676971436
minniefold,mia40-scenario22_0_unrelaxed_rank_009_alphafold2_ptm_model_4_seed_002.pdb,5.246884346008301
minniefold,mia40-scenario22_0_unrelaxed_rank_010_alphafold2_ptm_model_2_seed_000.pdb,5.313953399658203
minniefold,mia40-scenario22_0_unrelaxed_rank_011_alphafold2_ptm_model_3_seed_003.pdb,5.0455851554870605
minniefold,mia40-scenario22_0_unrelaxed_rank_012_alphafold2_ptm_model_4_seed_000.pdb,5.322427749633789
minniefold,mia40-scenario22_0_unrelaxed_rank_013_alphafold2_ptm_model_5_seed_003.pdb,4.962173461914063
minniefold,mia40-scenario22_0_unrelaxed_rank_014_alphafold2_ptm_model_4_seed_001.pdb,5.314765930175781
minniefold,mia40-scenario22_0_unrelaxed_rank_015_alphafold2_ptm_model_3_seed_002.pdb,5.097866058349609
minniefold,mia40-scenario22_0_unrelaxed_rank_016_alphafold2_ptm_model_3_seed_000.pdb,5.1528000831604
minniefold,mia40-scenario22_0_unrelaxed_rank_017_alphafold2_ptm_model_3_seed_001.pdb,5.154404640197754
minniefold,mia40-scenario22_0_unrelaxed_rank_018_alphafold2_ptm_model_5_seed_000.pdb,5.148168563842773
minniefold,mia40-scenario22_0_unrelaxed_rank_019_alphafold2_ptm_model_5_seed_002.pdb,5.079757213592529
minniefold,mia40-scenario22_0_unrelaxed_rank_020_alphafold2_ptm_model_5_seed_001.pdb,5.157320499420166
minniefold,mia40-scenario23_0_unrelaxed_rank_001_alphafold2_ptm_model_2_seed_001.pdb,5.2369232177734375
minniefold,mia40-scenario23_0_unrelaxed_rank_002_alphafold2_ptm_model_2_seed_002.pdb,5.299582004547119
minniefold,mia40-scenario23_0_unrelaxed_rank_003_alphafold2_ptm_model_2_seed_003.pdb,5.110959529876709
minniefold,mia40-scenario23_0_unrelaxed_rank_004_alphafold2_ptm_model_1_seed_002.pdb,5.418424129486084
minniefold,mia40-scenario23_0_unrelaxed_rank_005_alphafold2_ptm_model_4_seed_003.pdb,5.039870738983154
minniefold,mia40-scenario23_0_unrelaxed_rank_006_alphafold2_ptm_model_1_seed_001.pdb,5.469018459320068
minniefold,mia40-scenario23_0_unrelaxed_rank_007_alphafold2_ptm_model_1_seed_003.pdb,5.319671630859375
minniefold,mia40-scenario23_0_unrelaxed_rank_008_alphafold2_ptm_model_4_seed_000.pdb,5.245274543762207
minniefold,mia40-scenario23_0_unrelaxed_rank_009_alphafold2_ptm_model_1_seed_000.pdb,5.447877883911133
minniefold,mia40-scenario23_0_unrelaxed_rank_010_alphafold2_ptm_model_4_seed_001.pdb,5.097672462463379
minniefold,mia40-scenario23_0_unrelaxed_rank_011_alphafold2_ptm_model_2_seed_000.pdb,5.238814830780029
minniefold,mia40-scenario23_0_unrelaxed_rank_012_alphafold2_ptm_model_4_seed_002.pdb,5.238360404968262
minniefold,mia40-scenario23_0_unrelaxed_rank_013_alphafold2_ptm_model_3_seed_000.pdb,5.04774808883667
minniefold,mia40-scenario23_0_unrelaxed_rank_014_alphafold2_ptm_model_3_seed_001.pdb,4.978894710540772
minniefold,mia40-scenario23_0_unrelaxed_rank_015_alphafold2_ptm_model_3_seed_003.pdb,5.114380836486816
minniefold,mia40-scenario23_0_unrelaxed_rank_016_alphafold2_ptm_model_5_seed_002.pdb,5.062166213989258
minniefold,mia40-scenario23_0_unrelaxed_rank_017_alphafold2_ptm_model_5_seed_001.pdb,5.006807327270508
minniefold,mia40-scenario23_0_unrelaxed_rank_018_alphafold2_ptm_model_5_seed_003.pdb,4.923976421356201
minniefold,mia40-scenario23_0_unrelaxed_rank_019_alphafold2_ptm_model_3_seed_002.pdb,5.019196033477783
minniefold,mia40-scenario23_0_unrelaxed_rank_020_alphafold2_ptm_model_5_seed_000.pdb,4.898096561431885
minniefold,mia40-scenario24_0_unrelaxed_rank_001_alphafold2_ptm_model_2_seed_001.pdb,5.226640701293945
minniefold,mia40-scenario24_0_unrelaxed_rank_002_alphafold2_ptm_model_2_seed_000.pdb,5.0931596755981445
minniefold,mia40-scenario24_0_unrelaxed_rank_003_alphafold2_ptm_model_2_seed_003.pdb,5.182902812957764
minniefold,mia40-scenario24_0_unrelaxed_rank_004_alphafold2_ptm_model_4_seed_003.pdb,5.00750207901001
minniefold,mia40-scenario24_0_unrelaxed_rank_005_alphafold2_ptm_model_2_seed_002.pdb,5.264829635620117
minniefold,mia40-scenario24_0_unrelaxed_rank_006_alphafold2_ptm_model_1_seed_002.pdb,5.468947410583496
minniefold,mia40-scenario24_0_unrelaxed_rank_007_alphafold2_ptm_model_1_seed_001.pdb,5.443368911743164
minniefold,mia40-scenario24_0_unrelaxed_rank_008_alphafold2_ptm_model_1_seed_003.pdb,5.380361557006836
minniefold,mia40-scenario24_0_unrelaxed_rank_009_alphafold2_ptm_model_4_seed_002.pdb,5.264502048492432
minniefold,mia40-scenario24_0_unrelaxed_rank_010_alphafold2_ptm_model_1_seed_000.pdb,5.355029582977295
minniefold,mia40-scenario24_0_unrelaxed_rank_011_alphafold2_ptm_model_4_seed_000.pdb,5.169282913208008
minniefold,mia40-scenario24_0_unrelaxed_rank_012_alphafold2_ptm_model_3_seed_003.pdb,4.89857816696167
minniefold,mia40-scenario24_0_unrelaxed_rank_013_alphafold2_ptm_model_3_seed_000.pdb,5.098403453826904
minniefold,mia40-scenario24_0_unrelaxed_rank_014_alphafold2_ptm_model_4_seed_001.pdb,5.270497798919678
minniefold,mia40-scenario24_0_unrelaxed_rank_015_alphafold2_ptm_model_5_seed_003.pdb,4.897425651550293
minniefold,mia40-scenario24_0_unrelaxed_rank_016_alphafold2_ptm_model_5_seed_000.pdb,4.996017932891846
minniefold,mia40-scenario24_0_unrelaxed_rank_017_alphafold2_ptm_model_3_seed_002.pdb,5.153598785400391
minniefold,mia40-scenario24_0_unrelaxed_rank_018_alphafold2_ptm_model_3_seed_001.pdb,5.109038352966309
minniefold,mia40-scenario24_0_unrelaxed_rank_019_alphafold2_ptm_model_5_seed_002.pdb,5.187089920043945
minniefold,mia40-scenario24_0_unrelaxed_rank_020_alphafold2_ptm_model_5_seed_001.pdb,5.139274597167969
